dataset,dataset_id,method,n_labeled,metric_accuracy_mean,metric_accuracy_std,metric_accuracy_count,metric_balanced_accuracy_mean,metric_balanced_accuracy_std,metric_balanced_accuracy_count,metric_macro_f1_mean,metric_macro_f1_std,metric_macro_f1_count,metric_f1_macro_mean,metric_f1_macro_std,metric_f1_macro_count,metric_roc_auc_mean,metric_roc_auc_std,metric_roc_auc_count,metric_average_precision_mean,metric_average_precision_std,metric_average_precision_count,metric_log_loss_mean,metric_log_loss_std,metric_log_loss_count,runtime_seconds_mean,runtime_seconds_std,runtime_seconds_count,n_pseudo_added_total_mean,n_pseudo_added_total_std,n_pseudo_added_total_count,pseudo_label_fraction_mean,pseudo_label_fraction_std,pseudo_label_fraction_count,n_expected_seeds,n_success_seeds,n_failed_seeds,success_rate,is_complete,rank_balanced_accuracy
MagicTelescope,1120,self_training_lr,50,0.7450052576235541,0.027445600706915187,3,0.7232708634135756,0.027587911341776107,3,0.7220634119827665,0.028647364305592726,3,0.7220634119827665,0.028647364305592726,3,0.7751557201861611,0.027585580766536524,3,0.683857410683435,0.08013692860651751,3,0.9946734110514323,0.18662244164825853,3,0.5751333333333334,0.15864943533884174,3,4901.0,150.34294130420622,3,0.32315706184887244,0.009913157147844295,3,3,3,0,1.0,True,1.0
MagicTelescope,1120,xgboost,100,0.797932001402033,0.021327965396949852,3,0.7593065390355168,0.032411754147189796,3,0.768136459590231,0.02933603983149743,3,0.768136459590231,0.02933603983149743,3,0.8326094375282618,0.0308835470851577,3,0.7839143390086863,0.028711926851575052,3,0.5299284259478251,0.0572051092958136,3,1.7440333333333335,0.3890255304389846,3,,,0,,,0,3,3,0,1.0,True,1.0
MagicTelescope,1120,self_training_lightgbm,250,0.8281633368384158,0.009391642393594777,3,0.8035916263879342,0.009734492562085105,3,0.8083451969299155,0.009448684490364921,3,0.8083451969299155,0.009448684490364921,3,0.8796105358738333,0.005261237523280108,3,0.8386913742952714,0.0071337545228963494,3,1.0730208276384325,0.035701860324566806,3,10.908133333333334,1.4384430657253455,3,3000.0,0.0,3,0.2004543632233061,0.0,3,3,3,0,1.0,True,1.0
MagicTelescope,1120,rpl_lite_xgboost,500,0.838503329828251,0.016038624601180183,3,0.8136179697094233,0.02155775227916516,3,0.8192583085749651,0.019616329355979463,3,0.8192583085749651,0.019616329355979463,3,0.8941116877627412,0.012751573374579644,3,0.8538202987822768,0.016393804088710256,3,0.5079838633537292,0.05612950200386871,3,13.441899999999999,0.20917820154117397,3,3000.0,0.0,3,0.2038597444957869,0.0,3,3,3,0,1.0,True,1.0
adult,1590,self_training_lr,50,0.7699525710581089,0.012706552142058507,3,0.7387108149082383,0.015377647987818415,3,0.7126799351508443,0.0019404346606171645,3,0.7126799351508443,0.0019404346606171645,3,0.8333329783902599,0.008368762310797482,3,0.6061302147461035,0.03440033376169163,3,0.6754955252011617,0.0233462105406119,3,0.8656666666666667,0.11383164469220904,3,4977.0,39.83716857408418,3,0.127540168618507,0.0010208638129842428,3,3,3,0,1.0,True,1.0
adult,1590,self_training_lr,100,0.7831576073975501,0.004321597892845798,3,0.7493449669475091,0.018574663738849438,3,0.7261131561582025,0.010259251604300497,3,0.7261131561582025,0.010259251604300497,3,0.8411271925265336,0.02154336051228119,3,0.6372807424921126,0.03494038811196273,3,0.6181125044822693,0.0557892275584783,3,0.7667,0.022507998578283235,3,5000.0,0.0,3,0.1282939470915762,0.0,3,3,3,0,1.0,True,1.0
adult,1590,sslae,250,0.7906643464018835,0.014956799057467433,3,0.7593604244305667,0.025963570455910665,3,0.7355310925548021,0.020321759721841737,3,0.7355310925548021,0.020321759721841737,3,0.8583438214215015,0.02214422589661407,3,0.6627860446566526,0.05449893720904853,3,0.42537027734617716,0.031425333041961157,3,214.51826666666668,156.2588496517984,3,,,0,,,0,3,3,0,1.0,True,1.0
adult,1590,self_training_lr,500,0.8301770907974203,0.005729676310433671,3,0.7727274846466017,0.002025365538142882,3,0.7695245560499345,0.004677593753747868,3,0.7695245560499345,0.004677593753747868,3,0.8862585400742433,0.005616747078919775,3,0.7224747800955087,0.0037252039605372815,3,0.41040416558583576,0.012480681712641835,3,0.9607,0.10127047941033944,3,5000.0,0.0,3,0.1296243486376481,0.0,3,3,3,0,1.0,True,1.0
bank-marketing,1461,self_training_lr,50,0.7678867632422869,0.050540560832955904,3,0.7075835717490143,0.03155240889542126,3,0.6242402786815614,0.04365657790411162,3,0.6242402786815614,0.04365657790411162,3,0.7912717567872022,0.04652595869234727,3,0.3227158332006876,0.04476228181438006,3,0.8324987292289734,0.13902639342049328,3,0.7049666666666666,0.12628991778179816,3,4776.666666666667,49.74267115197308,3,0.13225169352308172,0.0013772266225143379,3,3,3,0,1.0,True,1.0
bank-marketing,1461,self_training_lr,100,0.8145526926904788,0.011587998089526135,3,0.7331881730039665,0.004562192729748366,3,0.6653712293475035,0.00965108549930947,3,0.6653712293475035,0.00965108549930947,3,0.8099669986138945,0.01147058724834961,3,0.36539342019405946,0.037472438330170006,3,0.6879122654596964,0.04216344135059319,3,0.8451666666666666,0.04520235982040466,3,4832.666666666667,165.0494875282359,3,0.13398765295183168,0.004576064309865705,3,3,3,0,1.0,True,1.0
bank-marketing,1461,self_training_lightgbm,250,0.8480961332891002,0.0023019639494262136,3,0.7454859043756823,0.022059665440703716,3,0.6977450547198609,0.011681558290157597,3,0.6977450547198609,0.011681558290157597,3,0.8455364283772465,0.02040705458657402,3,0.43040402167941494,0.019582927184202275,3,1.1171573844041773,0.08628051818964903,3,16.4985,1.1602187854021326,3,3000.0,0.0,3,0.0835235814911743,0.0,3,3,3,0,1.0,True,1.0
bank-marketing,1461,self_training_lightgbm,500,0.8723506211065649,0.003577029317397057,3,0.7430944086640081,0.014127376628113402,3,0.7195901670602494,0.006460327000039731,3,0.7195901670602494,0.006460327000039731,3,0.8633483386264179,0.014289704830286614,3,0.45626302414105235,0.010357430159089204,3,0.9530915184582787,0.021257121233642647,3,19.426233333333332,1.1571074813228586,3,3000.0,0.0,3,0.084109005270831,0.0,3,3,3,0,1.0,True,1.0
electricity,151,catboost,50,0.7000257457059841,0.040335161095255125,3,0.6957898048502075,0.030328383910640175,3,0.6933041293376251,0.03513679475395619,3,0.6933041293376251,0.03513679475395619,3,0.7502632804646229,0.028018109408267926,3,0.6938154010044345,0.027572205738927383,3,1.0805410701350058,0.15297460657057713,3,2.6989,1.008280099972225,3,,,0,,,0,3,3,0,1.0,True,1.0
electricity,151,self_training_lightgbm,100,0.7409614182206039,0.023645809073989624,3,0.7328702836253171,0.017920189500503034,3,0.7336640603800756,0.020673236670763703,3,0.7336640603800756,0.020673236670763703,3,0.8077314094092617,0.026401058981677567,3,0.769057949785349,0.029844308560950748,3,1.6961702537396075,0.2986176197374327,3,13.9495,0.45021018424731324,3,3000.0,0.0,3,0.0829898475753132,0.0,3,3,3,0,1.0,True,1.0
electricity,151,xgboost,250,0.7707160984221559,0.007084915704150362,3,0.7601897845186435,0.0041849539192320585,3,0.7625784990682393,0.005393831347501167,3,0.7625784990682393,0.005393831347501167,3,0.835253295739873,0.009274516041008148,3,0.7907206456123884,0.01629289294071717,3,0.6133858561515808,0.016638459250995292,3,2.3141,0.4120576537330668,3,,,0,,,0,3,3,0,1.0,True,1.0
electricity,151,self_training_xgboost,500,0.780609805436022,0.0053798858371331745,3,0.771591082748801,0.007187566335960288,3,0.7735457168218507,0.006431440085904766,3,0.7735457168218507,0.006431440085904766,3,0.8533628888494661,0.005801199409910194,3,0.8218821824560986,0.004534869609806638,3,0.6134775479634603,0.018212040558230457,3,11.884666666666666,0.827898594837153,3,3000.0,0.0,3,0.0839184312847911,0.0,3,3,3,0,1.0,True,1.0
jannis,41168,rpl_lite_xgboost,50,0.5057821301327601,0.047201694026756745,3,0.37092155152952994,0.03262002440618569,3,0.36721666271741465,0.03356980793244845,3,0.36721666271741465,0.03356980793244845,3,0.6423825275128562,0.02153889823740778,3,,,0,2.3494625091552734,0.187695413337259,3,39.760266666666666,0.28441118707486435,3,4369.666666666667,115.71660785441887,3,0.06528126369467346,0.0017287649075896192,3,3,3,0,1.0,True,1.0
jannis,41168,rpl_lite_xgboost,100,0.5185804422682669,0.026392539091632288,3,0.3976584376550236,0.02300260584255443,3,0.38538832166035286,0.022121251789417554,3,0.38538832166035286,0.022121251789417554,3,0.6712916167023368,0.012304090995464543,3,,,0,2.2188331286112466,0.08424278762042502,3,46.09826666666667,0.5672782768036663,3,4458.0,79.77468270071653,3,0.06665071913404894,0.001192696269783127,3,3,3,0,1.0,True,1.0
jannis,41168,self_training_lightgbm,250,0.5299058537847575,0.023460152644722284,3,0.4413369353810049,0.016531049929160144,3,0.42050724191585614,0.01488072178137177,3,0.42050724191585614,0.01488072178137177,3,0.7036834737553948,0.009268691234616815,3,,,0,3.474103164785266,0.22304080542899826,3,40.7525,3.611156838189116,3,5353.666666666667,502.23732769810476,3,0.0802215695676496,0.007525733152992454,3,3,3,0,1.0,True,1.0
jannis,41168,self_training_lightgbm,500,0.5792281204593858,0.011946367857038846,3,0.4477648649665075,0.007760739571011317,3,0.4410461002399279,0.006145791796771428,3,0.4410461002399279,0.006145791796771428,3,0.733657371807159,0.004079743348544521,3,,,0,2.897374400569771,0.13531090639058974,3,47.571666666666665,2.1275259489212672,3,4954.666666666667,396.6740895664014,3,0.07452195449668597,0.005966279962193521,3,3,3,0,1.0,True,1.0
phoneme,1489,rpl_lite_xgboost,50,0.7465309898242368,0.0009250693802035637,3,0.711785885345269,0.027985880250139587,3,0.7028589335389214,0.015264456338398794,3,0.7028589335389214,0.015264456338398794,3,0.7953036484053709,0.03792491087540759,3,0.5685573493427346,0.056331640514614874,3,1.1190165678660076,0.047713274984963236,3,7.5408,3.375462058740995,3,1993.6666666666667,159.92602456552632,3,0.46657305562056317,0.037427106146858465,3,3,3,0,1.0,True,1.0
phoneme,1489,rpl_lite_xgboost,100,0.7718162195497996,0.005652267277158061,3,0.7429015200312704,0.016027398840238773,3,0.7337969913052337,0.010788771994437812,3,0.7337969913052337,0.010788771994437812,3,0.8285312787311234,0.022841247296966297,3,0.60863787150921,0.06740464049960238,3,0.9353115757306417,0.15578950201842937,3,9.209666666666665,0.9259778957044996,3,2045.6666666666667,28.290163190291644,3,0.4844107664377615,0.006699067769427374,3,3,3,0,1.0,True,1.0
phoneme,1489,self_training_lightgbm,250,0.810977489978415,0.008342737748053438,3,0.7838339086439735,0.013829517849607884,3,0.7770445773940798,0.01129150156109806,3,0.7770445773940798,0.01129150156109806,3,0.8750942793752512,0.00888934443632855,3,0.7071505433003934,0.038416022946739244,3,1.3472009098223137,0.0786503183233282,3,15.2281,6.707845016844083,3,1989.0,0.0,3,0.4883378345200098,0.0,3,3,3,0,1.0,True,1.0
phoneme,1489,self_training_lightgbm,500,0.8368794326241135,0.01072176296682927,3,0.8000052300967292,0.01998551236057293,3,0.8017573847021695,0.015725735959320076,3,0.8017573847021695,0.015725735959320076,3,0.9004905280195551,0.006890552613072637,3,0.7675227281052853,0.008206050972091077,3,1.02971819700499,0.017310605641706747,3,13.688266666666665,3.4801230097991263,3,1867.0,0.0,3,0.4883599267590897,0.0,3,3,3,0,1.0,True,1.0
satimage,182,label_spreading,50,0.8297045101088646,0.026266478622168812,3,0.7877195170296765,0.020191987190246685,3,0.7940005356369819,0.024567212741800667,3,0.7940005356369819,0.024567212741800667,3,0.9619479652296534,0.012385983909853241,3,,,0,0.8525729738722787,0.14106754344956737,3,4.7369666666666665,2.5078813654822936,3,,,0,,,0,3,3,0,1.0,True,1.0
satimage,182,label_spreading,100,0.8413685847589424,0.016458795092159164,3,0.8081924571036257,0.025561006338425427,3,0.8125612705705972,0.022170482906786793,3,0.8125612705705972,0.022170482906786793,3,0.9723986996394492,0.003078368790833486,3,,,0,0.5526585311929179,0.07708132221778173,3,2.5520666666666667,0.7884718532283401,3,,,0,,,0,3,3,0,1.0,True,1.0
satimage,182,label_spreading,250,0.8561430793157075,0.006172048159559753,3,0.8314496966165215,0.010706888706629671,3,0.8340348949218933,0.00673095498904032,3,0.8340348949218933,0.00673095498904032,3,0.9737113143094688,0.0025455686218735034,3,,,0,0.6447236826213821,0.1819999984264296,3,1.9155333333333333,0.6244592887717608,3,,,0,,,0,3,3,0,1.0,True,1.0
satimage,182,label_propagation,500,0.8574390876101607,0.014471254382797219,3,0.8409827960275974,0.017187740780748043,3,0.8401977614977695,0.015157269122010536,3,0.8401977614977695,0.015157269122010536,3,0.9788546897683217,0.003314807676694149,3,,,0,0.39679899544450664,0.023475968201213053,3,2.4336333333333333,0.2927851829128881,3,,,0,,,0,3,3,0,1.0,True,1.0
segment,36,catboost,50,0.8463203463203463,0.020648034662704377,3,0.8463203463203463,0.02064803466270446,3,0.8453346381990494,0.019516723768780938,3,0.8453346381990494,0.019516723768780938,3,0.9805905374087192,0.005388435410305783,3,,,0,0.5150725187135518,0.018294177133112547,3,3.9448000000000003,0.8511456514604303,3,,,0,,,0,3,3,0,1.0,True,1.0
segment,36,random_forest,100,0.8924963924963926,0.030636181451027658,3,0.8924963924963926,0.030636181451027658,3,0.8888557025238174,0.029902910392624545,3,0.8888557025238174,0.029902910392624545,3,0.9859817511332664,0.00604770862583222,3,,,0,0.38571009906580733,0.03713251580549879,3,1.279,0.2638005117508304,3,,,0,,,0,3,3,0,1.0,True,1.0
segment,36,catboost,250,0.9444444444444445,0.01391580196391478,3,0.9444444444444443,0.013915801963914709,3,0.9446769720435056,0.013361118910323738,3,0.9446769720435056,0.013361118910323738,3,0.995317533196321,0.0020975893697794366,3,,,0,0.19708616913056679,0.039985873530028596,3,10.469166666666666,0.5985026677746171,3,,,0,,,0,3,3,0,1.0,True,1.0
spambase,44,vime,50,0.8747737965979008,0.038331646557583185,3,0.8616763924681813,0.04782430816662003,3,0.8661842554480143,0.043401669311314596,3,0.8661842554480143,0.043401669311314596,3,0.93799842675698,0.027009221876119312,3,0.9048730223610452,0.04433558077583886,3,0.4334029030031501,0.03245424166081726,3,31.847633333333334,8.812147310010957,3,,,0,,,0,3,3,0,1.0,True,1.0
spambase,44,random_forest,100,0.9022801302931596,0.022801302931596087,3,0.8858205713044423,0.03262009797823485,3,0.8942626353813664,0.027322293408554427,3,0.8942626353813664,0.027322293408554427,3,0.9555517705566583,0.00872930039084946,3,0.9490916302684774,0.009325723312688269,3,0.3196746000584474,0.022104301537584328,3,3.3622,2.08542376269189,3,,,0,,,0,3,3,0,1.0,True,1.0
spambase,44,sslae,250,0.9145855953673543,0.022602236693443342,3,0.9108978346515003,0.024088752269611293,3,0.9105946945051294,0.02366234051024575,3,0.9105946945051294,0.02366234051024575,3,0.9568641777830439,0.012240204530356371,3,0.9166513394299801,0.036031226359934346,3,0.31071401000547555,0.0658457051766842,3,20.072066666666668,5.582679306868104,3,,,0,,,0,3,3,0,1.0,True,1.0
spambase,44,catboost,500,0.941006152732537,0.00654474893956766,3,0.9359109175824719,0.011645431513448174,3,0.9378704427175721,0.007508866406722797,3,0.9378704427175721,0.007508866406722797,3,0.9772965892222979,0.004803777378350503,3,0.9652891069554096,0.011352305337403166,3,0.18287702679262297,0.016689147564967276,3,6.421733333333333,1.2854745984784501,3,,,0,,,0,3,3,0,1.0,True,1.0
steel-plates-fault,40982,logistic_regression,50,0.5878320479862896,0.04665178265232635,3,0.6295294924837531,0.03209711563592314,3,0.5865114018335192,0.06331320226782329,3,0.5865114018335192,0.06331320226782329,3,0.8683784585467138,0.012855288751326526,3,,,0,1.3307292064030964,0.18120886490208668,3,0.07976666666666667,0.004306197084822448,3,,,0,,,0,3,3,0,1.0,True,1.0
steel-plates-fault,40982,logistic_regression,100,0.62382176520994,0.032550848180329994,3,0.6599676797567358,0.04161685361239049,3,0.6245886260293139,0.0509578431885827,3,0.6245886260293139,0.0509578431885827,3,0.8831969264277459,0.011493851029001903,3,,,0,1.2000418504079182,0.13903373964786298,3,0.08686666666666666,0.009263548636096934,3,,,0,,,0,3,3,0,1.0,True,1.0
steel-plates-fault,40982,xgboost,250,0.6872322193658954,0.029572294647364876,3,0.7110170164159304,0.01133409863064895,3,0.7152644202384835,0.011270933387625706,3,0.7152644202384835,0.011270933387625706,3,0.9244478792225898,0.010960123735451016,3,,,0,0.8919530709584554,0.10441760922030946,3,6.720366666666667,0.39732005151179234,3,,,0,,,0,3,3,0,1.0,True,1.0
steel-plates-fault,40982,self_training_lightgbm,500,0.731790916880891,0.03499670583832416,3,0.7445530538105727,0.0217936485833391,3,0.7588393675641063,0.027952044814842206,3,0.7588393675641063,0.027952044814842206,3,0.9389496683599673,0.008431151705687596,3,,,0,1.5180925084932835,0.1790250333682583,3,38.709133333333334,1.7533635171673105,3,515.0,0.0,3,0.4895437262357414,0.0,3,3,3,0,1.0,True,1.0
