dataset,ssl_method,supervised_method,n_labeled,delta_balanced_accuracy_mean,delta_balanced_accuracy_std,delta_macro_f1_mean,delta_macro_f1_std,delta_roc_auc_mean,delta_roc_auc_std,runtime_ratio_ssl_over_sup_mean,pseudo_label_fraction_mean,n_paired_seeds,n_expected_seeds,pair_complete,comparison_warning
MagicTelescope,rpl_lite_xgboost,xgboost,50,0.0027976898373939982,0.009036456184101897,-0.0030627162668733408,0.008404965006314918,-0.01851038599290163,0.0105063121172134,8.054949354101977,0.1978108927864961,3,3,True,
MagicTelescope,rpl_lite_xgboost,xgboost,100,-0.009404735493897864,0.01198790240632891,-0.017555359979218383,0.01536053563210096,-0.011321132322354285,0.007857209158439068,6.1312992893916345,0.1984652024345065,3,3,True,
MagicTelescope,rpl_lite_xgboost,xgboost,250,0.0047246437953779585,0.010909509408963325,-0.0022798023940703294,0.010459119226570283,-0.0043151382973865005,0.007888224020360683,4.733670484121261,0.2004543632233061,3,3,True,
MagicTelescope,rpl_lite_xgboost,xgboost,500,0.003166532707300681,0.004472349992042073,-0.001973260248917271,0.003244272449392414,-8.279012103214652e-05,0.0028205575177544812,8.291264805231556,0.2038597444957869,3,3,True,
MagicTelescope,rpl_lr,logistic_regression,50,-0.01353716978410117,0.002244073763670824,-0.012590516590545664,0.002242886156438198,0.004619830188824133,0.009735807777688852,1.5879606190339974,,3,3,True,
MagicTelescope,rpl_lr,logistic_regression,100,-0.0018202713859157098,0.012623277303584455,0.0005194640582834772,0.012924621720380336,-0.0005429092256582871,0.0070352567496439755,2.025865285385409,,3,3,True,
MagicTelescope,rpl_lr,logistic_regression,250,-0.00048734538603937655,0.0049874156496758195,0.0009803850347747851,0.005672378046601513,0.0027383375541646013,0.0020321336978455337,2.6116421556694274,,3,3,True,
MagicTelescope,rpl_lr,logistic_regression,500,-0.0012189696160760377,0.003021851105180367,-0.0003233835469320286,0.0025255192730208264,0.0018527509758021015,0.001506571224285182,1.6659198058043059,,3,3,True,
MagicTelescope,self_training_catboost,catboost,50,0.0009365032604860731,0.001194783083460492,0.005356784082609904,0.007024705847076806,0.009304619557420865,0.0197094019537287,0.34240404553335063,0.0,3,3,True,
MagicTelescope,self_training_catboost,catboost,100,-0.0019166493913637488,0.011293781490478588,0.00297870993369335,0.00798603375735162,0.008036753762480106,0.008970027948025046,0.4947025235740008,0.0,3,3,True,
MagicTelescope,self_training_catboost,catboost,250,-0.01243882421257958,0.007358985842513052,-0.008801455030637376,0.004629372880953425,0.003795616396949845,0.0010505509447974505,0.41614369685746144,0.0,3,3,True,
MagicTelescope,self_training_catboost,catboost,500,-0.015458971458775062,0.0052735939506769304,-0.012674360881576622,0.004935270373270007,-0.00010092413778043745,0.002876856589985148,0.49839612893962765,0.0,3,3,True,
MagicTelescope,self_training_lightgbm,lightgbm,50,0.0,0.0,0.0,0.0,0.0,0.0,0.6821357612468272,0.0,3,3,True,
MagicTelescope,self_training_lightgbm,lightgbm,100,0.011157117970315563,0.005261224394266434,0.0061412708157743134,0.008458853821060838,0.010284058512157931,0.007663236589386939,8.832678927561437,0.1984652024345065,3,3,True,
MagicTelescope,self_training_lightgbm,lightgbm,250,0.00856945944668123,0.004079994182084545,0.005499792544625293,0.003647978897218985,0.007834753949174692,0.006685358439421573,5.4432325335020195,0.2004543632233061,3,3,True,
MagicTelescope,self_training_lightgbm,lightgbm,500,0.005540219935820767,0.006708990571483622,0.0030117544579142397,0.005941870835336731,0.0033362549810456166,0.004079770324693175,5.474720141578427,0.2038597444957869,3,3,True,
MagicTelescope,self_training_lr,logistic_regression,50,0.021934482353126634,0.01054298975643936,0.010663130285180141,0.00795185556585571,-0.01007377463549112,0.011372001154367704,2.01450983241714,0.32315706184887244,3,3,True,
MagicTelescope,self_training_lr,logistic_regression,100,-0.0039790780928550635,0.019666150682584673,-0.01696817110567117,0.02361364601458152,-0.02150426669673174,0.02362419772966072,1.8731035533370346,0.30067478168827727,3,3,True,
MagicTelescope,self_training_lr,logistic_regression,250,0.007552944257143775,0.0031606637091175552,-0.0032718855107563374,0.004355327044280459,-0.008142527108081943,0.004009877480171623,2.046131212269331,0.3141342598779455,3,3,True,
MagicTelescope,self_training_lr,logistic_regression,500,0.0069201226364659085,0.0048634827957024784,-0.00029707537921297433,0.0057121529445569915,-0.005593662247017776,0.003492588730075328,1.9797675954617595,0.2912929238017577,3,3,True,
MagicTelescope,self_training_xgboost,xgboost,50,0.0009849953386990018,0.005425307190431619,-0.004032726466786614,0.00164124218666633,-0.020846845448876977,0.010809394956484416,2.4927776004915496,0.1935909270737175,3,3,True,
MagicTelescope,self_training_xgboost,xgboost,100,-0.011179242481000218,0.017329916947059276,-0.019869596729472343,0.02084130275490539,-0.01152959774608812,0.009544556831085967,2.412304271809189,0.1984652024345065,3,3,True,
MagicTelescope,self_training_xgboost,xgboost,250,0.00461856737428723,0.012522664171817287,-0.002902284262284449,0.012675870040245237,-0.004052624411477838,0.008408108565128086,2.661732516388961,0.2004543632233061,3,3,True,
MagicTelescope,self_training_xgboost,xgboost,500,0.0006222139785689492,0.007408950868171998,-0.004516778057257624,0.005892684695614133,-0.0007222794024644245,0.0038468828951305463,4.553541451686587,0.2038597444957869,3,3,True,
adult,rpl_lite_xgboost,xgboost,50,0.04268027376433092,0.014019796411455844,0.02872287387540377,0.019553915152645134,0.016846164256833385,0.005705928625902256,12.990003396351755,0.0768777387694436,3,3,True,
adult,rpl_lite_xgboost,xgboost,100,0.00814355486500895,0.00204935414546518,-0.006787675483107695,0.006168956627383365,-0.008215330110296811,0.007222504960448357,11.540658180787085,0.0769763682549457,3,3,True,
adult,rpl_lite_xgboost,xgboost,250,0.015042967106139912,0.009313653627699078,0.005629154838011852,0.005493541304236838,-0.00086649278677009,0.004360197084829178,9.643215803886031,0.0772737810061046,3,3,True,
adult,rpl_lite_xgboost,xgboost,500,0.024063701422347112,0.010527368059851024,0.015655387014425298,0.010109079770343305,0.003978125222918516,0.0039271244035240585,8.244634651596781,0.0777746091825888,3,3,True,
adult,rpl_lr,logistic_regression,50,-0.022923844910674673,0.008220480973394293,-0.016993009795173524,0.010046205657807646,-0.0018911942537439552,0.001759770942267977,1.4585839268194691,,3,3,True,
adult,rpl_lr,logistic_regression,100,-0.006866201081122088,0.010396384636964741,-0.0019288037847023192,0.010583600457702222,0.0010767150168201622,0.0064354663478858746,2.0253637444102046,,3,3,True,
adult,rpl_lr,logistic_regression,250,-0.008553063241224216,0.00653663646843266,-0.003396180517856654,0.006928758861929491,0.005092272344405162,0.003099939006993323,1.749699716923758,,3,3,True,
adult,rpl_lr,logistic_regression,500,-0.015696225443263472,0.004938927536902065,-0.011172082051111124,0.004176867160602528,-0.001412433605979498,0.0022176346597525963,2.164199385548233,,3,3,True,
adult,self_training_catboost,catboost,50,0.010217362533521531,0.013668314662921868,0.003998927754207589,0.017339097850206334,0.03028029912069663,0.02110562245043296,1.1737939640065604,0.0337664112617345,3,3,True,
adult,self_training_catboost,catboost,100,0.01681927492075456,0.010716932270896547,0.004364798436569191,0.02068358118305904,0.006487179437000353,0.01484743506066994,1.3646650578086763,0.0350755651348369,3,3,True,
adult,self_training_catboost,catboost,250,0.018344503679646906,0.02055623764612207,0.015751987550173003,0.014313355380448155,0.012060179005658181,0.006691372161128868,1.1989529873584177,0.036962625247919996,3,3,True,
adult,self_training_catboost,catboost,500,0.008598726187972453,0.005032833603153942,0.011751472571400079,0.006387697981862359,0.010357238883633935,0.007232340459667316,1.119486756573109,0.03689108962227463,3,3,True,
adult,self_training_lightgbm,lightgbm,50,0.0,0.0,0.0,0.0,0.0,0.0,0.9641755710871106,0.0,3,3,True,
adult,self_training_lightgbm,lightgbm,100,0.022824643118169858,0.022261527262554103,0.02221646782705818,0.02453481125211175,0.02903234805357091,0.017004125676560806,8.809024819406151,0.07610396941472297,3,3,True,
adult,self_training_lightgbm,lightgbm,250,0.02416896602626876,0.010980605142746574,0.019082990090068124,0.007786703119752867,0.01541266429979112,0.00487424194560612,5.982353690611148,0.0772737810061046,3,3,True,
adult,self_training_lightgbm,lightgbm,500,0.03564345058848991,0.015173120332001315,0.027748363667876846,0.014708956791299499,0.018739123632888804,0.011230910769997519,4.448743660283912,0.0777746091825888,3,3,True,
adult,self_training_lr,logistic_regression,50,0.028692629160043077,0.019758863385067924,-0.010516549036027242,0.012027524060078024,-0.011795496996471607,0.015951408808842854,1.1335768094778889,0.127540168618507,3,3,True,
adult,self_training_lr,logistic_regression,100,0.019757109960635066,0.001535355455724428,-0.011119545150854596,0.001625915721711178,-0.012035726305813585,0.012876681416662154,1.023190295147837,0.1282939470915762,3,3,True,
adult,self_training_lr,logistic_regression,250,0.02083947528746266,0.007167336563106592,0.00023738497430766023,0.0004540399354674851,-0.005900055628213348,0.005087496419122416,1.1056459035915032,0.12731284719539096,3,3,True,
adult,self_training_lr,logistic_regression,500,0.02905035421975703,0.0032075965800830437,0.00794599052343196,0.0036919918516119996,-0.002256200442991981,0.0005022331093911237,1.2218175832958609,0.1296243486376481,3,3,True,
adult,self_training_xgboost,xgboost,50,0.043329263191516865,0.013232100895428324,0.031169555430602253,0.019589499017828176,0.020161543610205352,0.004062419830496184,2.9078513080301,0.07343532446676743,3,3,True,
adult,self_training_xgboost,xgboost,100,0.007369836523197115,0.0015182087131592067,-0.007268840718501646,0.006088001469366155,-0.009708834632866314,0.007412151193319691,3.3087661207780297,0.0769763682549457,3,3,True,
adult,self_training_xgboost,xgboost,250,0.01577425536108897,0.007442106303617084,0.006319461051551604,0.0036702007945480612,-0.0009378651237041588,0.004292834710707968,3.0557879976625393,0.0772737810061046,3,3,True,
adult,self_training_xgboost,xgboost,500,0.023215416255940036,0.011020884438476191,0.014273680034747346,0.010282783563904774,0.004336723250732126,0.00321070523833187,2.956290766407179,0.0777746091825888,3,3,True,
bank-marketing,rpl_lite_xgboost,xgboost,50,0.009826020669662983,0.012433688087346852,-0.005541101889013429,0.031211056576982164,-0.007117492273438016,0.006248047482111481,4.9059451565631935,0.07664691658822008,3,3,True,
bank-marketing,rpl_lite_xgboost,xgboost,100,0.027784847060828843,0.024554239484621255,-0.007085460764468661,0.01770353404872367,-0.02575794880050371,0.02256115870148609,6.102657724226112,0.08178995231229894,3,3,True,
bank-marketing,rpl_lite_xgboost,xgboost,250,0.1136854941073745,0.027769338164652317,0.04872735018397523,0.01219971560183341,0.006892945539427024,0.00619705646192945,5.645083475029904,0.0798299831096757,3,3,True,
bank-marketing,rpl_lite_xgboost,xgboost,500,0.08547165664669776,0.006211257312139781,0.043455405364255996,0.011444066464724463,-2.2687466535997736e-05,0.005204789038721669,4.888683224663286,0.08390340548016896,3,3,True,
bank-marketing,rpl_lr,logistic_regression,50,-0.036134781701196994,0.00705488524867895,-0.03349290620152708,0.02566087832771011,0.007288180934715653,0.014290750892055504,1.375326483904838,,3,3,True,
bank-marketing,rpl_lr,logistic_regression,100,-0.0437367204339895,0.01591934570448313,-0.03855125164672013,0.018146203917584286,0.01229053056711967,0.01539466810069385,1.3825226132682682,,3,3,True,
bank-marketing,rpl_lr,logistic_regression,250,-0.04077864963410046,0.018847750982709095,-0.046579928403276516,0.036322414148429266,0.008543152942327659,0.013524321504655913,1.2783476164490917,,3,3,True,
bank-marketing,rpl_lr,logistic_regression,500,-0.03912183327355686,0.012196460523069181,-0.03805378534511461,0.012990832441047689,0.0045592930033038215,0.0031586592136951643,1.596987448102438,,3,3,True,
bank-marketing,self_training_catboost,catboost,50,-0.0039521566705689555,0.018673039864913595,-0.005638941428160312,0.023951477594076613,0.008053419316858657,0.0313699958625166,0.939021225115218,0.02078372741200137,3,3,True,
bank-marketing,self_training_catboost,catboost,100,-0.01750046065421181,0.004933427064559888,-0.012603897912650708,0.012029747282579481,0.021104986152754135,0.018516506558936743,1.3987140138220335,0.020969649920520434,3,3,True,
bank-marketing,self_training_catboost,catboost,250,0.005803789319845524,0.004724230138977652,0.0075830875054446745,0.0042047391593270375,0.011475281117438563,0.008745176046133833,1.325534231867651,0.021679009595931432,3,3,True,
bank-marketing,self_training_catboost,catboost,500,-0.0002642793927965699,0.012830236680218562,0.002180663779674852,0.012758216785260575,0.009494566647688144,0.00305637084435995,1.4568372649347276,0.02170946880490447,3,3,True,
bank-marketing,self_training_lightgbm,lightgbm,50,0.0,0.0,0.0,0.0,0.0,0.0,0.5435969859995081,0.0,3,3,True,
bank-marketing,self_training_lightgbm,lightgbm,100,0.027972087708561928,0.0022743917528881656,0.005029337886654606,0.016339183058548177,0.0447629238659916,0.006790612495943549,7.522798935252524,0.08248308750138623,3,3,True,
bank-marketing,self_training_lightgbm,lightgbm,250,0.11869176965790063,0.02643073223315086,0.04891404619829609,0.01216297414514076,0.02322902622631688,0.009889728838841727,3.7371752367931124,0.0835235814911743,3,3,True,
bank-marketing,self_training_lightgbm,lightgbm,500,0.09971196781615188,0.027354512177390662,0.055805762454346354,0.022336847871411925,0.02084492860155644,0.00565686308502908,2.757984973260605,0.084109005270831,3,3,True,
bank-marketing,self_training_lr,logistic_regression,50,0.10187041392592207,0.061409444628282975,0.004617813058440705,0.05702662747502544,0.010170613693996966,0.0588472376851084,0.8899875341697933,0.13225169352308172,3,3,True,
bank-marketing,self_training_lr,logistic_regression,100,0.09325560804580428,0.020059753268698452,0.0072326340982334925,0.01664567641243755,0.014705976352163233,0.02454365766415035,1.0880307311366904,0.13398765295183168,3,3,True,
bank-marketing,self_training_lr,logistic_regression,250,0.08971446935594034,0.006353182837298205,0.03436771304745404,0.029183203514920923,0.0069449097019103805,0.016676795635063666,0.9789967912718494,0.11715574363828718,3,3,True,
bank-marketing,self_training_lr,logistic_regression,500,0.06698354152536312,0.002422097245966399,0.030610251021415902,0.010236143556876801,0.0022366685487400137,0.006515715933942484,0.8700787908213211,0.10382789428432576,3,3,True,
bank-marketing,self_training_xgboost,xgboost,50,0.002942682779108141,0.018640179907992493,-0.009944952327897716,0.032112618302262017,-0.011373029692172501,0.020936248449204088,1.2982685019508233,0.06630119792531884,3,3,True,
bank-marketing,self_training_xgboost,xgboost,100,0.024305378823479235,0.017735870060634512,-0.007752645105585709,0.017564303674417796,-0.027220264524022857,0.02564633979659974,2.1569052039087193,0.07959964511478314,3,3,True,
bank-marketing,self_training_xgboost,xgboost,250,0.10165486326559843,0.020299181287992556,0.04822431126075374,0.013446986634709321,0.005006492561075697,0.009522291520806758,2.477527808732667,0.07289752584590824,3,3,True,
bank-marketing,self_training_xgboost,xgboost,500,0.07595838763529124,0.0035788541319450697,0.040900219179089,0.007213130874056285,-0.002563644262102982,0.0022994493005157133,2.5151453752574855,0.07686628537250943,3,3,True,
electricity,rpl_lite_xgboost,xgboost,50,0.0029358346472440435,0.019859536017340924,0.0006543421764521051,0.020738106141781686,0.002097622735206639,0.03510954112545438,16.63452462285588,0.082875217547446,3,3,True,
electricity,rpl_lite_xgboost,xgboost,100,-0.0005652972095925671,0.012885146117614306,-0.0018269869195018569,0.012173718233514836,-0.0036157294546556398,0.0034458589475801433,13.954263949711141,0.0829898475753132,3,3,True,
electricity,rpl_lite_xgboost,xgboost,250,-0.008714359133822161,0.0030602131283853917,-0.010002984136426899,0.00346596867837314,-0.010752914024726149,0.001810731343096677,12.08894163123805,0.0833356482124503,3,3,True,
electricity,rpl_lite_xgboost,xgboost,500,-0.0016433684218919813,0.004026353482984969,-0.0017662890081156697,0.004222007784592478,-0.00048302414074223127,0.001720896891555619,10.04727815605868,0.0839184312847911,3,3,True,
electricity,rpl_lr,logistic_regression,50,-0.014394265568762221,0.01589648927338161,-0.01681680573061417,0.018138077298461053,-0.010351000199993465,0.009010607365276995,2.8849850844726848,,3,3,True,
electricity,rpl_lr,logistic_regression,100,-0.007223602022259727,0.008621962398099939,-0.00752788742143599,0.00877403532984398,-0.00818154425536973,0.0073187610378279986,2.033739820124961,,3,3,True,
electricity,rpl_lr,logistic_regression,250,-0.0006664982336123856,0.005811351762869614,-0.0006359492267703862,0.006520437749230516,-0.0009700514734071927,0.004718340418761026,1.8794651852956863,,3,3,True,
electricity,rpl_lr,logistic_regression,500,-0.00033938263804034197,0.0033526259186086836,-0.0005149338422535399,0.003515999705175144,-0.002157861637727391,0.002240436108122138,2.0999318564917293,,3,3,True,
electricity,self_training_catboost,catboost,50,-8.405041962126584e-06,0.02527727126272275,0.0008161496420185562,0.027315301747403917,0.016817010608956868,0.0272731272012797,0.4761682901246094,0.0,3,3,True,
electricity,self_training_catboost,catboost,100,-0.0004740709438696422,0.0050284400526373185,0.0012064229864839164,0.005890759372677577,0.003156649717052392,0.004362715173898798,0.5558696349620044,0.0,3,3,True,
electricity,self_training_catboost,catboost,250,-0.0037835146895549565,0.004975272007674193,-0.0016160768986891079,0.005857959679946133,0.0036297572371397266,0.002036409229522531,0.5489102557325856,0.0,3,3,True,
electricity,self_training_catboost,catboost,500,-0.006250668582883405,0.007086801835603868,-0.0036805844131073684,0.007279003399842678,0.0009235745812926263,0.0061601990664471315,0.5073796146815853,0.0,3,3,True,
electricity,self_training_lightgbm,lightgbm,50,0.0,0.0,0.0,0.0,0.0,0.0,1.0618936285766993,0.0,3,3,True,
electricity,self_training_lightgbm,lightgbm,100,0.007775718597866299,0.004531233469428733,0.008086550845253485,0.00555608015271788,0.022812504775592046,0.007559430037652956,11.529213916201167,0.0829898475753132,3,3,True,
electricity,self_training_lightgbm,lightgbm,250,0.0007001516229703612,0.009342260672085198,0.0006994655546013195,0.010651138448629138,0.0022594862359963295,0.0063250276793542,8.356054372975638,0.0833356482124503,3,3,True,
electricity,self_training_lightgbm,lightgbm,500,-0.0025693017303755803,0.005558712309903813,-0.0022594073162979234,0.0061062225320338715,0.0023900716853737882,0.0051879784113386925,5.889682601632576,0.0839184312847911,3,3,True,
electricity,self_training_lr,logistic_regression,50,0.011233811988845543,0.016227053209531588,0.009112893412610493,0.015630712629443735,0.012639522035495157,0.02202542030240799,1.1381318839599819,0.1381253625790767,3,3,True,
electricity,self_training_lr,logistic_regression,100,-0.0010233969126586622,0.013057370386298233,-0.0033378657467038795,0.012949202728397606,-0.004546338690633959,0.005592267773081437,1.4266815429403945,0.1381319907420214,3,3,True,
electricity,self_training_lr,logistic_regression,250,-0.002384457250229103,0.0074802724369895,-0.0038379635051606353,0.007608823904466755,-0.0017235734517613288,0.005626102993169785,2.1038977142564006,0.13706862227654468,3,3,True,
electricity,self_training_lr,logistic_regression,500,0.001946730638005804,0.007923512423643106,7.341937584877851e-05,0.008136099319137604,-0.007310310162659113,0.004199987907837624,1.4303604980438258,0.13753298460563,3,3,True,
electricity,self_training_xgboost,xgboost,50,0.0017794437257524869,0.02034513909616087,-0.00022883343512022,0.021119795023008335,0.0016924947294073938,0.036314638324279794,4.824455628220031,0.082875217547446,3,3,True,
electricity,self_training_xgboost,xgboost,100,0.0021915897754823574,0.019645464451003715,0.0010789853074310018,0.01935230780764092,2.281487180821884e-05,0.007341696714714025,4.376460503282845,0.0829898475753132,3,3,True,
electricity,self_training_xgboost,xgboost,250,-0.008773227649066592,0.00786342116655777,-0.01003769141445543,0.007778683881464821,-0.009985912418798426,0.0042691675105930565,4.119192612157394,0.0833356482124503,3,3,True,
electricity,self_training_xgboost,xgboost,500,0.0014112165118876179,0.0016354138310218944,0.0011117644420960044,0.0018067211131427069,-0.0007289629772850859,0.0006950541177515984,4.87652297260968,0.0839184312847911,3,3,True,
jannis,rpl_lite_xgboost,xgboost,50,0.013759350539730783,0.01465507028305623,0.009103315418256375,0.017213350472476244,-0.003056354762748089,0.01979556806128265,14.025142812077279,0.06528126369467346,3,3,True,
jannis,rpl_lite_xgboost,xgboost,100,0.0159740232265617,0.03220566772519285,0.003919310799853822,0.027626370458694195,-0.013751948638161723,0.029088086340115966,10.902345382342455,0.06665071913404894,3,3,True,
jannis,rpl_lite_xgboost,xgboost,250,0.005921687294644151,0.01450105815416152,0.0009559072635794327,0.01368517229773173,-0.025944802339738764,0.008465206777424062,8.684878111175712,0.06751977942939337,3,3,True,
jannis,rpl_lite_xgboost,xgboost,500,0.009301312948140053,0.003376455042549407,0.004943573637397096,0.004655744576748325,-0.018302670868733422,0.01354437626068013,6.949874038006747,0.06768342207382,3,3,True,
jannis,rpl_lr,logistic_regression,50,0.0033733171567202533,0.0037673985954100133,0.0023852608676441047,0.0026978422434291317,-0.004790460481829369,0.0061379775901836,2.4858504867089657,,3,3,True,
jannis,rpl_lr,logistic_regression,100,0.00038026750713030893,0.0031189606187164614,0.0005955916814041248,0.0015086121719828144,-0.0016173555372437365,0.002985038010003921,2.7896883392983454,,3,3,True,
jannis,rpl_lr,logistic_regression,250,-0.00589116672592203,0.003379085481987823,-0.006698808539904381,0.0025174870270182267,-0.008153915364536801,0.0023511186207116654,2.784020383951629,,3,3,True,
jannis,rpl_lr,logistic_regression,500,-0.006372352657835256,0.0009989174081920158,-0.010520672807892298,0.0018411732318837305,-0.005641575266862524,0.002343925549702359,2.598266669117216,,3,3,True,
jannis,self_training_catboost,catboost,50,-0.0017580276586573647,0.006651519218376891,-0.005994117191861696,0.011202467516342973,0.013021331259461366,0.017601254018856646,0.6868142179385762,0.0,3,3,True,
jannis,self_training_catboost,catboost,100,-0.00935686320272866,0.011829291595294805,-0.009816107263532436,0.011114538686735263,0.0027832015755415718,0.009497751129771484,0.7095549405524163,0.0,3,3,True,
jannis,self_training_catboost,catboost,250,-0.006834327198792604,0.005488480511102941,-0.00569496471605004,0.003924019409826721,-0.0033989968303456872,0.0017854059631674467,0.6779087032339731,0.0,3,3,True,
jannis,self_training_catboost,catboost,500,-0.007131910660708229,0.004892432187704668,-0.0052820797502171795,0.003511123490675914,-0.012903978889861908,0.002330865063260396,0.6711535841874552,0.0,3,3,True,
jannis,self_training_lightgbm,lightgbm,50,0.006709799364542209,0.011621713407980473,0.0089621835536793,0.015522957261730742,0.0031745230804004856,0.0054984352650537015,4.125980390653094,0.016906696944344834,3,3,True,
jannis,self_training_lightgbm,lightgbm,100,0.013374122009934838,0.022357657660924447,-0.0021150822615754183,0.014951747307584615,-0.0034173760407134233,0.01773934711974365,10.095109472632096,0.08189556359576987,3,3,True,
jannis,self_training_lightgbm,lightgbm,250,0.030369678370478565,0.0128659219095543,0.008825967430480438,0.00925272722817222,-0.013470874045429015,0.006676818619708006,6.4962767148340745,0.0802215695676496,3,3,True,
jannis,self_training_lightgbm,lightgbm,500,0.018426244390501594,0.0048688025038289545,0.008809727365003128,0.003412857824916554,-0.01574884783217745,0.0066290095721700205,5.32837488698156,0.07452195449668597,3,3,True,
jannis,self_training_lr,logistic_regression,50,0.020745495846907065,0.008644185399785448,0.00672017709779225,0.007747260640065171,0.004222874307900248,0.01312071810348842,1.453951958989142,0.12218138719572923,3,3,True,
jannis,self_training_lr,logistic_regression,100,0.000728309618447979,0.015617164830777299,-0.021204086521843985,0.0077111468807686545,-0.01814993286503515,0.0053931152983665315,1.4747163690777436,0.14140477827946055,3,3,True,
jannis,self_training_lr,logistic_regression,250,-0.005861462297503913,0.010400258572685825,-0.014559058061095365,0.008030810746002575,-0.019229471677820076,0.008720490766367989,1.5384906347040104,0.13648305762007507,3,3,True,
jannis,self_training_lr,logistic_regression,500,0.0011721445275203652,0.01005323528109801,-0.011086283141213035,0.007148082003496167,-0.021650805983316923,0.005637046214659505,1.46027223211993,0.11872674949112089,3,3,True,
jannis,self_training_xgboost,xgboost,50,0.01087327020053556,0.01080895129474625,0.006280379128949391,0.011057319779110376,-0.004124652637025476,0.018601111829659053,7.997290937568505,0.05870782040556147,3,3,True,
jannis,self_training_xgboost,xgboost,100,0.01078965279076651,0.029298033490625538,0.003992747131388826,0.028687735535289315,-0.015235102894367839,0.027888157859209024,7.710696921878174,0.0637402944313209,3,3,True,
jannis,self_training_xgboost,xgboost,250,0.005989869420128746,0.013185407510291822,0.001349085467229579,0.012083653158436057,-0.02470624945217174,0.008258562428591682,6.737820830300904,0.0674348677375529,3,3,True,
jannis,self_training_xgboost,xgboost,500,0.008659382089820403,0.002465005491151556,0.004762703280511722,0.0048288915183598334,-0.018672199248669846,0.013409503941955295,5.994097469662496,0.06768342207382,3,3,True,
phoneme,rpl_lite_xgboost,xgboost,50,0.049649445885014964,0.047924622782862254,0.04511709422559773,0.05858710436058623,0.021530794259005392,0.019353863697608567,5.95582069054776,0.46657305562056317,3,3,True,
phoneme,rpl_lite_xgboost,xgboost,100,0.04811138454423832,0.028434796099331958,0.03351636306782143,0.02934476757995687,0.011941824808275658,0.012391715711250362,8.427361419487085,0.4844107664377615,3,3,True,
phoneme,rpl_lite_xgboost,xgboost,250,0.023876079739706402,0.014185083008797637,0.0097601347967576,0.011590909327656534,0.0013646423439641249,0.005315379591997344,6.9449212800224345,0.4883378345200098,3,3,True,
phoneme,rpl_lite_xgboost,xgboost,500,0.006946394261207541,0.01640664220667043,0.002475102556822817,0.014380805980247371,0.0015112226865079403,0.00607372514149842,5.640724157307187,0.4883599267590897,3,3,True,
phoneme,rpl_lr,logistic_regression,50,-0.02172898739821964,0.030471515857860832,-0.03873834322912991,0.06362675312507195,-0.011804878854443701,0.017527230102608995,12.315986850345018,,3,3,True,
phoneme,rpl_lr,logistic_regression,100,0.00783619887580452,0.007081810269183003,0.00784369815579918,0.008562188666013144,0.0009001271739310276,0.00904432936545602,7.904367778683717,,3,3,True,
phoneme,rpl_lr,logistic_regression,250,-0.007046867172059157,0.020728812626437006,-0.006906793480865166,0.02098770882956573,-0.0008574605953501161,0.0017433153513151391,19.634257933724797,,3,3,True,
phoneme,rpl_lr,logistic_regression,500,-0.02797688847782161,0.01294212048731931,-0.028366369806584395,0.013900288481258608,-0.004870871664436967,0.006222039185536877,20.911980127537475,,3,3,True,
phoneme,self_training_catboost,catboost,50,-0.023709542449116716,0.02521118269542916,-0.026590627137281036,0.03315327981887431,0.00635800837916541,0.007389503242160412,0.5746931333589393,0.0,3,3,True,
phoneme,self_training_catboost,catboost,100,-0.03424061748173594,0.016372465847981462,-0.02755046727638033,0.009025217849950012,0.007543038190716815,0.002401417213073934,0.9246006127692831,0.0,3,3,True,
phoneme,self_training_catboost,catboost,250,-0.022847952830032825,0.011411890519534874,-0.018274130796934296,0.013405750783648154,-0.007688242192016137,0.004320119217271516,1.5519337686833934,0.1747278828054668,3,3,True,
phoneme,self_training_catboost,catboost,500,-0.022736469189224895,0.010696177604853065,-0.02030678664785072,0.010190688670797044,-0.010056925473874267,0.0051772118266967555,1.6489737208536868,0.1961810096782631,3,3,True,
phoneme,self_training_lightgbm,lightgbm,50,0.0,0.0,0.0,0.0,0.0,0.0,0.9759042312419828,0.0,3,3,True,
phoneme,self_training_lightgbm,lightgbm,100,0.020481334060041562,0.018028164298468454,0.010462582977941262,0.01614181057978766,0.026772589888846676,0.017609005720156744,10.595524581902907,0.4825163785618439,3,3,True,
phoneme,self_training_lightgbm,lightgbm,250,0.032540836044725574,0.014855518023464276,0.02333205019133633,0.007922790158257973,0.016701901002526887,0.0006526862109320944,7.44604313757429,0.4883378345200098,3,3,True,
phoneme,self_training_lightgbm,lightgbm,500,0.008434219146558286,0.017796303571838833,0.0037966319732360976,0.01380041328380381,0.006208675354132646,0.0025717034674640512,3.302865761012434,0.4883599267590897,3,3,True,
phoneme,self_training_lr,logistic_regression,50,-0.029850777082266727,0.06578569907854269,-0.02905114580157579,0.05948069101506809,0.005962310271359443,0.009514357535514346,2.050588288780603,0.4983228020906467,3,3,True,
phoneme,self_training_lr,logistic_regression,100,-0.0028861875898062626,0.022023260147212297,-0.00413257628824526,0.019975826304663748,0.00533194598135885,0.0014512348584390083,1.7909688701542408,0.4998816007577552,3,3,True,
phoneme,self_training_lr,logistic_regression,250,-0.015683408481565242,0.019575702101744568,-0.016973985373155493,0.020257700903721212,-0.008903551510947386,0.006346931801467152,1.8510228993287134,0.45028234716425236,3,3,True,
phoneme,self_training_lr,logistic_regression,500,-0.018261983803216197,0.008187388242658602,-0.01908242578350594,0.008846296964641629,-0.010690042446363957,0.0032346651758301203,2.407659283675919,0.3902694219199581,3,3,True,
phoneme,self_training_xgboost,xgboost,50,0.033407242858165286,0.025242173442530776,0.03059835726369553,0.03808178125261997,0.011221998337379802,0.013109979425745499,3.7712655901046297,0.4402059443014275,3,3,True,
phoneme,self_training_xgboost,xgboost,100,0.04271406235376374,0.025022392482047084,0.029853391546878567,0.02828907777925802,0.007977962023992294,0.014598795703795428,5.564461729094916,0.4740705659483779,3,3,True,
phoneme,self_training_xgboost,xgboost,250,0.022953242935240408,0.013626288339701217,0.009379031536976168,0.009983456471806061,-0.000742536101430861,0.007267828456601531,8.667896726319688,0.4851460839675914,3,3,True,
phoneme,self_training_xgboost,xgboost,500,0.009972280487334895,0.007326458527448395,0.004617769446756441,0.006551464887358791,0.0008602132778392871,0.004750007678941291,4.420578012472563,0.4883599267590897,3,3,True,
satimage,rpl_lite_xgboost,xgboost,50,-0.028412059546150486,0.017985087864643656,-0.029335273850059813,0.020633745420824443,-0.03173078053604753,0.00048023053757732304,4.15831078324188,0.48802512760109923,3,3,True,
satimage,rpl_lite_xgboost,xgboost,100,-0.018027478145593096,0.004969053058094099,-0.011989123114964287,0.00594538014474275,-0.022709531235792075,0.008399763422384736,3.630476324816479,0.4881046788263283,3,3,True,
satimage,rpl_lite_xgboost,xgboost,250,-0.009395752883191092,0.010246872827302017,-0.005541778339037314,0.012040817636039888,-0.007987022339944713,0.00844162286427477,2.759658233966437,0.4881487535758071,3,3,True,
satimage,rpl_lite_xgboost,xgboost,500,-0.012294470577480787,0.003911142517370828,-0.01170702312631792,0.002903243717451333,-0.004234862098476492,0.00014717724731287078,3.1297742980311956,0.4881567614125753,3,3,True,
satimage,rpl_lr,logistic_regression,50,-0.011942384422495067,0.015313321915532132,-0.02841449630381439,0.016489775996274998,0.002665511041788434,0.0023128031823651017,5.6664357315860405,,3,3,True,
satimage,rpl_lr,logistic_regression,100,-0.02197823660488422,0.017002326595307104,-0.03608578235080343,0.02397974713555787,0.0008300404506112654,0.0019274111268536163,5.528940652227632,,3,3,True,
satimage,rpl_lr,logistic_regression,250,-0.017774358145703013,0.012104806984587616,-0.025946306206091323,0.011028924669342096,0.0020852989602169933,0.00018641816579136378,7.459527942033557,,3,3,True,
satimage,rpl_lr,logistic_regression,500,-0.01627025109226606,0.0031019136125921346,-0.021908046467445375,0.003361186705870069,0.0005934075207498039,0.002160463562603766,7.494367149625016,,3,3,True,
satimage,self_training_catboost,catboost,50,-0.00801519408154927,0.01373133274680259,-0.0038128008269796565,0.008721141617226204,0.008866489565967436,0.003728125340158807,0.43594740058709114,0.0,3,3,True,
satimage,self_training_catboost,catboost,100,-0.003484372469896413,0.001066829931946336,2.4227953219028524e-05,0.005070448876359754,0.0023277824040595085,0.00046831967241825343,0.5416098872481013,0.0,3,3,True,
satimage,self_training_catboost,catboost,250,-0.016912249174193577,0.012413722224206463,-0.014556229609240301,0.0134019095966093,-0.004155076934764061,0.001540116566671564,1.2108107743584249,0.12321209644462604,3,3,True,
satimage,self_training_catboost,catboost,500,-0.022733675797831032,0.002976056255666993,-0.02017889524569298,0.00339111234273147,-0.00649988751039136,0.001596953233345586,1.2187166007117767,0.23815676141257533,3,3,True,
satimage,self_training_lightgbm,lightgbm,50,0.00047208801655607147,0.0008176804303195331,-0.00814755379995243,0.014111977138918482,-0.0014553967874426272,0.0025208211810231525,4.119687907215682,0.1549535401125507,3,3,True,
satimage,self_training_lightgbm,lightgbm,100,-0.00225765801506513,0.022486347621945103,0.0006273925752141585,0.02201575773686032,-0.00846185848698248,0.005969939463615419,5.8509279500707025,0.4881046788263283,3,3,True,
satimage,self_training_lightgbm,lightgbm,250,-0.015487048010009663,0.003896387353665138,-0.015188434795282535,0.005568631463799429,-0.008393645953922854,0.0005421463611162672,5.146806904253655,0.4881487535758071,3,3,True,
satimage,self_training_lightgbm,lightgbm,500,-0.0021889597224844515,0.007800737620134191,-0.0012504086562571033,0.007617840346211504,-0.002072327416325792,0.000401028774418718,3.942421885304416,0.4881567614125753,3,3,True,
satimage,self_training_lr,logistic_regression,50,-0.0026443612377488788,0.014264718244160868,-0.010712859929687438,0.01508346704495553,-0.00106466179025048,0.004810593484545232,4.3511947953910335,0.5,3,3,True,
satimage,self_training_lr,logistic_regression,100,-0.01115128007945095,0.007919996315663985,-0.014791048486808197,0.008795950855073958,-0.0006781244139879572,0.002759823112288513,3.9559576872787097,0.5,3,3,True,
satimage,self_training_lr,logistic_regression,250,-0.003145735019252934,0.0053974517266074835,-0.004278890875658914,0.004763479475973817,0.0008820720060601269,0.0010779736011862855,4.556858383373218,0.5,3,3,True,
satimage,self_training_lr,logistic_regression,500,0.00038350524122502766,0.0030272657705118847,0.0006758971325112236,0.0037542035797244622,0.00017808676598696227,0.0015597809665405956,5.16168332399534,0.5,3,3,True,
satimage,self_training_xgboost,xgboost,50,-0.02752875395084294,0.010419293568924844,-0.02587302308520552,0.003795535292391745,-0.03211978856481427,0.007608871191910705,3.4929762267456503,0.42010208087946604,3,3,True,
satimage,self_training_xgboost,xgboost,100,-0.011872355168206098,0.005298817836665346,-0.006334529762287248,0.005716717337709665,-0.02177752955012302,0.0077729404206560385,3.6186264132973154,0.4881046788263283,3,3,True,
satimage,self_training_xgboost,xgboost,250,-0.009752486782134695,0.012543528475485644,-0.005874315807603485,0.01412913327669901,-0.007764794044250826,0.008802817181950914,2.710607268071294,0.4881487535758071,3,3,True,
satimage,self_training_xgboost,xgboost,500,-0.011169002139949277,0.0032642464320323766,-0.010099579207714982,0.0020797539149417714,-0.004203092074967866,0.0003088242820564879,3.120257441843787,0.4881567614125753,3,3,True,
segment,rpl_lite_xgboost,xgboost,50,-0.051948051948052,0.034017821743510236,-0.06856511677967876,0.034173155873807266,-0.020817846575422294,0.010446594454572052,4.37615673225092,0.4883203559510567,3,3,True,
segment,rpl_lite_xgboost,xgboost,100,0.008658008658008734,0.0043290043290044045,0.007345245965173978,0.00448890031324749,-0.0033670033670033885,0.0014454321418388937,4.097042779526443,0.488558352402746,3,3,True,
segment,rpl_lite_xgboost,xgboost,250,-0.005772005772005873,0.02413525062579752,-0.006347879786322637,0.02260803839931624,-0.0009820426487092693,0.0012138433161979299,4.030008954893648,0.4887359198998748,3,3,True,
segment,rpl_lite_xgboost,xgboost,500,-0.007936507936507872,0.0012496759073368422,-0.007946883866402263,0.001339603602842117,-6.923491771974415e-05,0.00021093992797235536,3.437501657811009,0.4888724035608308,3,3,True,
segment,rpl_lr,logistic_regression,50,-0.07647907647907652,0.006248379536684209,-0.08999610363845294,0.010525780229737228,-0.016658285597679495,0.005488394275422126,3.9922031377843026,,3,3,True,
segment,rpl_lr,logistic_regression,100,-0.06277056277056285,0.018869692396280138,-0.07493539293716726,0.024502151211494346,-0.005985176439721814,0.0020184180074367133,4.236945089886266,,3,3,True,
segment,rpl_lr,logistic_regression,250,-0.020202020202020183,0.017361052547642107,-0.021703835968789036,0.018707172296211275,-0.0007542962088415983,0.0013823145542084215,4.500792737554144,,3,3,True,
segment,rpl_lr,logistic_regression,500,-0.009379509379509265,0.0049987036293474,-0.009858290623290541,0.005091430934292225,-0.00013482589240154663,0.0005203347787565647,4.235951800470043,,3,3,True,
segment,self_training_catboost,catboost,50,-0.006493506493506514,0.027121134385588032,-0.008445202635644264,0.028051095547580902,-0.002131706677161116,0.0016711849399172803,0.5614478491488258,0.0,3,3,True,
segment,self_training_catboost,catboost,100,0.0007215007215008266,0.006612663340484745,0.0011502761977781144,0.007377287410669779,-0.0016743918259070067,0.0020789621166038687,0.7328925286146323,0.0,3,3,True,
segment,self_training_catboost,catboost,250,-0.007215007215007156,0.004505770561614969,-0.007610134072956705,0.004683316863015745,-0.0007178567784628479,0.0002502609037227366,0.9143566146370139,0.010846891948268668,3,3,True,
segment,self_training_catboost,catboost,500,-0.003607503607503578,0.010229038152062109,-0.0038785550354904683,0.01047547882149197,-0.000985686591747137,0.0009365447573546795,1.204291409937303,0.2467853610286844,3,3,True,
segment,self_training_lightgbm,lightgbm,50,0.0,0.0,0.0,0.0,0.0,0.0,1.7172713003460902,0.0,3,3,True,
segment,self_training_lightgbm,lightgbm,100,-0.01443001443001446,0.019640198540860316,-0.013451640418484975,0.02091696860973524,-0.0032030259302985678,0.0035926321685791347,9.275376543410635,0.488558352402746,3,3,True,
segment,self_training_lightgbm,lightgbm,250,0.0036075036075037628,0.006957900981957233,0.003178119170218522,0.006608778335677575,-0.0011624178290843279,0.001221143705030121,5.654766086634235,0.4887359198998748,3,3,True,
segment,self_training_lightgbm,lightgbm,500,0.0028860028860028253,0.003306331670242294,0.002754890788439379,0.00334596580308773,0.0004518489366976593,0.0006251327393029381,4.762749596208848,0.4888724035608308,3,3,True,
segment,self_training_lr,logistic_regression,50,-0.04545454545454545,0.011453468879067542,-0.05310054980353066,0.012828979842013788,-0.012159837917413522,0.0023264792779500013,3.8589258615968363,0.335558027437894,3,3,True,
segment,self_training_lr,logistic_regression,100,-0.033189033189033136,0.00624837953668421,-0.036409812994723345,0.007214620586099142,-0.005230880230880142,0.002613804684539941,5.230624289447818,0.3680396643783371,3,3,True,
segment,self_training_lr,logistic_regression,250,-0.017316017316017285,0.009918995010726918,-0.018482855383826175,0.010420034616389066,0.00039901176264819,0.001969391087710361,5.533116401346416,0.4858156028368794,3,3,True,
segment,self_training_lr,logistic_regression,500,-0.006493506493506551,0.005726734439533699,-0.006985666164049349,0.005957090106074246,0.00018219715189404795,0.0008696531728182933,6.1537947481026665,0.4920870425321464,3,3,True,
segment,self_training_xgboost,xgboost,50,-0.02236652236652233,0.016812669837995738,-0.030566763489416265,0.02035955535496235,-0.010407101316192194,0.01524055771847427,3.14945549046521,0.21486837226548014,3,3,True,
segment,self_training_xgboost,xgboost,100,0.007936507936508056,0.011107362423045141,0.004891057661960445,0.009717952611329546,-0.0035255148891513524,0.0007049334717331101,3.765664703103681,0.488558352402746,3,3,True,
segment,self_training_xgboost,xgboost,250,-0.015151515151515213,0.017180203318601307,-0.015288538361185896,0.016568573717613888,-0.0013191073797133763,0.0008893890098772252,3.23845742866566,0.4887359198998748,3,3,True,
segment,self_training_xgboost,xgboost,500,-0.0036075036075034297,0.0045057705616149335,-0.003691604795090712,0.004594872518915107,-0.00025143206961390313,0.0001280704721877883,2.9092235631576178,0.4888724035608308,3,3,True,
spambase,rpl_lite_xgboost,xgboost,50,-0.0143541969055165,0.03471707359071572,-0.014658949437053334,0.03498684288091435,-0.008194522612899916,0.022525249185458493,3.3101401210024872,0.48815426997245187,3,3,True,
spambase,rpl_lite_xgboost,xgboost,100,-0.01757309162001249,0.008651881379605096,-0.019586768903059548,0.009812117883538678,-0.007148710961027686,0.0005366143155064569,4.427921678626256,0.488268156424581,3,3,True,
spambase,rpl_lite_xgboost,xgboost,250,-0.01132290648419687,0.003671414538348518,-0.012096923070277729,0.0025525903952285487,-0.0088387952513073,0.0033931325709169744,4.44537034788051,0.4880466472303207,3,3,True,
spambase,rpl_lite_xgboost,xgboost,500,-0.00851871599672179,0.003602286921963852,-0.00808913751819662,0.00469931896029803,-0.003434475086478872,0.0025241330570131,2.857099993678743,0.48805031446540886,3,3,True,
spambase,rpl_lr,logistic_regression,50,0.001276202889106089,0.011308777784043123,0.004218481324590055,0.013224901884310584,0.014587879446139448,0.004830653717899182,1.8135403515952826,,3,3,True,
spambase,rpl_lr,logistic_regression,100,-0.002633865537091292,0.002606147699006955,-3.240922263847423e-05,0.003584378477700987,0.003101230618337151,0.002526479629104455,1.4173220346761963,,3,3,True,
spambase,rpl_lr,logistic_regression,250,0.0009676431963822063,0.004488292956566192,0.002256918146648005,0.0036048298153605962,0.003227945798815616,0.0009061206897599944,1.7566696443941252,,3,3,True,
spambase,rpl_lr,logistic_regression,500,-0.0011009409836388502,0.005196784879448283,-0.0005445811744099563,0.004872943430050717,0.0011322083658350524,0.0003051574762145841,3.594639068560584,,3,3,True,
spambase,self_training_catboost,catboost,50,0.01832350879271701,0.07051559855398126,0.010686145215617135,0.07391040390893831,0.007320681563105687,0.03748879242874761,2.5910551610015924,0.37061524334251605,3,3,True,
spambase,self_training_catboost,catboost,100,0.007059845769523158,0.0048395073522847255,0.0021641955792817136,0.004328408142625247,0.0003225477321274761,0.011754948456875865,1.7596620109494465,0.4000000000000001,3,3,True,
spambase,self_training_catboost,catboost,250,-0.021130167757733687,0.02717877949310696,-0.022620323881032522,0.026338684235222558,-0.00917779950038015,0.009222037840232742,1.7123676874502023,0.4000000000000001,3,3,True,
spambase,self_training_catboost,catboost,500,-0.01673874621088704,0.009453490383582378,-0.0157826797668507,0.00792055650175997,-0.005479197316929511,0.001878056150876015,1.5102872200982953,0.4000000000000001,3,3,True,
spambase,self_training_lightgbm,lightgbm,50,0.0,0.0,0.0,0.0,0.0,0.0,1.537544539029579,0.0,3,3,True,
spambase,self_training_lightgbm,lightgbm,100,0.006941358847517194,0.004562950522590784,0.008647668368093683,0.003325387917646959,0.02317077585894774,0.004980372499108319,13.554716288722382,0.488268156424581,3,3,True,
spambase,self_training_lightgbm,lightgbm,250,0.006455068771784367,0.004594546288023573,0.007433777198767884,0.0042137559751959895,0.004021149915578004,0.0047436142740523175,6.24400499989597,0.4880466472303207,3,3,True,
spambase,self_training_lightgbm,lightgbm,500,0.002732604638763051,0.0012990572677359445,0.002714233315653569,0.00046100618231867906,0.000633575902393065,0.0014771509313807978,4.062551441928703,0.48805031446540886,3,3,True,
spambase,self_training_lr,logistic_regression,50,0.011759827009093874,0.007049785165305337,0.01162452471904781,0.005346750533562591,0.019858901823711268,0.004946487164315709,1.1352049999048996,0.5,3,3,True,
spambase,self_training_lr,logistic_regression,100,0.00516652349496934,0.0020695810515715617,0.004996430272703319,0.0018261089638921602,0.003710121745312378,0.003954550329558419,1.3645608940458829,0.5,3,3,True,
spambase,self_training_lr,logistic_regression,250,0.005072721348381141,0.0039768000612290565,0.004090160060970738,0.0035807879510709128,0.0015082397780343815,0.0017469497706128123,0.9636034063091202,0.5,3,3,True,
spambase,self_training_lr,logistic_regression,500,0.001537861508536113,0.0009381643668534907,0.001223157861588664,0.001079649154374632,0.0005422422333467939,0.0005667526240728253,1.0840088425804952,0.5,3,3,True,
spambase,self_training_xgboost,xgboost,50,-0.015593372631495775,0.033204437427604684,-0.0156602679949062,0.03308763106117927,-0.008926014791117506,0.022921557396109075,2.865753240806287,0.48815426997245187,3,3,True,
spambase,self_training_xgboost,xgboost,100,-0.01851358156343504,0.003851059938099245,-0.020407126900684507,0.0054936805100654264,-0.006970157752171506,0.0016689342400959698,3.9301606679248415,0.488268156424581,3,3,True,
spambase,self_training_xgboost,xgboost,250,-0.01426039475892856,0.005812544462672936,-0.014304007035565816,0.004465860907852514,-0.009397494001599468,0.004308784646945467,4.1897750968888765,0.4880466472303207,3,3,True,
spambase,self_training_xgboost,xgboost,500,-0.007323972866494777,0.004480451980494905,-0.006593166698919665,0.005486693601369469,-0.0036261935088912622,0.0034815012052747426,2.8952804077801546,0.48805031446540886,3,3,True,
steel-plates-fault,rpl_lite_xgboost,xgboost,50,-0.06794854311040616,0.020786712042679626,-0.017650276630950996,0.032773761649101736,-0.03926619061043476,0.007568024009052813,5.5711824352105666,0.45783399911229467,3,3,True,
steel-plates-fault,rpl_lite_xgboost,xgboost,100,-0.04943696750818727,0.047724024617411404,-0.03355787901236599,0.04139394592430829,-0.0221617784697421,0.006215786055264005,4.087470179149361,0.4889807162534436,3,3,True,
steel-plates-fault,rpl_lite_xgboost,xgboost,250,-0.01570591256263772,0.008802908577077308,-0.019654947521122994,0.013929855628376083,-0.00811147645599745,0.0058540136145695774,3.6975307341815795,0.489247311827957,3,3,True,
steel-plates-fault,rpl_lite_xgboost,xgboost,500,-0.004622666428221993,0.01155023018766918,-0.005803619208906152,0.012638471206449349,-0.0008181054627187656,0.0009655651113404437,3.6104848447207316,0.4895437262357414,3,3,True,
steel-plates-fault,rpl_lr,logistic_regression,50,-0.06797122688413411,0.0559921705126662,-0.05245810212481964,0.0404542866550193,-0.01300505858809938,0.0010996232346499688,2.9441801273543606,,3,3,True,
steel-plates-fault,rpl_lr,logistic_regression,100,-0.048245812829146195,0.023439445239962654,-0.049458094246684646,0.014246423343048651,-0.011000031039280897,0.004236491869551788,3.4800067688282312,,3,3,True,
steel-plates-fault,rpl_lr,logistic_regression,250,-0.02653307137956266,0.03311373918990937,-0.029453299345192696,0.029317261885845453,-0.000750449796383168,0.0001917968366732416,6.186265378627326,,3,3,True,
steel-plates-fault,rpl_lr,logistic_regression,500,0.006843362398917992,0.005819673043581827,0.0039302980723825804,0.003827687832170517,5.3600559641394284e-05,0.00037235625137071966,6.91511463569267,,3,3,True,
steel-plates-fault,self_training_catboost,catboost,50,-0.015334140626538225,0.03310253445516904,-0.007058541758122076,0.02452749760143917,-0.0027571029523039137,0.003418243125441435,0.5309580548160583,0.0,3,3,True,
steel-plates-fault,self_training_catboost,catboost,100,-0.03428544868603348,0.0398203875324002,-0.032338643881157404,0.03751307968358726,-0.0018886741795076656,0.007168417127763256,0.6001228467434521,0.0,3,3,True,
steel-plates-fault,self_training_catboost,catboost,250,-0.05019304931585633,0.04688634353691705,-0.04120829643805087,0.038299955202008434,-0.007481679991633443,0.0036165900452132436,0.7078738827859805,0.0,3,3,True,
steel-plates-fault,self_training_catboost,catboost,500,-0.029350975805654194,0.018309639991388738,-0.021010870801751385,0.01739708138998859,-0.007277220538040956,0.0007292864977568711,1.2737141739729987,0.14733840304182508,3,3,True,
steel-plates-fault,self_training_lightgbm,lightgbm,50,0.0,0.0,0.0,0.0,0.0,0.0,1.7205279132461513,0.0,3,3,True,
steel-plates-fault,self_training_lightgbm,lightgbm,100,-0.01145219670177903,0.02133967144880111,-0.010993658360197944,0.014248282436462324,-0.021922104113758906,0.005245656330378404,8.23596508085251,0.4889807162534436,3,3,True,
steel-plates-fault,self_training_lightgbm,lightgbm,250,0.003968284299320242,0.018720236854196933,-0.0014210859828227933,0.02851810033945753,-0.005414501290779213,0.004940239440125626,4.0945849478554095,0.489247311827957,3,3,True,
steel-plates-fault,self_training_lightgbm,lightgbm,500,0.007811402913742198,0.004478555828661937,0.01082437551754604,0.008534079359101714,0.0010092228086814314,0.000962115733747474,3.5246942536725334,0.4895437262357414,3,3,True,
steel-plates-fault,self_training_lr,logistic_regression,50,-0.05646813465318057,0.058088072914382914,-0.031155746114826965,0.045869558347100554,-0.011217779990464583,0.002209559241536306,3.4785413885863554,0.3905903240124278,3,3,True,
steel-plates-fault,self_training_lr,logistic_regression,100,-0.031858847663985536,0.03307020119982109,-0.01843725357726674,0.01613495777866597,-0.0055897915473747855,0.0031467005361480362,3.664069021087556,0.25298438934802564,3,3,True,
steel-plates-fault,self_training_lr,logistic_regression,250,0.00038034307040154164,0.002092076808806652,-0.0013013371692662812,0.0027441257656705144,0.00014810688488871757,0.0003970623540585364,5.360252210174003,0.20122887864823347,3,3,True,
steel-plates-fault,self_training_lr,logistic_regression,500,0.00385869274758166,0.007044341650039877,0.002700881814945174,0.005663447707304273,-0.00015683844034593739,0.00012057781083815665,4.794166519946867,0.18662864385297842,3,3,True,
steel-plates-fault,self_training_xgboost,xgboost,50,-0.03864114531929904,0.03684702121286058,-0.014188916498574141,0.01922731110934775,-0.028903465097631493,0.010816646403000525,4.455239920931817,0.32600976475810023,3,3,True,
steel-plates-fault,self_training_xgboost,xgboost,100,-0.03832059173537875,0.039677976149598775,-0.014842443812256781,0.024972340078356345,-0.021398826747609585,0.005647362097025775,3.577048560034337,0.4343434343434343,3,3,True,
steel-plates-fault,self_training_xgboost,xgboost,250,-0.008635681515798374,0.00832530692007362,-0.013281190507856625,0.015705450620718993,-0.00965149298649833,0.005044287325595752,3.3567913420099367,0.46927803379416283,3,3,True,
steel-plates-fault,self_training_xgboost,xgboost,500,-0.007928979456757265,0.006009235076667954,-0.009846671806213384,0.007516170276940932,-0.0005798521266745515,0.001118443297536856,3.38724557213817,0.48288973384030415,3,3,True,
