dataset,ssl_method,supervised_method,n_labeled,delta_balanced_accuracy_mean,delta_balanced_accuracy_std,delta_macro_f1_mean,delta_macro_f1_std,delta_roc_auc_mean,delta_roc_auc_std,runtime_ratio_ssl_over_sup_mean,pseudo_label_fraction_mean
letter,rpl_lite_xgboost,xgboost,50,-0.02649258120007969,,-0.023729727639943604,,-0.025858430576959357,,1.6116508226902726,0.0544200626959247
letter,rpl_lite_xgboost,xgboost,100,-0.03363673492843178,,-0.03835191103025998,,-0.052748281943148845,,2.492256842721195,0.2731446540880503
letter,rpl_lite_xgboost,xgboost,250,-0.012837625663787211,,-0.015888607278312095,,-0.02301231541372739,,1.711562470101486,0.3809523809523809
letter,rpl_lite_xgboost,xgboost,500,-0.01050251375644784,,-0.01272572765049973,,-0.006493076849972468,,2.1878345928277296,0.3870967741935484
letter,rpl_lr,logistic_regression,50,-0.0496404169555682,,-0.06402599565766509,,-0.04786106748308905,,1.5515848980415907,
letter,rpl_lr,logistic_regression,100,-0.08248597665429364,,-0.08278572927078581,,-0.04251092776188581,,2.661684105630294,
letter,rpl_lr,logistic_regression,250,-0.0795425559193399,,-0.09795624421209082,,-0.019711739876801637,,3.013391707442699,
letter,rpl_lr,logistic_regression,500,-0.0484085423663293,,-0.05764774672993478,,-0.00551512087920103,,2.699820251647693,
letter,self_training_catboost,catboost,50,-0.054001287642210016,,-0.06267302598613961,,-0.015341134885599628,,0.9426209621516706,0.0
letter,self_training_catboost,catboost,100,-0.046621944160283424,,-0.046778609841039986,,-0.020525740534816372,,0.8572606528054396,0.0
letter,self_training_catboost,catboost,250,-0.03882190097766336,,-0.04203212743574536,,-0.01333363064512827,,0.5502775583762557,0.0
letter,self_training_catboost,catboost,500,-0.04175099373095903,,-0.044853877504862694,,-0.008775576394105422,,0.8200334888171271,0.0
letter,self_training_lightgbm,lightgbm,50,0.116783485916899,,0.1142812971519884,,-0.017188955754983914,,25.110099183516905,0.2827586206896552
letter,self_training_lightgbm,lightgbm,100,0.014608896810249739,,0.0031632448552667003,,-0.040318796786824374,,7.165765634132087,0.3773584905660377
letter,self_training_lightgbm,lightgbm,250,0.019396851573840745,,0.017469645446234527,,-0.019831755232613935,,6.2969899931648285,0.3809523809523809
letter,self_training_lightgbm,lightgbm,500,-0.02109361416430411,,-0.022165203095648844,,-0.010578669093976534,,4.959274436676149,0.3870967741935484
letter,self_training_lr,logistic_regression,50,0.0,,0.0,,0.0,,0.6250757116898848,0.0
letter,self_training_lr,logistic_regression,100,-0.03982387114788155,,-0.03467081371421754,,-0.020092752463401253,,1.0814648729446936,0.0960377358490566
letter,self_training_lr,logistic_regression,250,-0.030853929243782274,,-0.035644027975765824,,-0.007341661893838558,,1.3044038114859644,0.1032380952380952
letter,self_training_lr,logistic_regression,500,-0.011022274485178563,,-0.013880054097343275,,-0.002533962197245221,,1.5598162572398642,0.1524516129032258
letter,self_training_xgboost,xgboost,50,0.0,,0.0,,0.0,,2.338756180308697,0.0
letter,self_training_xgboost,xgboost,100,-0.03873146643998948,,-0.03950283138094379,,-0.015438028255681968,,5.757228198772007,0.0795597484276729
letter,self_training_xgboost,xgboost,250,-0.02348911646714591,,-0.02685037210555896,,-0.022432284113997003,,4.8979098459161845,0.3361904761904762
letter,self_training_xgboost,xgboost,500,-0.00935638363365987,,-0.01117951308935583,,-0.007350630510135181,,6.346126103642743,0.3870967741935484
phoneme,rpl_lite_xgboost,xgboost,50,0.10492055758336494,,0.11270122610062705,,0.04357152294911393,,16.342031992138452,0.4233559560028083
phoneme,rpl_lite_xgboost,xgboost,100,0.08080912349084168,,0.06612407623578842,,0.02193956760863469,,9.042682926829269,0.4766753492777646
phoneme,rpl_lite_xgboost,xgboost,250,0.01441235734223012,,0.001999095194193501,,-0.0043623135745785024,,6.014901628042637,0.4883378345200098
phoneme,rpl_lite_xgboost,xgboost,500,-0.011930814078319307,,-0.014113432983012042,,-0.0053099245214462965,,3.884528259145996,0.4883599267590897
phoneme,rpl_lr,logistic_regression,50,-0.056344657869093484,,-0.11205132813616181,,-0.032028837101755636,,1.9848308051341892,
phoneme,rpl_lr,logistic_regression,100,0.014967711034403086,,0.015879245783477214,,0.002407220836705415,,3.0487562189054724,
phoneme,rpl_lr,logistic_regression,250,0.0008898046145969785,,0.002035408443146647,,0.00030967678002213894,,2.184248554913295,
phoneme,rpl_lr,logistic_regression,500,-0.035773861628156656,,-0.03691523902334737,,-0.0026632203081901062,,2.6771866546438234,
phoneme,self_training_catboost,catboost,50,-0.05270492344790001,,-0.06484956898868932,,0.014197648108081218,,0.0716605937349942,0.0
phoneme,self_training_catboost,catboost,100,-0.017500867094983996,,-0.01782584749498417,,0.010109914611789228,,0.6542382972389671,0.0
phoneme,self_training_catboost,catboost,250,-0.025269625249805916,,-0.019442046009303215,,-0.010248236906865715,,0.9207450581305702,0.1841394549472133
phoneme,self_training_catboost,catboost,500,-0.029045617454209083,,-0.02654068998417436,,-0.015909128445670384,,0.945160339700485,0.1961810096782631
phoneme,self_training_lightgbm,lightgbm,50,0.0,,0.0,,0.0,,0.30444094763528284,0.0
phoneme,self_training_lightgbm,lightgbm,100,0.03922985449320371,,0.028783795952575075,,0.03989875633805151,,46.72046659597031,0.477148946246744
phoneme,self_training_lightgbm,lightgbm,250,0.01827299453317255,,0.015051677774754246,,0.017127190447090657,,8.44975945017182,0.4883378345200098
phoneme,self_training_lightgbm,lightgbm,500,0.003573670041455257,,-0.000444017459196977,,0.0075230812426709814,,5.109882245787523,0.4883599267590897
phoneme,self_training_lr,logistic_regression,50,-0.00380902439427222,,-0.005258401260266776,,0.013167456686541068,,1.1546091015169195,0.4952024338871987
phoneme,self_training_lr,logistic_regression,100,-0.025655688968900137,,-0.025201391992047406,,0.006907856706360405,,1.4507462686567165,0.4998816007577552
phoneme,self_training_lr,logistic_regression,250,-0.010537268568219682,,-0.01066860005903969,,-0.0034270896989115895,,0.5657514450867052,0.4338325558556347
phoneme,self_training_lr,logistic_regression,500,-0.023122532908319116,,-0.02427083581640921,,-0.009719721868961084,,1.0883678990081154,0.388438399162961
phoneme,self_training_xgboost,xgboost,50,0.05973458635440232,,0.07277399152322128,,0.024439691479346548,,8.983621772124256,0.3816990404867774
phoneme,self_training_xgboost,xgboost,100,0.06658050770475821,,0.05743413064627689,,0.02005466827423319,,5.45136131593874,0.4612834477859341
phoneme,self_training_xgboost,xgboost,250,0.01860744545559645,,0.006796762845840965,,-0.009046691000379914,,10.054727687330965,0.4883378345200098
phoneme,self_training_xgboost,xgboost,500,0.0022647695178952265,,-0.0022331738373436716,,-0.004603861462995629,,4.8690395288254615,0.4883599267590897
spambase,rpl_lite_xgboost,xgboost,50,-0.0431958885038064,,-0.0432167443583491,,-0.030399300927160144,,0.7593824571552534,0.4881542699724518
spambase,rpl_lite_xgboost,xgboost,100,-0.023912141947332488,,-0.026047394811817837,,-0.00776336186893356,,4.0901707621824235,0.488268156424581
spambase,rpl_lite_xgboost,xgboost,250,-0.013092804881661202,,-0.014612459324618965,,-0.012253522517451931,,3.127424355307746,0.4880466472303207
spambase,rpl_lite_xgboost,xgboost,500,-0.006405699220948358,,-0.005731696853664814,,-0.0020044037639344037,,3.784063173007897,0.4880503144654088
spambase,rpl_lr,logistic_regression,50,0.011930151959477442,,0.016797168382010175,,0.017390424281919947,,1.8848843464228078,
spambase,rpl_lr,logistic_regression,100,-0.001096004028555253,,0.0016748358814604458,,0.003374408799628803,,1.8283678756476682,
spambase,rpl_lr,logistic_regression,250,-0.0028214698302675423,,-0.00143068108469957,,0.0032065523267865714,,1.329608938547486,
spambase,rpl_lr,logistic_regression,500,0.0004147042270211676,,0.0010123784219689957,,0.0010367605675524194,,2.1619718309859155,
spambase,self_training_catboost,catboost,50,0.010671228413163814,,0.00795968743487474,,0.0008145975887909884,,2.231149512314613,0.3584022038567493
spambase,self_training_catboost,catboost,100,0.01073787730679221,,0.007063819709701047,,0.012056044314109005,,2.5865589936716233,0.4
spambase,self_training_catboost,catboost,250,-0.035064723481145754,,-0.034821111922284986,,-0.014771369610079188,,2.084220305242203,0.4
spambase,self_training_catboost,catboost,500,-0.016047572499185536,,-0.013895519659346767,,-0.007405432625373964,,1.5377221553494298,0.4
spambase,self_training_lightgbm,lightgbm,50,0.0,,0.0,,0.0,,0.18814859792448663,0.0
spambase,self_training_lightgbm,lightgbm,100,0.01027133505139366,,0.01248699784053986,,0.024215764684972663,,3.026290379213483,0.488268156424581
spambase,self_training_lightgbm,lightgbm,250,0.008197813916289154,,0.008105549325918004,,0.0026067122841317847,,1.7979885289011626,0.4880466472303207
spambase,self_training_lightgbm,lightgbm,500,0.0017254658017121782,,0.0031989357141304353,,-0.0008985258252122152,,2.4324819535926965,0.4880503144654088
spambase,self_training_lr,logistic_regression,50,0.016943629846855712,,0.015089760079817549,,0.014181403477591337,,1.8036578805809573,0.5
spambase,self_training_lr,logistic_regression,100,0.005028288752629173,,0.004576126755928223,,0.004618521480691529,,1.716321243523316,0.5
spambase,self_training_lr,logistic_regression,250,0.0004813531206492305,,7.922904578361312e-05,,0.001142905101849112,,1.2574911122397157,0.5
spambase,self_training_lr,logistic_regression,500,0.002273467815990027,,0.0022659697354029396,,0.0005233172388597884,,1.6535211267605636,0.5
spambase,self_training_xgboost,xgboost,50,-0.03913030599247613,,-0.03884595476859021,,-0.030448670477996154,,0.8399595053872297,0.4881542699724518
spambase,self_training_xgboost,xgboost,100,-0.019779910542373935,,-0.022473097351063176,,-0.007003070786061993,,4.296751353602665,0.488268156424581
spambase,self_training_xgboost,xgboost,250,-0.018187742527918438,,-0.018527901868506724,,-0.0142480523712194,,3.8324641303564135,0.4880466472303207
spambase,self_training_xgboost,xgboost,500,-0.007368405462247041,,-0.005864054824965215,,-0.0022216297876119784,,4.0611342426417805,0.4880503144654088
