dataset,dataset_id,method,n_labeled,metric_accuracy_mean,metric_accuracy_std,metric_accuracy_count,metric_balanced_accuracy_mean,metric_balanced_accuracy_std,metric_balanced_accuracy_count,metric_macro_f1_mean,metric_macro_f1_std,metric_macro_f1_count,metric_f1_macro_mean,metric_f1_macro_std,metric_f1_macro_count,metric_roc_auc_mean,metric_roc_auc_std,metric_roc_auc_count,metric_average_precision_mean,metric_average_precision_std,metric_average_precision_count,metric_log_loss_mean,metric_log_loss_std,metric_log_loss_count,runtime_seconds_mean,runtime_seconds_std,runtime_seconds_count,n_pseudo_added_total_mean,n_pseudo_added_total_std,n_pseudo_added_total_count,pseudo_label_fraction_mean,pseudo_label_fraction_std,pseudo_label_fraction_count
letter,6,catboost,50,0.3205,,1,0.3199324526843887,,1,0.2963440676561575,,1,0.2963440676561575,,1,0.843882938346773,,1,,,0,2.5408792213360925,,1,5.7704,,1,,,0,,,0
letter,6,catboost,100,0.547,,1,0.545488977363327,,1,0.5396637864366618,,1,0.5396637864366618,,1,0.921394147878284,,1,,,0,1.894002787490516,,1,7.8829,,1,,,0,,,0
letter,6,catboost,250,0.64625,,1,0.6448299818925113,,1,0.6451074136149683,,1,0.6451074136149683,,1,0.957652117208963,,1,,,0,1.414517649104981,,1,8.9891,,1,,,0,,,0
letter,6,catboost,500,0.74725,,1,0.7466896823342147,,1,0.7496508966893737,,1,0.7496508966893737,,1,0.9762017321584264,,1,,,0,1.0533719208940109,,1,8.361,,1,,,0,,,0
letter,6,label_propagation,50,0.19625,,1,0.1960076785366194,,1,0.1736406117493301,,1,0.1736406117493301,,1,0.8109974859963935,,1,,,0,3.9082046773539054,,1,61.8525,,1,,,0,,,0
letter,6,label_propagation,100,0.2635,,1,0.2622346894499459,,1,0.2635024070479915,,1,0.2635024070479915,,1,0.8741549108682091,,1,,,0,2.595755020836536,,1,56.3764,,1,,,0,,,0
letter,6,label_propagation,250,0.39275,,1,0.3910178901152603,,1,0.4003121935060261,,1,0.4003121935060261,,1,0.9254059706998004,,1,,,0,2.0144516894662474,,1,48.4831,,1,,,0,,,0
letter,6,label_propagation,500,0.46825,,1,0.4667214478674888,,1,0.4859630741113466,,1,0.4859630741113466,,1,0.9496986866886792,,1,,,0,1.6881107256151235,,1,51.0419,,1,,,0,,,0
letter,6,label_spreading,50,0.368,,1,0.3670500894892256,,1,0.3547600154126089,,1,0.3547600154126089,,1,0.8198713732119967,,1,,,0,5.8803680884826885,,1,11.4109,,1,,,0,,,0
letter,6,label_spreading,100,0.50375,,1,0.5033413582064811,,1,0.5005176994714098,,1,0.5005176994714098,,1,0.8979557679395358,,1,,,0,2.823738460896684,,1,16.0028,,1,,,0,,,0
letter,6,label_spreading,250,0.60025,,1,0.5986283835703108,,1,0.6020906690740843,,1,0.6020906690740843,,1,0.9495987746820904,,1,,,0,1.5287436907269694,,1,9.9249,,1,,,0,,,0
letter,6,label_spreading,500,0.6745,,1,0.673244681730658,,1,0.67414460561133,,1,0.67414460561133,,1,0.9669287417325936,,1,,,0,1.1808789119416747,,1,9.4919,,1,,,0,,,0
letter,6,lightgbm,50,0.17025,,1,0.1706649688984234,,1,0.1547673270003936,,1,0.1547673270003936,,1,0.7257183688655936,,1,,,0,3.772157803870221,,1,9.1245,,1,,,0,,,0
letter,6,lightgbm,100,0.4875,,1,0.4872208406760294,,1,0.4823761000232651,,1,0.4823761000232651,,1,0.8883288366227059,,1,,,0,2.7660071065707545,,1,20.532,,1,,,0,,,0
letter,6,lightgbm,250,0.61825,,1,0.6173146397354814,,1,0.6156480127506991,,1,0.6156480127506991,,1,0.9434201486380144,,1,,,0,1.961388396090792,,1,27.6511,,1,,,0,,,0
letter,6,lightgbm,500,0.72625,,1,0.7257008709215853,,1,0.72544679980919,,1,0.72544679980919,,1,0.9679046360041478,,1,,,0,1.4339345917872433,,1,63.5203,,1,,,0,,,0
letter,6,logistic_regression,50,0.33,,1,0.3295163076412413,,1,0.316275063777394,,1,0.316275063777394,,1,0.8258827092509725,,1,,,0,2.607950210571289,,1,0.4953,,1,,,0,,,0
letter,6,logistic_regression,100,0.51175,,1,0.5107145554033182,,1,0.5015266510652576,,1,0.5015266510652576,,1,0.90707297186664,,1,,,0,1.8491506576538088,,1,0.4014,,1,,,0,,,0
letter,6,logistic_regression,250,0.5955,,1,0.5936541088564823,,1,0.5934349534621235,,1,0.5934349534621235,,1,0.9422443281543016,,1,,,0,1.499135971069336,,1,0.3883,,1,,,0,,,0
letter,6,logistic_regression,500,0.68075,,1,0.6793518264750271,,1,0.6784490939234467,,1,0.6784490939234467,,1,0.9608080277033488,,1,,,0,1.228945016860962,,1,0.5007,,1,,,0,,,0
letter,6,mlp,50,0.0535,,1,0.0542625620224254,,1,0.0299641219140035,,1,0.0299641219140035,,1,0.5301477533862775,,1,,,0,3.280001163482666,,1,0.3612,,1,,,0,,,0
letter,6,mlp,100,0.1745,,1,0.173932149681633,,1,0.1393147774721282,,1,0.1393147774721282,,1,0.7094020398967016,,1,,,0,3.092272996902466,,1,0.477,,1,,,0,,,0
letter,6,mlp,250,0.208,,1,0.208432065013744,,1,0.1610141017692256,,1,0.1610141017692256,,1,0.7695496111854623,,1,,,0,2.9891719818115234,,1,0.5325,,1,,,0,,,0
letter,6,mlp,500,0.53175,,1,0.5306893497023721,,1,0.514046143186241,,1,0.514046143186241,,1,0.9335732528727732,,1,,,0,1.787526249885559,,1,0.8632,,1,,,0,,,0
letter,6,random_forest,50,0.317,,1,0.316666506751437,,1,0.293575404047043,,1,0.293575404047043,,1,0.8320906821832099,,1,,,0,3.069061563195891,,1,3.8399,,1,,,0,,,0
letter,6,random_forest,100,0.519,,1,0.5179698072226298,,1,0.5123872885067876,,1,0.5123872885067876,,1,0.9083991076893564,,1,,,0,2.198091650063451,,1,2.7431,,1,,,0,,,0
letter,6,random_forest,250,0.6275,,1,0.6264504770707284,,1,0.6228238824579304,,1,0.6228238824579304,,1,0.9422937099160704,,1,,,0,1.7537505042231782,,1,3.4058,,1,,,0,,,0
letter,6,random_forest,500,0.7405,,1,0.7397563206519083,,1,0.7407361656914339,,1,0.7407361656914339,,1,0.9657494609805202,,1,,,0,1.3455502519205202,,1,3.5322,,1,,,0,,,0
letter,6,rpl_lite_xgboost,50,0.23275,,1,0.2325648845061029,,1,0.1764927548403528,,1,0.1764927548403528,,1,0.7091833668408163,,1,,,0,3.244602680206299,,1,41.7561,,1,868.0,,1,0.0544200626959247,,1
letter,6,rpl_lite_xgboost,100,0.45,,1,0.4499526193077627,,1,0.4388816130034011,,1,0.4388816130034011,,1,0.8397672512897102,,1,,,0,2.659127950668335,,1,63.0374,,1,4343.0,,1,0.2731446540880503,,1
letter,6,rpl_lite_xgboost,250,0.59675,,1,0.5951499313705328,,1,0.5897944363490333,,1,0.5897944363490333,,1,0.9214181520267316,,1,,,0,1.8011497259140017,,1,73.3461,,1,6000.0,,1,0.3809523809523809,,1
letter,6,rpl_lite_xgboost,500,0.704,,1,0.7032429463494512,,1,0.7008914508880981,,1,0.7008914508880981,,1,0.9609315442018171,,1,,,0,1.2162574529647827,,1,71.8859,,1,6000.0,,1,0.3870967741935484,,1
letter,6,rpl_lr,50,0.28,,1,0.2798758906856731,,1,0.2522490681197289,,1,0.2522490681197289,,1,0.7780216417678835,,1,,,0,3.5142319202423096,,1,0.7685,,1,,,0,,,0
letter,6,rpl_lr,100,0.42925,,1,0.4282285787490246,,1,0.4187409217944718,,1,0.4187409217944718,,1,0.8645620441047542,,1,,,0,2.7981247901916504,,1,1.0684,,1,,,0,,,0
letter,6,rpl_lr,250,0.51675,,1,0.5141115529371424,,1,0.4954787092500327,,1,0.4954787092500327,,1,0.9225325882775,,1,,,0,1.944912791252136,,1,1.1701,,1,,,0,,,0
letter,6,rpl_lr,500,0.63275,,1,0.6309432841086978,,1,0.6208013471935119,,1,0.6208013471935119,,1,0.9552929068241478,,1,,,0,1.3944674730300903,,1,1.3518,,1,,,0,,,0
letter,6,self_training_catboost,50,0.266,,1,0.2659311650421787,,1,0.2336710416700179,,1,0.2336710416700179,,1,0.8285418034611733,,1,,,0,2.858230956882964,,1,5.4393,,1,0.0,,1,0.0,,1
letter,6,self_training_catboost,100,0.50075,,1,0.4988670332030436,,1,0.4928851765956218,,1,0.4928851765956218,,1,0.9008684073434676,,1,,,0,2.4451837334079483,,1,6.7577,,1,0.0,,1,0.0,,1
letter,6,self_training_catboost,250,0.6085,,1,0.6060080809148479,,1,0.6030752861792229,,1,0.6030752861792229,,1,0.9443184865638348,,1,,,0,1.9595830933985128,,1,4.9465,,1,0.0,,1,0.0,,1
letter,6,self_training_catboost,500,0.706,,1,0.7049386886032557,,1,0.704797019184511,,1,0.704797019184511,,1,0.967426155764321,,1,,,0,1.529913937770782,,1,6.8563,,1,0.0,,1,0.0,,1
letter,6,self_training_lightgbm,50,0.28625,,1,0.2874484548153224,,1,0.269048624152382,,1,0.269048624152382,,1,0.7085294131106097,,1,,,0,6.272859085572256,,1,229.1171,,1,4510.0,,1,0.2827586206896552,,1
letter,6,self_training_lightgbm,100,0.5025,,1,0.5018297374862791,,1,0.4855393448785318,,1,0.4855393448785318,,1,0.8480100398358815,,1,,,0,3.723586543885615,,1,147.1275,,1,6000.0,,1,0.3773584905660377,,1
letter,6,self_training_lightgbm,250,0.63775,,1,0.6367114913093221,,1,0.6331176581969337,,1,0.6331176581969337,,1,0.9235883934054004,,1,,,0,2.30541321017137,,1,174.1187,,1,6000.0,,1,0.3809523809523809,,1
letter,6,self_training_lightgbm,500,0.70525,,1,0.7046072567572812,,1,0.7032815967135412,,1,0.7032815967135412,,1,0.9573259669101712,,1,,,0,1.6680074438653618,,1,315.0146,,1,6000.0,,1,0.3870967741935484,,1
letter,6,self_training_lr,50,0.33,,1,0.3295163076412413,,1,0.316275063777394,,1,0.316275063777394,,1,0.8258827092509725,,1,,,0,2.607950210571289,,1,0.3096,,1,0.0,,1,0.0,,1
letter,6,self_training_lr,100,0.47125,,1,0.4708906842554367,,1,0.4668558373510401,,1,0.4668558373510401,,1,0.8869802194032388,,1,,,0,2.1768271923065186,,1,0.4341,,1,1527.0,,1,0.0960377358490566,,1
letter,6,self_training_lr,250,0.56475,,1,0.5628001796127,,1,0.5577909254863577,,1,0.5577909254863577,,1,0.934902666260463,,1,,,0,1.6089304685592651,,1,0.5065,,1,1626.0,,1,0.1032380952380952,,1
letter,6,self_training_lr,500,0.67,,1,0.6683295519898486,,1,0.6645690398261034,,1,0.6645690398261034,,1,0.9582740655061036,,1,,,0,1.267796277999878,,1,0.781,,1,2363.0,,1,0.1524516129032258,,1
letter,6,self_training_xgboost,50,0.2595,,1,0.2590574657061826,,1,0.2002224824802964,,1,0.2002224824802964,,1,0.7350417974177756,,1,,,0,2.760589838027954,,1,60.5946,,1,0.0,,1,0.0,,1
letter,6,self_training_xgboost,100,0.4445,,1,0.444857887796205,,1,0.4377306926527173,,1,0.4377306926527173,,1,0.8770775049771771,,1,,,0,2.115744113922119,,1,145.6193,,1,1265.0,,1,0.0795597484276729,,1
letter,6,self_training_xgboost,250,0.586,,1,0.5844984405671741,,1,0.5788326715217864,,1,0.5788326715217864,,1,0.921998183326462,,1,,,0,1.7474584579467771,,1,209.8916,,1,5295.0,,1,0.3361904761904762,,1
letter,6,self_training_xgboost,500,0.705,,1,0.7043890764722391,,1,0.702437665449242,,1,0.702437665449242,,1,0.9600739905416544,,1,,,0,1.2238432168960571,,1,208.5153,,1,6000.0,,1,0.3870967741935484,,1
letter,6,xgboost,50,0.2595,,1,0.2590574657061826,,1,0.2002224824802964,,1,0.2002224824802964,,1,0.7350417974177756,,1,,,0,2.760589838027954,,1,25.9089,,1,,,0,,,0
letter,6,xgboost,100,0.48375,,1,0.4835893542361945,,1,0.4772335240336611,,1,0.4772335240336611,,1,0.892515533232859,,1,,,0,1.9306379556655884,,1,25.2933,,1,,,0,,,0
letter,6,xgboost,250,0.6085,,1,0.6079875570343201,,1,0.6056830436273454,,1,0.6056830436273454,,1,0.944430467440459,,1,,,0,1.4031938314437866,,1,42.8533,,1,,,0,,,0
letter,6,xgboost,500,0.71425,,1,0.713745460105899,,1,0.7136171785385979,,1,0.7136171785385979,,1,0.9674246210517896,,1,,,0,1.061222791671753,,1,32.8571,,1,,,0,,,0
phoneme,1489,catboost,50,0.7696577243293247,,1,0.6515516871190976,,1,0.6671011834604934,,1,0.6671011834604934,,1,0.793627264769518,,1,0.607332611866867,,1,0.6975903983388685,,1,10.6209,,1,,,0,,,0
phoneme,1489,catboost,100,0.755781683626272,,1,0.6611145060861809,,1,0.6733660519713589,,1,0.6733660519713589,,1,0.825495069945662,,1,0.5882385878974816,,1,0.7324582456642603,,1,1.3437,,1,,,0,,,0
phoneme,1489,catboost,250,0.7927844588344126,,1,0.7408170512164104,,1,0.7452381553586007,,1,0.7452381553586007,,1,0.869733430227757,,1,0.6717264378115148,,1,0.5343746150470556,,1,3.2427,,1,,,0,,,0
phoneme,1489,catboost,500,0.8251618871415356,,1,0.7701826680099757,,1,0.7804113639368154,,1,0.7804113639368154,,1,0.8949782813351611,,1,0.7635521643965519,,1,0.4042372229105427,,1,3.7327,,1,,,0,,,0
phoneme,1489,label_propagation,50,0.7437557816836263,,1,0.6018506284374122,,1,0.6054645759136503,,1,0.6054645759136503,,1,0.7379308636266043,,1,0.5348427862213693,,1,0.6564298097370243,,1,4.2635,,1,,,0,,,0
phoneme,1489,label_propagation,100,0.7317298797409806,,1,0.5951884486432029,,1,0.5983122168235029,,1,0.5983122168235029,,1,0.7762358168034751,,1,0.5420097225206013,,1,0.6063522169615828,,1,3.2077,,1,,,0,,,0
phoneme,1489,label_propagation,250,0.7705827937095282,,1,0.6965023039952434,,1,0.706538111251226,,1,0.706538111251226,,1,0.8327580226931145,,1,0.6148117271962534,,1,0.5182568508310299,,1,3.7399,,1,,,0,,,0
phoneme,1489,label_propagation,500,0.793709528214616,,1,0.7211690917799396,,1,0.7340484567257675,,1,0.7340484567257675,,1,0.8631847985862222,,1,0.6943441195863734,,1,0.4305599892510285,,1,2.1703,,1,,,0,,,0
phoneme,1489,label_spreading,50,0.7206290471785384,,1,0.6196343336581498,,1,0.6272754258574234,,1,0.6272754258574234,,1,0.7321997786843278,,1,0.4988781288373849,,1,1.0694937164879854,,1,4.108,,1,,,0,,,0
phoneme,1489,label_spreading,100,0.7261794634597595,,1,0.6558603233851388,,1,0.6599733059024561,,1,0.6599733059024561,,1,0.7824252233801839,,1,0.5336475332282942,,1,1.2120790406453843,,1,2.9087,,1,,,0,,,0
phoneme,1489,label_spreading,250,0.782608695652174,,1,0.7225440566832377,,1,0.7292202511082853,,1,0.7292202511082853,,1,0.8478702495581945,,1,0.6347861768196392,,1,0.7404221464751042,,1,2.6294,,1,,,0,,,0
phoneme,1489,label_spreading,500,0.7964847363552267,,1,0.737897831436735,,1,0.7457210308872713,,1,0.7457210308872713,,1,0.8674707252217284,,1,0.7115438501413902,,1,0.509016085050379,,1,2.1032,,1,,,0,,,0
phoneme,1489,lightgbm,50,0.7067530064754857,,1,0.5,,1,0.4140921409214092,,1,0.4140921409214092,,1,0.5,,1,0.2932469935245143,,1,0.6051424941170336,,1,2.2878,,1,,,0,,,0
phoneme,1489,lightgbm,100,0.7659574468085106,,1,0.6978442367086726,,1,0.7054340462334983,,1,0.7054340462334983,,1,0.8015632483855517,,1,0.5737991162100589,,1,0.6489962353223561,,1,0.4715,,1,,,0,,,0
phoneme,1489,lightgbm,250,0.7927844588344126,,1,0.7500454192610699,,1,0.7500454192610699,,1,0.7500454192610699,,1,0.8499388904487424,,1,0.6616143027808177,,1,0.8270080807540554,,1,2.91,,1,,,0,,,0
phoneme,1489,lightgbm,500,0.8344125809435707,,1,0.7905697226947661,,1,0.7962175249621658,,1,0.7962175249621658,,1,0.8859563644771831,,1,0.7481501094751634,,1,0.6693191303831689,,1,6.1484,,1,,,0,,,0
phoneme,1489,logistic_regression,50,0.7215541165587419,,1,0.5649185756519729,,1,0.5544660743211509,,1,0.5544660743211509,,1,0.756990437181033,,1,0.5155103461173063,,1,0.5325736999511719,,1,0.1714,,1,,,0,,,0
phoneme,1489,logistic_regression,100,0.7428307123034228,,1,0.6593348968569871,,1,0.6680796826126142,,1,0.6680796826126142,,1,0.7890935967099938,,1,0.5436624605737574,,1,0.4985902607440948,,1,0.1005,,1,,,0,,,0
phoneme,1489,logistic_regression,250,0.7335800185013877,,1,0.6361793317587989,,1,0.6454284542845428,,1,0.6454284542845428,,1,0.8027152460072341,,1,0.580999261768317,,1,0.4848199784755707,,1,0.1384,,1,,,0,,,0
phoneme,1489,logistic_regression,500,0.7400555041628122,,1,0.652757362049317,,1,0.6617967157335934,,1,0.6617967157335934,,1,0.7966538391662674,,1,0.5576269903891635,,1,0.4846219718456268,,1,0.1109,,1,,,0,,,0
phoneme,1489,mlp,50,0.7067530064754857,,1,0.5,,1,0.4140921409214092,,1,0.4140921409214092,,1,0.7114803375889804,,1,0.4781134256532181,,1,0.6253673434257507,,1,0.1706,,1,,,0,,,0
phoneme,1489,mlp,100,0.7132284921369103,,1,0.5590285232959519,,1,0.5484617706345869,,1,0.5484617706345869,,1,0.798937189290964,,1,0.561507673054279,,1,0.5224124789237976,,1,0.2219,,1,,,0,,,0
phoneme,1489,mlp,250,0.7224791859389454,,1,0.5572674946735594,,1,0.5398694665153234,,1,0.5398694665153234,,1,0.8022280212066659,,1,0.5870010079356894,,1,0.5253142714500427,,1,0.2139,,1,,,0,,,0
phoneme,1489,mlp,500,0.7687326549491211,,1,0.7044217715163427,,1,0.7110466260082628,,1,0.7110466260082628,,1,0.8163637339587428,,1,0.5863552115899504,,1,0.4652813374996185,,1,0.5655,,1,,,0,,,0
phoneme,1489,random_forest,50,0.7483811285846439,,1,0.6051228797463127,,1,0.6092784929890397,,1,0.6092784929890397,,1,0.7865872793036813,,1,0.5909214029560469,,1,0.5061276784279808,,1,1.6085,,1,,,0,,,0
phoneme,1489,random_forest,100,0.7567067530064755,,1,0.6534634251077676,,1,0.6665916124575915,,1,0.6665916124575915,,1,0.818461278015426,,1,0.5775974185412389,,1,0.4698327016587243,,1,1.4581,,1,,,0,,,0
phoneme,1489,random_forest,250,0.7955596669750231,,1,0.7261693395213635,,1,0.7381978575929427,,1,0.7381978575929427,,1,0.8739347118767239,,1,0.6870838004049444,,1,0.4003337490472626,,1,2.2346,,1,,,0,,,0
phoneme,1489,random_forest,500,0.8390379278445883,,1,0.7883049531768709,,1,0.7984712900820283,,1,0.7984712900820283,,1,0.9004884635076882,,1,0.756293110045112,,1,0.3644454868644062,,1,8.1913,,1,,,0,,,0
phoneme,1489,rpl_lite_xgboost,50,0.7474560592044404,,1,0.6801410474507408,,1,0.6854345895853697,,1,0.6854345895853697,,1,0.7610079772738534,,1,0.5492796653158916,,1,1.074411392211914,,1,29.9337,,1,1809.0,,1,0.4233559560028083,,1
phoneme,1489,rpl_lite_xgboost,100,0.7668825161887142,,1,0.729875138322295,,1,0.7247340425531915,,1,0.7247340425531915,,1,0.8213226914628305,,1,0.5868428931701175,,1,0.872585654258728,,1,19.1307,,1,2013.0,,1,0.4766753492777646,,1
phoneme,1489,rpl_lite_xgboost,250,0.7853839037927844,,1,0.7577295324293525,,1,0.7491176823656516,,1,0.7491176823656516,,1,0.8528395296216162,,1,0.6526391391636259,,1,0.75687575340271,,1,11.3423,,1,1989.0,,1,0.4883378345200098,,1
phoneme,1489,rpl_lite_xgboost,500,0.8149861239592969,,1,0.774057756783986,,1,0.7755752829702953,,1,0.7755752829702953,,1,0.8846887541909589,,1,0.735415553149272,,1,0.5428240299224854,,1,13.7186,,1,1867.0,,1,0.4883599267590897,,1
phoneme,1489,rpl_lr,50,0.7058279370952821,,1,0.5085739177828794,,1,0.4424147461849891,,1,0.4424147461849891,,1,0.7249616000792773,,1,0.4964536924138139,,1,1.8068393468856807,,1,0.3402,,1,,,0,,,0
phoneme,1489,rpl_lr,100,0.7548566142460684,,1,0.6743026078913902,,1,0.6839589283960914,,1,0.6839589283960914,,1,0.7915008175466992,,1,0.5518381916004673,,1,1.2010596990585327,,1,0.3064,,1,,,0,,,0
phoneme,1489,rpl_lr,250,0.7400555041628122,,1,0.6370691363733959,,1,0.6474638627276894,,1,0.6474638627276894,,1,0.8030249227872562,,1,0.591431136478525,,1,0.8102508783340454,,1,0.3023,,1,,,0,,,0
phoneme,1489,rpl_lr,500,0.723404255319149,,1,0.6169835004211603,,1,0.6248814767102461,,1,0.6248814767102461,,1,0.7939906188580773,,1,0.5576074079651097,,1,0.5748620629310608,,1,0.2969,,1,,,0,,,0
phoneme,1489,self_training_catboost,50,0.7382053654024052,,1,0.5988467636711976,,1,0.6022516144718041,,1,0.6022516144718041,,1,0.8078249128775992,,1,0.6048392223626845,,1,0.4899920431601623,,1,0.7611,,1,0.0,,1,0.0,,1
phoneme,1489,self_training_catboost,100,0.7493061979648473,,1,0.643613638991197,,1,0.6555402044763747,,1,0.6555402044763747,,1,0.8356049845574512,,1,0.5918052754718709,,1,0.4566050370197372,,1,0.8791,,1,0.0,,1,0.0,,1
phoneme,1489,self_training_catboost,250,0.7844588344125809,,1,0.7155474259666045,,1,0.7257961093492975,,1,0.7257961093492975,,1,0.8594851933208912,,1,0.645258756321203,,1,0.4213471282112843,,1,2.9857,,1,750.0,,1,0.1841394549472133,,1
phoneme,1489,self_training_catboost,500,0.8075855689176689,,1,0.7411370505557666,,1,0.7538706739526411,,1,0.7538706739526411,,1,0.8790691528894907,,1,0.7303413443830136,,1,0.3884141561491449,,1,3.528,,1,750.0,,1,0.1961810096782631,,1
phoneme,1489,self_training_lightgbm,50,0.7067530064754857,,1,0.5,,1,0.4140921409214092,,1,0.4140921409214092,,1,0.5,,1,0.2932469935245143,,1,0.6051424941170336,,1,0.6965,,1,0.0,,1,0.0,,1
phoneme,1489,self_training_lightgbm,100,0.7770582793709528,,1,0.7370740912018763,,1,0.7342178421860733,,1,0.7342178421860733,,1,0.8414620047236032,,1,0.615274293177774,,1,1.658255130847138,,1,22.0287,,1,2015.0,,1,0.477148946246744,,1
phoneme,1489,self_training_lightgbm,250,0.8029602220166513,,1,0.7683184137942425,,1,0.7650970970358242,,1,0.7650970970358242,,1,0.867066080895833,,1,0.6722101204542068,,1,1.4108067571917762,,1,24.5888,,1,1989.0,,1,0.4883378345200098,,1
phoneme,1489,self_training_lightgbm,500,0.8316373728029602,,1,0.7941433927362214,,1,0.7957735075029688,,1,0.7957735075029688,,1,0.893479445719854,,1,0.7587001593654432,,1,1.0495740840729506,,1,31.4176,,1,1867.0,,1,0.4883599267590897,,1
phoneme,1489,self_training_lr,50,0.7187789084181314,,1,0.5611095512577007,,1,0.5492076730608841,,1,0.5492076730608841,,1,0.770157893867574,,1,0.517856183146066,,1,0.9141955971717834,,1,0.1979,,1,2116.0,,1,0.4952024338871987,,1
phoneme,1489,self_training_lr,100,0.7326549491211841,,1,0.633679207888087,,1,0.6428782906205668,,1,0.6428782906205668,,1,0.7960014534163542,,1,0.5499290190983781,,1,0.7436176538467407,,1,0.1458,,1,2111.0,,1,0.4998816007577552,,1
phoneme,1489,self_training_lr,250,0.7317298797409806,,1,0.6256420631905792,,1,0.6347598542255031,,1,0.6347598542255031,,1,0.7992881563083225,,1,0.5692267053061957,,1,0.5812085270881653,,1,0.0783,,1,1767.0,,1,0.4338325558556347,,1
phoneme,1489,self_training_lr,500,0.7243293246993524,,1,0.6296348291409979,,1,0.6375258799171842,,1,0.6375258799171842,,1,0.7869341172973063,,1,0.5426038928546016,,1,0.5309350490570068,,1,0.1207,,1,1485.0,,1,0.388438399162961,,1
phoneme,1489,self_training_xgboost,50,0.7409805735430157,,1,0.6349550762217782,,1,0.645507355007964,,1,0.645507355007964,,1,0.741876145804086,,1,0.5273529978982499,,1,1.070950627326965,,1,16.4553,,1,1631.0,,1,0.3816990404867774,,1
phoneme,1489,self_training_xgboost,100,0.7650323774283071,,1,0.7156465225362115,,1,0.71604409696368,,1,0.71604409696368,,1,0.819437792128429,,1,0.5907771194176744,,1,0.8420788645744324,,1,11.5329,,1,1948.0,,1,0.4612834477859341,,1
phoneme,1489,self_training_xgboost,250,0.790009250693802,,1,0.7619246205427188,,1,0.753915350017299,,1,0.753915350017299,,1,0.8481551521958148,,1,0.6470559577836558,,1,0.7719103097915649,,1,18.9602,,1,1989.0,,1,0.4883378345200098,,1
phoneme,1489,self_training_xgboost,500,0.8233117483811286,,1,0.7882533403802006,,1,0.7874555421159637,,1,0.7874555421159637,,1,0.8853948172494096,,1,0.7364058933853442,,1,0.537536084651947,,1,17.1955,,1,1867.0,,1,0.4883599267590897,,1
phoneme,1489,xgboost,50,0.7178538390379279,,1,0.5752204898673758,,1,0.5727333634847427,,1,0.5727333634847427,,1,0.7174364543247395,,1,0.4894596274630001,,1,0.6989253759384155,,1,1.8317,,1,,,0,,,0
phoneme,1489,xgboost,100,0.7400555041628122,,1,0.6490660148314533,,1,0.6586099663174031,,1,0.6586099663174031,,1,0.7993831238541959,,1,0.5520599712647642,,1,0.6025485396385193,,1,2.1156,,1,,,0,,,0
phoneme,1489,xgboost,250,0.793709528214616,,1,0.7433171750871224,,1,0.7471185871714581,,1,0.7471185871714581,,1,0.8572018431961947,,1,0.6652710939969073,,1,0.5339430570602417,,1,1.8857,,1,,,0,,,0
phoneme,1489,xgboost,500,0.8279370952821462,,1,0.7859885708623053,,1,0.7896887159533074,,1,0.7896887159533074,,1,0.8899986787124052,,1,0.7472636467802053,,1,0.4273487329483032,,1,3.5316,,1,,,0,,,0
spambase,44,catboost,50,0.8490770901194354,,1,0.8412719571077343,,1,0.8417637265044738,,1,0.8417637265044738,,1,0.9194585147664328,,1,0.8989813587124722,,1,0.4109858478124776,,1,2.2453,,1,,,0,,,0
spambase,44,catboost,100,0.8794788273615635,,1,0.8682869753250986,,1,0.8723256781109929,,1,0.8723256781109929,,1,0.925521095609072,,1,0.9170129694767984,,1,0.3989695319292362,,1,2.5757,,1,,,0,,,0
spambase,44,catboost,250,0.9239956568946796,,1,0.9141710358719156,,1,0.9193520140105078,,1,0.9193520140105078,,1,0.9677913050347068,,1,0.9575075513991008,,1,0.237902962753154,,1,3.7675,,1,,,0,,,0
spambase,44,catboost,500,0.9478827361563518,,1,0.9478435380194912,,1,0.9456914851796524,,1,0.9456914851796524,,1,0.9816789596848248,,1,0.9700125633355556,,1,0.16736374332239,,1,5.6492,,1,,,0,,,0
spambase,44,label_propagation,250,0.6373507057546145,,1,0.5404262567019166,,1,0.4608106402669882,,1,0.4608106402669882,,1,0.9093229459798376,,1,0.858445754189822,,1,0.7442285774008806,,1,6.0967,,1,,,0,,,0
spambase,44,label_propagation,500,0.6677524429967426,,1,0.5799564560561628,,1,0.5327942229649081,,1,0.5327942229649081,,1,0.9233833940578812,,1,0.8730896127984238,,1,0.595302857323756,,1,5.2931,,1,,,0,,,0
spambase,44,label_spreading,250,0.8501628664495114,,1,0.8402426019728073,,1,0.8421911317718577,,1,0.8421911317718577,,1,0.924504082861854,,1,0.8876092722437491,,1,0.4185836839186963,,1,4.6822,,1,,,0,,,0
spambase,44,label_spreading,500,0.8555917480998915,,1,0.8403907106253148,,1,0.8459868157180379,,1,0.8459868157180379,,1,0.9407516020419248,,1,0.9007608458420252,,1,0.385262541933306,,1,4.4735,,1,,,0,,,0
spambase,44,lightgbm,50,0.7752442996742671,,1,0.7413504546935632,,1,0.7501274612471935,,1,0.7501274612471935,,1,0.8317559761841287,,1,0.7186364140101472,,1,0.4978795844651654,,1,3.6232,,1,,,0,,,0
spambase,44,lightgbm,100,0.8295331161780674,,1,0.8241802186083711,,1,0.8224463859231199,,1,0.8224463859231199,,1,0.900031596512535,,1,0.8740144750850133,,1,0.5601435703833367,,1,6.8352,,1,,,0,,,0
spambase,44,lightgbm,250,0.9066232356134636,,1,0.8964646464646464,,1,0.9010271405008248,,1,0.9010271405008248,,1,0.960642594073679,,1,0.9498585299774462,,1,0.4164245335024745,,1,13.6517,,1,,,0,,,0
spambase,44,lightgbm,500,0.9402823018458196,,1,0.9430151959477472,,1,0.9381242693826596,,1,0.9381242693826596,,1,0.9825429268244518,,1,0.9671005319692766,,1,0.2899125341918622,,1,12.6618,,1,,,0,,,0
spambase,44,logistic_regression,50,0.8849077090119435,,1,0.8828756775970852,,1,0.8802840045126796,,1,0.8802840045126796,,1,0.9405294390631632,,1,0.8899128468838724,,1,0.3428041338920593,,1,0.1859,,1,,,0,,,0
spambase,44,logistic_regression,100,0.9077090119435396,,1,0.9089131787079,,1,0.9043738708641104,,1,0.9043738708641104,,1,0.947194328426,,1,0.8712324112516531,,1,0.3683435022830963,,1,0.1544,,1,,,0,,,0
spambase,44,logistic_regression,250,0.9250814332247556,,1,0.9193992713054298,,1,0.921216178521618,,1,0.921216178521618,,1,0.9594552563760776,,1,0.910275011915794,,1,0.2944577038288116,,1,0.1969,,1,,,0,,,0
spambase,44,logistic_regression,500,0.9163952225841476,,1,0.9141562250066648,,1,0.9127601651869794,,1,0.9127601651869794,,1,0.9592108770994402,,1,0.9033491404687826,,1,0.30573371052742,,1,0.142,,1,,,0,,,0
spambase,44,mlp,50,0.6634093376764386,,1,0.6543514322106697,,1,0.651966472928694,,1,0.651966472928694,,1,0.7004848089892078,,1,0.6148004346503019,,1,0.6430006623268127,,1,0.3434,,1,,,0,,,0
spambase,44,mlp,100,0.8523344191096635,,1,0.825187357445422,,1,0.8374143302180685,,1,0.8374143302180685,,1,0.932171174106658,,1,0.8699643539315273,,1,0.4342552721500397,,1,0.4098,,1,,,0,,,0
spambase,44,mlp,250,0.8621064060803475,,1,0.8313264610918569,,1,0.846222514379622,,1,0.846222514379622,,1,0.9452590420332354,,1,0.9250462726717686,,1,0.4152718186378479,,1,0.4517,,1,,,0,,,0
spambase,44,mlp,500,0.9022801302931596,,1,0.8914363577120176,,1,0.8963097322992244,,1,0.8963097322992244,,1,0.9594675987637864,,1,0.9159057197197272,,1,0.3154235482215881,,1,0.5419,,1,,,0,,,0
spambase,44,random_forest,50,0.8827361563517915,,1,0.8637548505583696,,1,0.8733278997503948,,1,0.8733278997503948,,1,0.943550855574316,,1,0.9322214570299708,,1,0.3867249793095098,,1,1.5059,,1,,,0,,,0
spambase,44,random_forest,100,0.9250814332247556,,1,0.9126603276163392,,1,0.920005488301484,,1,0.920005488301484,,1,0.9593614542294896,,1,0.9516275883387296,,1,0.3015742787940277,,1,1.5891,,1,,,0,,,0
spambase,44,random_forest,250,0.9315960912052116,,1,0.9218874966675552,,1,0.9273765671994862,,1,0.9273765671994862,,1,0.9715285800329788,,1,0.9612921392019658,,1,0.2515497008170229,,1,2.5279,,1,,,0,,,0
spambase,44,random_forest,500,0.9391965255157436,,1,0.9353801949109868,,1,0.936218836565097,,1,0.936218836565097,,1,0.979346248407832,,1,0.9680046850925158,,1,0.2218766954373099,,1,2.9008,,1,,,0,,,0
spambase,44,rpl_lite_xgboost,50,0.8208469055374593,,1,0.812198228620516,,1,0.8123483468650634,,1,0.8123483468650634,,1,0.8913623033857638,,1,0.8573501432919051,,1,0.7401432991027832,,1,10.5015,,1,1772.0,,1,0.4881542699724518,,1
spambase,44,rpl_lite_xgboost,100,0.8295331161780674,,1,0.828512396694215,,1,0.8238093787506777,,1,0.8238093787506777,,1,0.91844890745184,,1,0.8886342612292332,,1,0.5778059959411621,,1,11.7846,,1,1748.0,,1,0.488268156424581,,1
spambase,44,rpl_lite_xgboost,250,0.8957654723127035,,1,0.8841346011433988,,1,0.8892740497325025,,1,0.8892740497325025,,1,0.9444790031300296,,1,0.9295636372787236,,1,0.3724643588066101,,1,13.0129,,1,1674.0,,1,0.4880466472303207,,1
spambase,44,rpl_lite_xgboost,500,0.9283387622149836,,1,0.9288263870375308,,1,0.9255256064690028,,1,0.9255256064690028,,1,0.9751720528846628,,1,0.9620881735899448,,1,0.2214252352714538,,1,13.178,,1,1552.0,,1,0.4880503144654088,,1
spambase,44,rpl_lr,50,0.9022801302931596,,1,0.8948058295565626,,1,0.8970811728946898,,1,0.8970811728946898,,1,0.9579198633450832,,1,0.9219574822609444,,1,0.4439344108104706,,1,0.3504,,1,,,0,,,0
spambase,44,rpl_lr,100,0.9098805646036916,,1,0.9078171746793448,,1,0.9060487067455708,,1,0.9060487067455708,,1,0.9505687372256288,,1,0.8986693244261929,,1,0.5270897746086121,,1,0.2823,,1,,,0,,,0
spambase,44,rpl_lr,250,0.9239956568946796,,1,0.9165778014751622,,1,0.9197854974369184,,1,0.9197854974369184,,1,0.9626618087028642,,1,0.9202964356109204,,1,0.3875374794006347,,1,0.2618,,1,,,0,,,0
spambase,44,rpl_lr,500,0.9174809989142236,,1,0.914570929233686,,1,0.9137725436089484,,1,0.9137725436089484,,1,0.9602476376669926,,1,0.9178016028774756,,1,0.3782851696014404,,1,0.307,,1,,,0,,,0
spambase,44,self_training_catboost,50,0.8555917480998915,,1,0.8519431855208981,,1,0.8497234139393486,,1,0.8497234139393486,,1,0.9202731123552238,,1,0.9051140858290808,,1,0.4330082439315068,,1,5.0096,,1,1301.0,,1,0.3584022038567493,,1
spambase,44,self_training_catboost,100,0.8849077090119435,,1,0.8790248526318908,,1,0.879389497820694,,1,0.879389497820694,,1,0.937577139923181,,1,0.928780064923899,,1,0.3560763301545483,,1,6.6622,,1,1432.0,,1,0.4,,1
spambase,44,self_training_catboost,250,0.8914223669923995,,1,0.8791063123907699,,1,0.8845309020882228,,1,0.8845309020882228,,1,0.9530199354246276,,1,0.9399128327163812,,1,0.283593038962126,,1,7.8523,,1,1372.0,,1,0.4,,1
spambase,44,self_training_catboost,500,0.9348534201954396,,1,0.9317959655203056,,1,0.9317959655203056,,1,0.9317959655203056,,1,0.9742735270594508,,1,0.9633905081800336,,1,0.1914158322137394,,1,8.6869,,1,1272.0,,1,0.4,,1
spambase,44,self_training_lightgbm,50,0.7752442996742671,,1,0.7413504546935632,,1,0.7501274612471935,,1,0.7501274612471935,,1,0.8317559761841287,,1,0.7186364140101472,,1,0.4978795844651654,,1,0.6817,,1,0.0,,1,0.0,,1
spambase,44,self_training_lightgbm,100,0.8425624321389794,,1,0.8344515536597648,,1,0.8349333837636598,,1,0.8349333837636598,,1,0.9242473611975076,,1,0.9082412009234464,,1,1.0287617230402049,,1,20.6853,,1,1748.0,,1,0.488268156424581,,1
spambase,44,self_training_lightgbm,250,0.9142236699239956,,1,0.9046624603809356,,1,0.9091326898267428,,1,0.9091326898267428,,1,0.9632493063578108,,1,0.953496383677107,,1,0.5020825318770151,,1,24.5456,,1,1674.0,,1,0.4880466472303207,,1
spambase,44,self_training_lightgbm,500,0.9435396308360476,,1,0.9447406617494594,,1,0.94132320509679,,1,0.94132320509679,,1,0.9816444009992396,,1,0.9697633259562816,,1,0.3159636183034159,,1,30.7996,,1,1552.0,,1,0.4880503144654088,,1
spambase,44,self_training_lr,50,0.8990228013029316,,1,0.8998193074439409,,1,0.8953737645924972,,1,0.8953737645924972,,1,0.9547108425407546,,1,0.9156465651009996,,1,0.3490332961082458,,1,0.3353,,1,1815.0,,1,0.5,,1
spambase,44,self_training_lr,100,0.9120521172638436,,1,0.9139414674605292,,1,0.9089499976200386,,1,0.9089499976200386,,1,0.9518128499066916,,1,0.8862820019335702,,1,0.3949728310108185,,1,0.265,,1,1790.0,,1,0.5,,1
spambase,44,self_training_lr,250,0.9250814332247556,,1,0.919880624426079,,1,0.9212954075674016,,1,0.9212954075674016,,1,0.9605981614779268,,1,0.913381552536732,,1,0.3069112300872803,,1,0.2476,,1,1715.0,,1,0.5,,1
spambase,44,self_training_lr,500,0.9185667752442996,,1,0.9164296928226549,,1,0.9150261349223824,,1,0.9150261349223824,,1,0.9597341943383,,1,0.9076380390898195,,1,0.3160195648670196,,1,0.2348,,1,1590.0,,1,0.5,,1
spambase,44,self_training_xgboost,50,0.8251900108577633,,1,0.8162638111318463,,1,0.8167191364548223,,1,0.8167191364548223,,1,0.8913129338349278,,1,0.8572613629370114,,1,0.7427996397018433,,1,11.6158,,1,1772.0,,1,0.4881542699724518,,1
spambase,44,self_training_xgboost,100,0.8327904451682954,,1,0.8326446280991735,,1,0.8273836762114324,,1,0.8273836762114324,,1,0.9192091985347116,,1,0.8896082019018713,,1,0.5800800919532776,,1,12.3798,,1,1748.0,,1,0.488268156424581,,1
spambase,44,self_training_xgboost,250,0.8925081433224755,,1,0.8790396634971416,,1,0.8853586071886147,,1,0.8853586071886147,,1,0.9424844732762622,,1,0.9287970700778622,,1,0.3812881410121918,,1,15.9465,,1,1674.0,,1,0.4880466472303207,,1
spambase,44,self_training_xgboost,500,0.9283387622149836,,1,0.9278636807962322,,1,0.9253932484977024,,1,0.9253932484977024,,1,0.9749548268609852,,1,0.9617251840301752,,1,0.220949187874794,,1,14.1429,,1,1552.0,,1,0.4880503144654088,,1
spambase,44,xgboost,50,0.8621064060803475,,1,0.8553941171243225,,1,0.8555650912234125,,1,0.8555650912234125,,1,0.921761604312924,,1,0.8980456727714806,,1,0.3465329110622406,,1,13.829,,1,,,0,,,0
spambase,44,xgboost,100,0.8555917480998915,,1,0.8524245386415474,,1,0.8498567735624956,,1,0.8498567735624956,,1,0.9262122693207736,,1,0.9017515555790976,,1,0.3610012233257293,,1,2.8812,,1,,,0,,,0
spambase,44,xgboost,250,0.9098805646036916,,1,0.89722740602506,,1,0.9038865090571214,,1,0.9038865090571214,,1,0.9567325256474816,,1,0.9470420568888972,,1,0.2644012570381164,,1,4.1609,,1,,,0,,,0
spambase,44,xgboost,500,0.9337676438653636,,1,0.9352320862584792,,1,0.9312573033226677,,1,0.9312573033226677,,1,0.9771764566485972,,1,0.963046961722241,,1,0.1894601136445999,,1,3.4825,,1,,,0,,,0
