dataset,method,seed,n_labeled,selected_round,rounds_attempted,fallback_reason,n_pseudo_added_total,pseudo_candidates_seen,pseudo_mean_confidence,graph_n_nodes,graph_n_edges,graph_n_isolated_nodes,graph_n_connected_components,graph_build_time_seconds,graph_affinity_mean,attention_entropy,labeled_attention_mass,unlabeled_attention_mass,memory_size,memory_leakage_flag,embedding_variance,effective_embedding_rank,representation_collapse_suspect,constant_prediction_suspect,max_pred_class_fraction,mean_intra_class_distance,mean_inter_prototype_distance
MagicTelescope,laplacian_ssl,0,100,,,,,,,15196.0,46457.0,207.0,231.0,0.976255105342716,0.49540977854396057,,,,,False,0.011649022244473894,,False,False,0.8645038167938931,,
MagicTelescope,laplacian_ssl,0,250,,,,,,,15166.0,46389.0,205.0,228.0,0.9924397822469473,0.49537652056601866,,,,,False,0.04838689486287911,,False,False,0.7406039825926415,,
MagicTelescope,laplacian_ssl,0,500,,,,,,,15116.0,46222.0,202.0,224.0,0.9591319342143834,0.49543960739845183,,,,,False,0.05812230902619976,,False,False,0.7149378142365705,,
MagicTelescope,laplacian_ssl,0,50,,,,,,,15206.0,46493.0,207.0,230.0,0.9475146341137588,0.49541284346331976,,,,,False,0.006165417450755394,,False,False,0.9314086544784953,,
MagicTelescope,laplacian_ssl,1,100,,,,,,,15196.0,46473.0,214.0,237.0,1.0023022084496915,0.494937950116439,,,,,False,0.03483794345442294,,False,False,0.8202158462753356,,
MagicTelescope,laplacian_ssl,1,250,,,,,,,15166.0,46368.0,215.0,237.0,0.9828729932196438,0.49497271991552555,,,,,False,0.07230180319497606,,False,False,0.751615455624423,,
MagicTelescope,laplacian_ssl,1,500,,,,,,,15116.0,46194.0,212.0,236.0,0.9753124597482383,0.49504372781990086,,,,,False,0.0625793005206934,,False,False,0.7265811061127282,,
MagicTelescope,laplacian_ssl,1,50,,,,,,,15206.0,46488.0,215.0,238.0,0.995302771218121,0.49495838219645516,,,,,False,0.007342937935426646,,False,False,0.8755754307510193,,
MagicTelescope,laplacian_ssl,2,100,,,,,,,15196.0,46544.0,194.0,221.0,0.9915481102652848,0.4954690000387151,,,,,False,0.0517873506972444,,False,False,0.7688865490918663,,
MagicTelescope,laplacian_ssl,2,250,,,,,,,15166.0,46441.0,196.0,223.0,0.9858120009303093,0.4954513449593215,,,,,False,0.056886087616751256,,False,False,0.7302518792034814,,
MagicTelescope,laplacian_ssl,2,500,,,,,,,15116.0,46326.0,195.0,221.0,0.9810511032119393,0.49551851850755657,,,,,False,0.06394701483293423,,False,False,0.7258534003704684,,
MagicTelescope,laplacian_ssl,2,50,,,,,,,15206.0,46592.0,194.0,221.0,0.9815289829857647,0.49543035100624516,,,,,False,0.04636424364464593,,False,False,0.7751545442588452,,
MagicTelescope,tabiclv2_self_training,0,100,0.0,2.0,loop0,0.0,80.0,,,,,,,,,,,,False,,,,,,,
MagicTelescope,tabiclv2_self_training,0,250,0.0,2.0,loop0,0.0,200.0,,,,,,,,,,,,False,,,,,,,
MagicTelescope,tabiclv2_self_training,0,500,1.0,2.0,,400.0,400.0,,,,,,,,,,,,False,,,,,,,
MagicTelescope,tabiclv2_self_training,0,50,0.0,1.0,loop0,0.0,0.0,,,,,,,,,,,,False,,,,,,,
MagicTelescope,tabiclv2_self_training,1,100,0.0,3.0,loop0,0.0,80.0,,,,,,,,,,,,False,,,,,,,
MagicTelescope,tabiclv2_self_training,1,250,0.0,2.0,loop0,0.0,200.0,,,,,,,,,,,,False,,,,,,,
MagicTelescope,tabiclv2_self_training,1,500,1.0,2.0,,400.0,400.0,,,,,,,,,,,,False,,,,,,,
MagicTelescope,tabiclv2_self_training,1,50,0.0,1.0,loop0,0.0,0.0,,,,,,,,,,,,False,,,,,,,
MagicTelescope,tabiclv2_self_training,2,100,0.0,2.0,loop0,0.0,80.0,,,,,,,,,,,,False,,,,,,,
MagicTelescope,tabiclv2_self_training,2,250,0.0,2.0,loop0,0.0,200.0,,,,,,,,,,,,False,,,,,,,
MagicTelescope,tabiclv2_self_training,2,500,0.0,2.0,loop0,0.0,400.0,,,,,,,,,,,,False,,,,,,,
MagicTelescope,tabiclv2_self_training,2,50,1.0,3.0,,40.0,40.0,,,,,,,,,,,,False,,,,,,,
MagicTelescope,tabpfn3_self_training,0,100,0.0,2.0,loop0,0.0,80.0,,,,,,,,,,,,False,,,,,,,
MagicTelescope,tabpfn3_self_training,0,250,0.0,2.0,loop0,0.0,200.0,,,,,,,,,,,,False,,,,,,,
MagicTelescope,tabpfn3_self_training,0,500,1.0,2.0,,400.0,400.0,,,,,,,,,,,,False,,,,,,,
MagicTelescope,tabpfn3_self_training,0,50,0.0,1.0,loop0,0.0,0.0,,,,,,,,,,,,False,,,,,,,
MagicTelescope,tabpfn3_self_training,1,100,0.0,1.0,loop0,0.0,0.0,,,,,,,,,,,,False,,,,,,,
MagicTelescope,tabpfn3_self_training,1,250,0.0,2.0,loop0,0.0,200.0,,,,,,,,,,,,False,,,,,,,
MagicTelescope,tabpfn3_self_training,1,500,1.0,2.0,,400.0,400.0,,,,,,,,,,,,False,,,,,,,
MagicTelescope,tabpfn3_self_training,1,50,0.0,1.0,loop0,0.0,0.0,,,,,,,,,,,,False,,,,,,,
MagicTelescope,tabpfn3_self_training,2,100,0.0,2.0,loop0,0.0,80.0,,,,,,,,,,,,False,,,,,,,
MagicTelescope,tabpfn3_self_training,2,250,0.0,2.0,loop0,0.0,200.0,,,,,,,,,,,,False,,,,,,,
MagicTelescope,tabpfn3_self_training,2,500,0.0,2.0,loop0,0.0,400.0,,,,,,,,,,,,False,,,,,,,
MagicTelescope,tabpfn3_self_training,2,50,2.0,3.0,,40.0,40.0,,,,,,,,,,,,False,,,,,,,
bank-marketing,laplacian_ssl,0,100,,,,,,,36148.0,98130.0,1014.0,1191.0,2.2855812800116837,0.5412560393854218,,,,,False,0.013701124485762568,,False,True,1.0,,
bank-marketing,laplacian_ssl,0,250,,,,,,,36118.0,98046.0,1014.0,1188.0,2.2424264759756625,0.5413372742262768,,,,,False,0.03501983788658161,,False,True,0.9954316407331525,,
bank-marketing,laplacian_ssl,0,500,,,,,,,36068.0,97901.0,1011.0,1185.0,2.216875631827861,0.541288727638612,,,,,False,0.032099293070121576,,False,True,0.9966452256848176,,
bank-marketing,laplacian_ssl,0,50,,,,,,,36158.0,98154.0,1017.0,1193.0,2.2307414542883635,0.5412812833017475,,,,,False,0.00462347113163814,,False,True,1.0,,
bank-marketing,laplacian_ssl,1,100,,,,,,,36148.0,98284.0,996.0,1178.0,2.248893906828016,0.5414113462782508,,,,,False,0.012241908040811962,,False,True,1.0,,
bank-marketing,laplacian_ssl,1,250,,,,,,,36118.0,98206.0,996.0,1179.0,2.2210483932867646,0.5414354796618942,,,,,False,0.029558895576009655,,False,True,0.9964560606899607,,
bank-marketing,laplacian_ssl,1,500,,,,,,,36068.0,98053.0,991.0,1176.0,2.214266494847834,0.541387533812026,,,,,False,0.03445202500379475,,False,False,0.965620494621271,,
bank-marketing,laplacian_ssl,1,50,,,,,,,36158.0,98320.0,996.0,1179.0,2.2731838449835777,0.5414615447194034,,,,,False,0.007392069957604729,,False,True,1.0,,
bank-marketing,laplacian_ssl,2,100,,,,,,,36148.0,98165.0,977.0,1133.0,2.2567974352277815,0.5406291414993702,,,,,False,0.017188423144988155,,False,True,1.0,,
bank-marketing,laplacian_ssl,2,250,,,,,,,36118.0,98094.0,977.0,1134.0,2.2505627209320664,0.540685313102657,,,,,False,0.038486863522116166,,False,True,0.9912508998283405,,
bank-marketing,laplacian_ssl,2,500,,,,,,,36068.0,97919.0,968.0,1120.0,2.2139828531071544,0.540563314329274,,,,,False,0.037220649630454815,,False,False,0.9672840190750804,,
bank-marketing,laplacian_ssl,2,50,,,,,,,36158.0,98200.0,977.0,1132.0,2.289947676938027,0.5406748798260204,,,,,False,0.01000908478516025,,False,True,1.0,,
bank-marketing,tabiclv2_self_training,0,100,1.0,2.0,,80.0,80.0,,,,,,,,,,,,False,,,,,,,
bank-marketing,tabiclv2_self_training,0,250,2.0,3.0,,200.0,200.0,,,,,,,,,,,,False,,,,,,,
bank-marketing,tabiclv2_self_training,0,500,0.0,3.0,loop0,0.0,400.0,,,,,,,,,,,,False,,,,,,,
bank-marketing,tabiclv2_self_training,0,50,1.0,2.0,,40.0,40.0,,,,,,,,,,,,False,,,,,,,
bank-marketing,tabiclv2_self_training,1,100,0.0,2.0,loop0,0.0,80.0,,,,,,,,,,,,False,,,,,,,
bank-marketing,tabiclv2_self_training,1,250,0.0,2.0,loop0,0.0,200.0,,,,,,,,,,,,False,,,,,,,
bank-marketing,tabiclv2_self_training,1,500,0.0,2.0,loop0,0.0,400.0,,,,,,,,,,,,False,,,,,,,
bank-marketing,tabiclv2_self_training,1,50,0.0,3.0,loop0,0.0,40.0,,,,,,,,,,,,False,,,,,,,
bank-marketing,tabiclv2_self_training,2,100,0.0,3.0,loop0,0.0,39.0,,,,,,,,,,,,False,,,,,,,
bank-marketing,tabiclv2_self_training,2,250,1.0,2.0,,200.0,200.0,,,,,,,,,,,,False,,,,,,,
bank-marketing,tabiclv2_self_training,2,500,1.0,3.0,,102.0,102.0,,,,,,,,,,,,False,,,,,,,
bank-marketing,tabiclv2_self_training,2,50,0.0,1.0,loop0,0.0,0.0,,,,,,,,,,,,False,,,,,,,
bank-marketing,tabpfn3_self_training,0,100,0.0,2.0,loop0,0.0,80.0,,,,,,,,,,,,False,,,,,,,
bank-marketing,tabpfn3_self_training,0,250,0.0,2.0,loop0,0.0,200.0,,,,,,,,,,,,False,,,,,,,
bank-marketing,tabpfn3_self_training,0,500,0.0,2.0,loop0,0.0,400.0,,,,,,,,,,,,False,,,,,,,
bank-marketing,tabpfn3_self_training,0,50,0.0,1.0,loop0,0.0,0.0,,,,,,,,,,,,False,,,,,,,
bank-marketing,tabpfn3_self_training,1,100,1.0,2.0,,80.0,80.0,,,,,,,,,,,,False,,,,,,,
bank-marketing,tabpfn3_self_training,1,250,0.0,3.0,loop0,0.0,200.0,,,,,,,,,,,,False,,,,,,,
bank-marketing,tabpfn3_self_training,1,500,1.0,2.0,,400.0,400.0,,,,,,,,,,,,False,,,,,,,
bank-marketing,tabpfn3_self_training,1,50,0.0,1.0,loop0,0.0,0.0,,,,,,,,,,,,False,,,,,,,
bank-marketing,tabpfn3_self_training,2,100,0.0,2.0,loop0,0.0,80.0,,,,,,,,,,,,False,,,,,,,
bank-marketing,tabpfn3_self_training,2,250,2.0,3.0,,200.0,200.0,,,,,,,,,,,,False,,,,,,,
bank-marketing,tabpfn3_self_training,2,500,1.0,2.0,,400.0,400.0,,,,,,,,,,,,False,,,,,,,
bank-marketing,tabpfn3_self_training,2,50,0.0,1.0,loop0,0.0,0.0,,,,,,,,,,,,False,,,,,,,
electricity,laplacian_ssl,0,100,,,,,,,36229.0,134687.0,89.0,133.0,3.3347557256929576,0.5970732574056917,,,,,False,0.0299152176483164,,False,False,0.7378895360070662,,
electricity,laplacian_ssl,0,250,,,,,,,36199.0,134569.0,88.0,132.0,3.4422532808966935,0.5970130328438442,,,,,False,0.02940883893630216,,False,False,0.6746871460537583,,
electricity,laplacian_ssl,0,500,,,,,,,36149.0,134381.0,89.0,133.0,3.3175073047168553,0.5970440482256524,,,,,False,0.04253292127219191,,False,False,0.6619546875432238,,
electricity,laplacian_ssl,0,50,,,,,,,36239.0,134714.0,89.0,133.0,3.351728173904121,0.5970508494623027,,,,,False,0.014980301798325072,,False,False,0.6369381053561081,,
electricity,laplacian_ssl,1,100,,,,,,,36229.0,134820.0,88.0,124.0,3.5845959740690887,0.5968888634588188,,,,,False,0.003770901074071872,,False,False,0.9462861243755003,,
electricity,laplacian_ssl,1,250,,,,,,,36199.0,134703.0,88.0,125.0,3.373922865372151,0.5968150050122217,,,,,False,0.04411552657382474,,False,False,0.6549075941324346,,
electricity,laplacian_ssl,1,500,,,,,,,36149.0,134497.0,90.0,126.0,3.4689558260142803,0.5968694353079985,,,,,False,0.039343850813997314,,False,False,0.6409305928241446,,
electricity,laplacian_ssl,1,50,,,,,,,36239.0,134871.0,88.0,124.0,3.4479389414191246,0.5968636007612947,,,,,False,0.03291078173414419,,False,False,0.5998233946852838,,
electricity,laplacian_ssl,2,100,,,,,,,36229.0,134542.0,84.0,128.0,3.4778317362070084,0.5976086323410197,,,,,False,0.02173422579545077,,False,False,0.6862734273648182,,
electricity,laplacian_ssl,2,250,,,,,,,36199.0,134407.0,84.0,128.0,3.326443430967629,0.5976424548799038,,,,,False,0.06564984948120384,,False,False,0.6186358739191691,,
electricity,laplacian_ssl,2,500,,,,,,,36149.0,134202.0,86.0,129.0,3.513816202059388,0.5977248809400406,,,,,False,0.061672124989876176,,False,False,0.6509447010982323,,
electricity,laplacian_ssl,2,50,,,,,,,36239.0,134575.0,84.0,128.0,3.4994936268776655,0.5975999734308403,,,,,False,0.0019483408131502214,,False,False,0.8173238775904412,,
electricity,tabiclv2_self_training,0,100,1.0,2.0,,80.0,80.0,,,,,,,,,,,,False,,,,,,,
electricity,tabiclv2_self_training,0,250,1.0,2.0,,200.0,200.0,,,,,,,,,,,,False,,,,,,,
electricity,tabiclv2_self_training,0,500,1.0,2.0,,400.0,400.0,,,,,,,,,,,,False,,,,,,,
electricity,tabiclv2_self_training,0,50,0.0,2.0,loop0,0.0,40.0,,,,,,,,,,,,False,,,,,,,
electricity,tabiclv2_self_training,1,100,0.0,1.0,loop0,0.0,0.0,,,,,,,,,,,,False,,,,,,,
electricity,tabiclv2_self_training,1,250,0.0,2.0,loop0,0.0,200.0,,,,,,,,,,,,False,,,,,,,
electricity,tabiclv2_self_training,1,500,0.0,2.0,loop0,0.0,400.0,,,,,,,,,,,,False,,,,,,,
electricity,tabiclv2_self_training,1,50,0.0,2.0,loop0,0.0,40.0,,,,,,,,,,,,False,,,,,,,
electricity,tabiclv2_self_training,2,100,1.0,2.0,,80.0,80.0,,,,,,,,,,,,False,,,,,,,
electricity,tabiclv2_self_training,2,250,0.0,2.0,loop0,0.0,200.0,,,,,,,,,,,,False,,,,,,,
electricity,tabiclv2_self_training,2,500,1.0,2.0,,400.0,400.0,,,,,,,,,,,,False,,,,,,,
electricity,tabiclv2_self_training,2,50,0.0,1.0,loop0,0.0,0.0,,,,,,,,,,,,False,,,,,,,
electricity,tabpfn3_self_training,0,100,0.0,2.0,loop0,0.0,80.0,,,,,,,,,,,,False,,,,,,,
electricity,tabpfn3_self_training,0,250,1.0,2.0,,200.0,200.0,,,,,,,,,,,,False,,,,,,,
electricity,tabpfn3_self_training,0,500,1.0,2.0,,400.0,400.0,,,,,,,,,,,,False,,,,,,,
electricity,tabpfn3_self_training,0,50,0.0,2.0,loop0,0.0,40.0,,,,,,,,,,,,False,,,,,,,
electricity,tabpfn3_self_training,1,100,0.0,1.0,loop0,0.0,0.0,,,,,,,,,,,,False,,,,,,,
electricity,tabpfn3_self_training,1,250,1.0,2.0,,200.0,200.0,,,,,,,,,,,,False,,,,,,,
electricity,tabpfn3_self_training,1,500,1.0,2.0,,400.0,400.0,,,,,,,,,,,,False,,,,,,,
electricity,tabpfn3_self_training,1,50,0.0,2.0,loop0,0.0,40.0,,,,,,,,,,,,False,,,,,,,
electricity,tabpfn3_self_training,2,100,0.0,2.0,loop0,0.0,80.0,,,,,,,,,,,,False,,,,,,,
electricity,tabpfn3_self_training,2,250,0.0,2.0,loop0,0.0,200.0,,,,,,,,,,,,False,,,,,,,
electricity,tabpfn3_self_training,2,500,1.0,2.0,,400.0,400.0,,,,,,,,,,,,False,,,,,,,
electricity,tabpfn3_self_training,2,50,0.0,2.0,loop0,0.0,40.0,,,,,,,,,,,,False,,,,,,,
phoneme,laplacian_ssl,0,100,,,,,,,4303.0,15111.0,37.0,62.0,0.1185701247304678,0.6066279112562939,,,,,False,0.0624107029918743,,False,False,0.7950267255403207,,
phoneme,laplacian_ssl,0,250,,,,,,,4273.0,15008.0,38.0,63.0,0.1166612901724875,0.6064280799785324,,,,,False,0.08293735102464231,,False,False,0.6838286917856307,,
phoneme,laplacian_ssl,0,500,,,,,,,4223.0,14832.0,37.0,63.0,0.11348043195903301,0.6063622641351284,,,,,False,0.07631589867856924,,False,False,0.7184466019417476,,
phoneme,laplacian_ssl,0,50,,,,,,,4313.0,15151.0,38.0,63.0,0.114572508726269,0.6067554282604501,,,,,False,0.0436554069620884,,False,False,0.8277301182471597,,
phoneme,laplacian_ssl,1,100,,,,,,,4303.0,15031.0,32.0,55.0,0.11557317990809679,0.6066945303479151,,,,,False,0.04196927257056654,,False,False,0.8619567743434813,,
phoneme,laplacian_ssl,1,250,,,,,,,4273.0,14902.0,30.0,54.0,0.11516476096585393,0.6061567372633528,,,,,False,0.059789695327305374,,False,False,0.725251579686403,,
phoneme,laplacian_ssl,1,500,,,,,,,4223.0,14766.0,29.0,54.0,0.11331329820677638,0.6067128296231927,,,,,False,0.05119715190729256,,False,False,0.7302865261662326,,
phoneme,laplacian_ssl,1,50,,,,,,,4313.0,15058.0,31.0,56.0,0.11577842105180025,0.6066020162739694,,,,,False,0.022389163046535446,,False,False,0.7639693948527707,,
phoneme,laplacian_ssl,2,100,,,,,,,4303.0,15070.0,33.0,54.0,0.11480011371895671,0.6066583413191616,,,,,False,0.05120990059980567,,False,False,0.7060190564722286,,
phoneme,laplacian_ssl,2,250,,,,,,,4273.0,14970.0,32.0,53.0,0.11447040876373649,0.6063938145542369,,,,,False,0.05240880511269058,,False,False,0.7699508542007957,,
phoneme,laplacian_ssl,2,500,,,,,,,4223.0,14728.0,35.0,57.0,0.11215375689789653,0.6062710014902981,,,,,False,0.043353865009078806,,False,False,0.7783566185176415,,
phoneme,laplacian_ssl,2,50,,,,,,,4313.0,15100.0,34.0,55.0,0.113998057320714,0.6065583578412534,,,,,False,0.02068261769454527,,False,False,0.7746348249478321,,
phoneme,tabiclv2_self_training,0,100,0.0,2.0,loop0,0.0,80.0,,,,,,,,,,,,False,,,,,,,
phoneme,tabiclv2_self_training,0,250,0.0,2.0,loop0,0.0,200.0,,,,,,,,,,,,False,,,,,,,
phoneme,tabiclv2_self_training,0,500,0.0,2.0,loop0,0.0,400.0,,,,,,,,,,,,False,,,,,,,
phoneme,tabiclv2_self_training,0,50,0.0,2.0,loop0,0.0,40.0,,,,,,,,,,,,False,,,,,,,
phoneme,tabiclv2_self_training,1,100,0.0,2.0,loop0,0.0,80.0,,,,,,,,,,,,False,,,,,,,
phoneme,tabiclv2_self_training,1,250,1.0,3.0,,200.0,200.0,,,,,,,,,,,,False,,,,,,,
phoneme,tabiclv2_self_training,1,500,0.0,2.0,loop0,0.0,400.0,,,,,,,,,,,,False,,,,,,,
phoneme,tabiclv2_self_training,1,50,0.0,1.0,loop0,0.0,0.0,,,,,,,,,,,,False,,,,,,,
phoneme,tabiclv2_self_training,2,100,0.0,2.0,loop0,0.0,80.0,,,,,,,,,,,,False,,,,,,,
phoneme,tabiclv2_self_training,2,250,0.0,2.0,loop0,0.0,200.0,,,,,,,,,,,,False,,,,,,,
phoneme,tabiclv2_self_training,2,500,0.0,2.0,loop0,0.0,400.0,,,,,,,,,,,,False,,,,,,,
phoneme,tabiclv2_self_training,2,50,0.0,2.0,loop0,0.0,40.0,,,,,,,,,,,,False,,,,,,,
phoneme,tabpfn3_self_training,0,100,0.0,2.0,loop0,0.0,80.0,,,,,,,,,,,,False,,,,,,,
phoneme,tabpfn3_self_training,0,250,0.0,2.0,loop0,0.0,200.0,,,,,,,,,,,,False,,,,,,,
phoneme,tabpfn3_self_training,0,500,0.0,2.0,loop0,0.0,400.0,,,,,,,,,,,,False,,,,,,,
phoneme,tabpfn3_self_training,0,50,0.0,2.0,loop0,0.0,40.0,,,,,,,,,,,,False,,,,,,,
phoneme,tabpfn3_self_training,1,100,0.0,2.0,loop0,0.0,80.0,,,,,,,,,,,,False,,,,,,,
phoneme,tabpfn3_self_training,1,250,0.0,3.0,loop0,0.0,200.0,,,,,,,,,,,,False,,,,,,,
phoneme,tabpfn3_self_training,1,500,1.0,2.0,,400.0,400.0,,,,,,,,,,,,False,,,,,,,
phoneme,tabpfn3_self_training,1,50,0.0,1.0,loop0,0.0,0.0,,,,,,,,,,,,False,,,,,,,
phoneme,tabpfn3_self_training,2,100,0.0,2.0,loop0,0.0,80.0,,,,,,,,,,,,False,,,,,,,
phoneme,tabpfn3_self_training,2,250,0.0,2.0,loop0,0.0,200.0,,,,,,,,,,,,False,,,,,,,
phoneme,tabpfn3_self_training,2,500,0.0,2.0,loop0,0.0,400.0,,,,,,,,,,,,False,,,,,,,
phoneme,tabpfn3_self_training,2,50,0.0,3.0,loop0,0.0,40.0,,,,,,,,,,,,False,,,,,,,
satimage,laplacian_ssl,0,100,,,,,,,5124.0,13367.0,180.0,216.0,0.16971247177571058,0.4603737247152554,,,,,False,0.2813169786822483,,False,False,0.39734582357533177,,
satimage,laplacian_ssl,0,250,,,,,,,5094.0,13290.0,174.0,210.0,0.1719636986963451,0.46037712928188634,,,,,False,0.5274034384548105,,False,False,0.32273262661955243,,
satimage,laplacian_ssl,0,500,,,,,,,5044.0,13135.0,170.0,205.0,0.16633231798186898,0.4609375655837556,,,,,False,0.4956901380420142,,False,False,0.2682394924662966,,
satimage,laplacian_ssl,0,50,,,,,,,5134.0,13379.0,182.0,218.0,0.17764418572187424,0.46039806630170305,,,,,False,0.2427146023214171,,False,False,0.3934553954031944,,
satimage,laplacian_ssl,1,100,,,,,,,5124.0,13378.0,159.0,208.0,0.1721738688647747,0.46046051929954046,,,,,False,0.26834912823310597,,False,False,0.41491022638563624,,
satimage,laplacian_ssl,1,250,,,,,,,5094.0,13268.0,158.0,208.0,0.17022807011380792,0.4604993507344501,,,,,False,0.5326018743279353,,False,False,0.34118570867687475,,
satimage,laplacian_ssl,1,500,,,,,,,5044.0,13153.0,156.0,211.0,0.17071245983242989,0.46044318612977087,,,,,False,0.5403083379660696,,False,False,0.3148295003965107,,
satimage,laplacian_ssl,1,50,,,,,,,5134.0,13393.0,158.0,208.0,0.17515742406249046,0.460266369519255,,,,,False,0.22522071148479927,,False,False,0.4142968445656408,,
satimage,laplacian_ssl,2,100,,,,,,,5124.0,13346.0,192.0,235.0,0.17280501499772072,0.45992942055086006,,,,,False,0.2876646621045923,,False,False,0.376463700234192,,
satimage,laplacian_ssl,2,250,,,,,,,5094.0,13276.0,191.0,233.0,0.16689562192186713,0.45997527352053535,,,,,False,0.58536439715246,,False,False,0.31448763250883394,,
satimage,laplacian_ssl,2,500,,,,,,,5044.0,13142.0,187.0,225.0,0.16975591098889709,0.45996042264376574,,,,,False,0.507196775317488,,False,False,0.29480570975416337,,
satimage,laplacian_ssl,2,50,,,,,,,5134.0,13349.0,192.0,235.0,0.17235424276441336,0.45992784555058425,,,,,False,0.2314893145654881,,False,False,0.35488897545773274,,
satimage,tabiclv2_self_training,0,100,0.0,2.0,loop0,0.0,80.0,,,,,,,,,,,,False,,,,,,,
satimage,tabiclv2_self_training,0,250,1.0,2.0,,200.0,200.0,,,,,,,,,,,,False,,,,,,,
satimage,tabiclv2_self_training,0,500,3.0,3.0,,176.0,176.0,,,,,,,,,,,,False,,,,,,,
satimage,tabiclv2_self_training,0,50,0.0,3.0,loop0,0.0,40.0,,,,,,,,,,,,False,,,,,,,
satimage,tabiclv2_self_training,1,100,0.0,2.0,loop0,0.0,80.0,,,,,,,,,,,,False,,,,,,,
satimage,tabiclv2_self_training,1,250,0.0,2.0,loop0,0.0,200.0,,,,,,,,,,,,False,,,,,,,
satimage,tabiclv2_self_training,1,500,2.0,3.0,,400.0,400.0,,,,,,,,,,,,False,,,,,,,
satimage,tabiclv2_self_training,1,50,0.0,2.0,loop0,0.0,40.0,,,,,,,,,,,,False,,,,,,,
satimage,tabiclv2_self_training,2,100,0.0,2.0,loop0,0.0,80.0,,,,,,,,,,,,False,,,,,,,
satimage,tabiclv2_self_training,2,250,0.0,2.0,loop0,0.0,200.0,,,,,,,,,,,,False,,,,,,,
satimage,tabiclv2_self_training,2,500,1.0,2.0,,400.0,400.0,,,,,,,,,,,,False,,,,,,,
satimage,tabiclv2_self_training,2,50,0.0,3.0,loop0,0.0,40.0,,,,,,,,,,,,False,,,,,,,
satimage,tabpfn3_self_training,0,100,0.0,3.0,loop0,0.0,80.0,,,,,,,,,,,,False,,,,,,,
satimage,tabpfn3_self_training,0,250,0.0,2.0,loop0,0.0,200.0,,,,,,,,,,,,False,,,,,,,
satimage,tabpfn3_self_training,0,500,0.0,2.0,loop0,0.0,400.0,,,,,,,,,,,,False,,,,,,,
satimage,tabpfn3_self_training,0,50,0.0,2.0,loop0,0.0,40.0,,,,,,,,,,,,False,,,,,,,
satimage,tabpfn3_self_training,1,100,0.0,2.0,loop0,0.0,80.0,,,,,,,,,,,,False,,,,,,,
satimage,tabpfn3_self_training,1,250,1.0,2.0,,200.0,200.0,,,,,,,,,,,,False,,,,,,,
satimage,tabpfn3_self_training,1,500,3.0,3.0,,55.0,55.0,,,,,,,,,,,,False,,,,,,,
satimage,tabpfn3_self_training,1,50,0.0,2.0,loop0,0.0,40.0,,,,,,,,,,,,False,,,,,,,
satimage,tabpfn3_self_training,2,100,0.0,2.0,loop0,0.0,80.0,,,,,,,,,,,,False,,,,,,,
satimage,tabpfn3_self_training,2,250,1.0,2.0,,200.0,200.0,,,,,,,,,,,,False,,,,,,,
satimage,tabpfn3_self_training,2,500,2.0,3.0,,99.0,99.0,,,,,,,,,,,,False,,,,,,,
satimage,tabpfn3_self_training,2,50,0.0,2.0,loop0,0.0,40.0,,,,,,,,,,,,False,,,,,,,
segment,laplacian_ssl,0,100,,,,,,,1828.0,6244.0,20.0,43.0,0.07370899524539709,0.59007494958622,,,,,False,0.11013531073080485,,False,False,0.24234135667396062,,
segment,laplacian_ssl,0,250,,,,,,,1798.0,6138.0,18.0,39.0,0.070569456089288,0.5907511377147987,,,,,False,0.532727412143708,,False,False,0.21301446051167963,,
segment,laplacian_ssl,0,500,,,,,,,1748.0,5987.0,19.0,39.0,0.0687136179767549,0.5908571526213938,,,,,False,0.5677799852864502,,False,False,0.17276887871853547,,
segment,laplacian_ssl,0,50,,,,,,,1838.0,6279.0,19.0,41.0,0.07271571271121502,0.5901146568588057,,,,,False,0.09517859066605877,,False,False,0.23721436343852012,,
segment,laplacian_ssl,1,100,,,,,,,1828.0,6247.0,16.0,40.0,0.0724813211709261,0.5875532501277902,,,,,False,0.11498745738795652,,False,False,0.2861050328227571,,
segment,laplacian_ssl,1,250,,,,,,,1798.0,6135.0,17.0,40.0,0.07397333765402436,0.5891673831010257,,,,,False,0.5720176459477282,,False,False,0.21913236929922136,,
segment,laplacian_ssl,1,500,,,,,,,1748.0,5942.0,15.0,43.0,0.0686238156631589,0.5896004423350821,,,,,False,0.5468042325936212,,False,False,0.16361556064073227,,
segment,laplacian_ssl,1,50,,,,,,,1838.0,6281.0,16.0,42.0,0.07012045523151755,0.5882621327310162,,,,,False,0.07920606054543466,,False,False,0.352557127312296,,
segment,laplacian_ssl,2,100,,,,,,,1828.0,6322.0,15.0,43.0,0.07419736590236425,0.5927361382410496,,,,,False,0.10294259886405821,,False,False,0.3703501094091904,,
segment,laplacian_ssl,2,250,,,,,,,1798.0,6209.0,16.0,44.0,0.07048003608360887,0.5932163850203012,,,,,False,0.5067466241713201,,False,False,0.20411568409343714,,
segment,laplacian_ssl,2,500,,,,,,,1748.0,6032.0,15.0,39.0,0.07053113915026188,0.5932071545000296,,,,,False,0.5619639706888764,,False,False,0.19965675057208238,,
segment,laplacian_ssl,2,50,,,,,,,1838.0,6342.0,15.0,42.0,0.07445121509954333,0.5928962534504896,,,,,False,0.10063531170946441,,False,False,0.24047878128400435,,
segment,tabiclv2_self_training,0,100,0.0,2.0,loop0,0.0,80.0,,,,,,,,,,,,False,,,,,,,
segment,tabiclv2_self_training,0,250,0.0,2.0,loop0,0.0,200.0,,,,,,,,,,,,False,,,,,,,
segment,tabiclv2_self_training,0,500,0.0,2.0,loop0,0.0,400.0,,,,,,,,,,,,False,,,,,,,
segment,tabiclv2_self_training,0,50,0.0,2.0,loop0,0.0,40.0,,,,,,,,,,,,False,,,,,,,
segment,tabiclv2_self_training,1,100,0.0,2.0,loop0,0.0,80.0,,,,,,,,,,,,False,,,,,,,
segment,tabiclv2_self_training,1,250,1.0,2.0,,200.0,200.0,,,,,,,,,,,,False,,,,,,,
segment,tabiclv2_self_training,1,500,0.0,2.0,loop0,0.0,400.0,,,,,,,,,,,,False,,,,,,,
segment,tabiclv2_self_training,1,50,0.0,2.0,loop0,0.0,40.0,,,,,,,,,,,,False,,,,,,,
segment,tabiclv2_self_training,2,100,0.0,2.0,loop0,0.0,80.0,,,,,,,,,,,,False,,,,,,,
segment,tabiclv2_self_training,2,250,0.0,2.0,loop0,0.0,200.0,,,,,,,,,,,,False,,,,,,,
segment,tabiclv2_self_training,2,500,0.0,2.0,loop0,0.0,400.0,,,,,,,,,,,,False,,,,,,,
segment,tabiclv2_self_training,2,50,0.0,3.0,loop0,0.0,40.0,,,,,,,,,,,,False,,,,,,,
segment,tabpfn3_self_training,0,100,1.0,2.0,,80.0,80.0,,,,,,,,,,,,False,,,,,,,
segment,tabpfn3_self_training,0,250,0.0,2.0,loop0,0.0,200.0,,,,,,,,,,,,False,,,,,,,
segment,tabpfn3_self_training,0,500,0.0,2.0,loop0,0.0,400.0,,,,,,,,,,,,False,,,,,,,
segment,tabpfn3_self_training,0,50,0.0,2.0,loop0,0.0,40.0,,,,,,,,,,,,False,,,,,,,
segment,tabpfn3_self_training,1,100,0.0,2.0,loop0,0.0,80.0,,,,,,,,,,,,False,,,,,,,
segment,tabpfn3_self_training,1,250,0.0,2.0,loop0,0.0,200.0,,,,,,,,,,,,False,,,,,,,
segment,tabpfn3_self_training,1,500,0.0,2.0,loop0,0.0,400.0,,,,,,,,,,,,False,,,,,,,
segment,tabpfn3_self_training,1,50,0.0,2.0,loop0,0.0,40.0,,,,,,,,,,,,False,,,,,,,
segment,tabpfn3_self_training,2,100,0.0,3.0,loop0,0.0,80.0,,,,,,,,,,,,False,,,,,,,
segment,tabpfn3_self_training,2,250,0.0,2.0,loop0,0.0,200.0,,,,,,,,,,,,False,,,,,,,
segment,tabpfn3_self_training,2,500,1.0,2.0,,400.0,400.0,,,,,,,,,,,,False,,,,,,,
segment,tabpfn3_self_training,2,50,0.0,2.0,loop0,0.0,40.0,,,,,,,,,,,,False,,,,,,,
spambase,laplacian_ssl,0,100,,,,,,,3660.0,7584.0,467.0,694.0,0.13551641069352627,0.6324587979293654,,,,,False,0.08763088526732912,,False,False,0.6453551912568306,,
spambase,laplacian_ssl,0,250,,,,,,,3630.0,7514.0,459.0,683.0,0.13376669585704803,0.6309673348623268,,,,,False,0.19262812179584987,,False,False,0.5853994490358126,,
spambase,laplacian_ssl,0,500,,,,,,,3580.0,7420.0,447.0,673.0,0.13325831992551684,0.626823932708503,,,,,False,0.13894719783490495,,False,False,0.6206703910614525,,
spambase,laplacian_ssl,0,50,,,,,,,3670.0,7592.0,466.0,699.0,0.12809792160987854,0.622934887321844,,,,,False,0.06070713411455887,,False,False,0.6997275204359673,,
spambase,laplacian_ssl,1,100,,,,,,,3660.0,7444.0,491.0,717.0,0.12841902812942863,0.6382328837596458,,,,,False,0.11854678423825182,,False,False,0.6267759562841531,,
spambase,laplacian_ssl,1,250,,,,,,,3630.0,7369.0,485.0,706.0,0.1270246827043593,0.6382428667711967,,,,,False,0.18812479814801514,,False,False,0.6170798898071626,,
spambase,laplacian_ssl,1,500,,,,,,,3580.0,7236.0,474.0,698.0,0.12930354429408908,0.6345395779403378,,,,,False,0.14196196994752713,,False,False,0.6075418994413407,,
spambase,laplacian_ssl,1,50,,,,,,,3670.0,7442.0,496.0,728.0,0.1290507190860808,0.6391574197290577,,,,,False,0.0797842379335168,,False,False,0.6662125340599455,,
spambase,laplacian_ssl,2,100,,,,,,,3660.0,7510.0,480.0,705.0,0.12761274818331003,0.628309283956103,,,,,False,0.10687298914843599,,False,False,0.6161202185792349,,
spambase,laplacian_ssl,2,250,,,,,,,3630.0,7410.0,483.0,709.0,0.12695216527208686,0.6289490331388197,,,,,False,0.2332163632151945,,False,False,0.6085399449035813,,
spambase,laplacian_ssl,2,500,,,,,,,3580.0,7332.0,467.0,685.0,0.1217770860530436,0.6280585764738674,,,,,False,0.1840768983710272,,False,False,0.6215083798882681,,
spambase,laplacian_ssl,2,50,,,,,,,3670.0,7530.0,479.0,700.0,0.12681770464405417,0.623729020627053,,,,,False,0.08703273622328889,,False,False,0.6850136239782016,,
spambase,tabiclv2_self_training,0,100,0.0,2.0,loop0,0.0,80.0,,,,,,,,,,,,False,,,,,,,
spambase,tabiclv2_self_training,0,250,0.0,2.0,loop0,0.0,200.0,,,,,,,,,,,,False,,,,,,,
spambase,tabiclv2_self_training,0,500,0.0,2.0,loop0,0.0,400.0,,,,,,,,,,,,False,,,,,,,
spambase,tabiclv2_self_training,0,50,0.0,2.0,loop0,0.0,40.0,,,,,,,,,,,,False,,,,,,,
spambase,tabiclv2_self_training,1,100,0.0,2.0,loop0,0.0,80.0,,,,,,,,,,,,False,,,,,,,
spambase,tabiclv2_self_training,1,250,0.0,2.0,loop0,0.0,200.0,,,,,,,,,,,,False,,,,,,,
spambase,tabiclv2_self_training,1,500,0.0,2.0,loop0,0.0,400.0,,,,,,,,,,,,False,,,,,,,
spambase,tabiclv2_self_training,1,50,0.0,2.0,loop0,0.0,40.0,,,,,,,,,,,,False,,,,,,,
spambase,tabiclv2_self_training,2,100,0.0,2.0,loop0,0.0,80.0,,,,,,,,,,,,False,,,,,,,
spambase,tabiclv2_self_training,2,250,0.0,2.0,loop0,0.0,200.0,,,,,,,,,,,,False,,,,,,,
spambase,tabiclv2_self_training,2,500,0.0,2.0,loop0,0.0,400.0,,,,,,,,,,,,False,,,,,,,
spambase,tabiclv2_self_training,2,50,1.0,2.0,,40.0,40.0,,,,,,,,,,,,False,,,,,,,
spambase,tabpfn3_self_training,0,100,0.0,2.0,loop0,0.0,80.0,,,,,,,,,,,,False,,,,,,,
spambase,tabpfn3_self_training,0,250,0.0,2.0,loop0,0.0,200.0,,,,,,,,,,,,False,,,,,,,
spambase,tabpfn3_self_training,0,500,0.0,2.0,loop0,0.0,400.0,,,,,,,,,,,,False,,,,,,,
spambase,tabpfn3_self_training,0,50,0.0,2.0,loop0,0.0,40.0,,,,,,,,,,,,False,,,,,,,
spambase,tabpfn3_self_training,1,100,0.0,2.0,loop0,0.0,80.0,,,,,,,,,,,,False,,,,,,,
spambase,tabpfn3_self_training,1,250,0.0,2.0,loop0,0.0,200.0,,,,,,,,,,,,False,,,,,,,
spambase,tabpfn3_self_training,1,500,0.0,2.0,loop0,0.0,400.0,,,,,,,,,,,,False,,,,,,,
spambase,tabpfn3_self_training,1,50,0.0,2.0,loop0,0.0,40.0,,,,,,,,,,,,False,,,,,,,
spambase,tabpfn3_self_training,2,100,0.0,2.0,loop0,0.0,80.0,,,,,,,,,,,,False,,,,,,,
spambase,tabpfn3_self_training,2,250,0.0,2.0,loop0,0.0,200.0,,,,,,,,,,,,False,,,,,,,
spambase,tabpfn3_self_training,2,500,0.0,2.0,loop0,0.0,400.0,,,,,,,,,,,,False,,,,,,,
spambase,tabpfn3_self_training,2,50,0.0,2.0,loop0,0.0,40.0,,,,,,,,,,,,False,,,,,,,
steel-plates-fault,laplacian_ssl,0,100,,,,,,,1532.0,4850.0,29.0,47.0,0.06966345803812146,0.5523834723217967,,,,,False,0.10402332712498391,,False,False,0.758485639686684,,
steel-plates-fault,laplacian_ssl,0,250,,,,,,,1502.0,4734.0,27.0,44.0,0.07045771600678563,0.5509908265104241,,,,,False,0.22416685608729925,,False,False,0.6005326231691078,,
steel-plates-fault,laplacian_ssl,0,500,,,,,,,1452.0,4583.0,27.0,48.0,0.0664829290471971,0.5530602917714406,,,,,False,0.2499129887581047,,False,False,0.5206611570247934,,
steel-plates-fault,laplacian_ssl,0,50,,,,,,,1542.0,4880.0,29.0,47.0,0.06723575480282307,0.5520213063441272,,,,,False,0.10956936496026755,,False,False,0.7444876783398184,,
steel-plates-fault,laplacian_ssl,1,100,,,,,,,1532.0,4885.0,25.0,42.0,0.06949527794495225,0.5524919283066618,,,,,False,0.10132090924539942,,False,False,0.5887728459530026,,
steel-plates-fault,laplacian_ssl,1,250,,,,,,,1502.0,4794.0,27.0,45.0,0.06847738195210695,0.5523239614679716,,,,,False,0.2508867349042443,,False,False,0.7636484687083888,,
steel-plates-fault,laplacian_ssl,1,500,,,,,,,1452.0,4632.0,26.0,45.0,0.06810017116367817,0.5516227801081359,,,,,False,0.27558060914416027,,False,False,0.5488980716253443,,
steel-plates-fault,laplacian_ssl,1,50,,,,,,,1542.0,4910.0,25.0,42.0,0.06965601909905672,0.5535912993631731,,,,,False,0.09481927881302643,,False,False,0.6459143968871596,,
steel-plates-fault,laplacian_ssl,2,100,,,,,,,1532.0,4848.0,28.0,47.0,0.07310838205739856,0.551817616941933,,,,,False,0.0912561240083607,,False,False,0.6618798955613577,,
steel-plates-fault,laplacian_ssl,2,250,,,,,,,1502.0,4763.0,29.0,46.0,0.07148876506835222,0.5533394522458649,,,,,False,0.22933634531573951,,False,False,0.5838881491344874,,
steel-plates-fault,laplacian_ssl,2,500,,,,,,,1452.0,4609.0,27.0,47.0,0.06689304113388062,0.5532846547635065,,,,,False,0.30403705782190527,,False,False,0.3973829201101928,,
steel-plates-fault,laplacian_ssl,2,50,,,,,,,1542.0,4883.0,28.0,45.0,0.07114712707698345,0.5529718503340665,,,,,False,0.061582706789864466,,False,False,0.5544747081712063,,
steel-plates-fault,tabiclv2_self_training,0,100,2.0,3.0,,77.0,77.0,,,,,,,,,,,,False,,,,,,,
steel-plates-fault,tabiclv2_self_training,0,250,1.0,3.0,,119.0,119.0,,,,,,,,,,,,False,,,,,,,
steel-plates-fault,tabiclv2_self_training,0,500,0.0,3.0,loop0,0.0,214.0,,,,,,,,,,,,False,,,,,,,
steel-plates-fault,tabiclv2_self_training,0,50,0.0,3.0,loop0,0.0,21.0,,,,,,,,,,,,False,,,,,,,
steel-plates-fault,tabiclv2_self_training,1,100,1.0,3.0,,80.0,80.0,,,,,,,,,,,,False,,,,,,,
steel-plates-fault,tabiclv2_self_training,1,250,0.0,3.0,loop0,0.0,141.0,,,,,,,,,,,,False,,,,,,,
steel-plates-fault,tabiclv2_self_training,1,500,3.0,3.0,,131.0,131.0,,,,,,,,,,,,False,,,,,,,
steel-plates-fault,tabiclv2_self_training,1,50,2.0,3.0,,40.0,40.0,,,,,,,,,,,,False,,,,,,,
steel-plates-fault,tabiclv2_self_training,2,100,0.0,3.0,loop0,0.0,52.0,,,,,,,,,,,,False,,,,,,,
steel-plates-fault,tabiclv2_self_training,2,250,2.0,3.0,,188.0,188.0,,,,,,,,,,,,False,,,,,,,
steel-plates-fault,tabiclv2_self_training,2,500,1.0,3.0,,130.0,130.0,,,,,,,,,,,,False,,,,,,,
steel-plates-fault,tabiclv2_self_training,2,50,0.0,3.0,loop0,0.0,24.0,,,,,,,,,,,,False,,,,,,,
steel-plates-fault,tabpfn3_self_training,0,100,0.0,3.0,loop0,0.0,80.0,,,,,,,,,,,,False,,,,,,,
steel-plates-fault,tabpfn3_self_training,0,250,1.0,3.0,,100.0,100.0,,,,,,,,,,,,False,,,,,,,
steel-plates-fault,tabpfn3_self_training,0,500,3.0,3.0,,227.0,227.0,,,,,,,,,,,,False,,,,,,,
steel-plates-fault,tabpfn3_self_training,0,50,0.0,3.0,loop0,0.0,40.0,,,,,,,,,,,,False,,,,,,,
steel-plates-fault,tabpfn3_self_training,1,100,1.0,3.0,,80.0,80.0,,,,,,,,,,,,False,,,,,,,
steel-plates-fault,tabpfn3_self_training,1,250,3.0,3.0,,62.0,62.0,,,,,,,,,,,,False,,,,,,,
steel-plates-fault,tabpfn3_self_training,1,500,2.0,3.0,,142.0,142.0,,,,,,,,,,,,False,,,,,,,
steel-plates-fault,tabpfn3_self_training,1,50,1.0,3.0,,40.0,40.0,,,,,,,,,,,,False,,,,,,,
steel-plates-fault,tabpfn3_self_training,2,100,0.0,3.0,loop0,0.0,80.0,,,,,,,,,,,,False,,,,,,,
steel-plates-fault,tabpfn3_self_training,2,250,1.0,3.0,,114.0,114.0,,,,,,,,,,,,False,,,,,,,
steel-plates-fault,tabpfn3_self_training,2,500,3.0,3.0,,129.0,129.0,,,,,,,,,,,,False,,,,,,,
steel-plates-fault,tabpfn3_self_training,2,50,0.0,1.0,loop0,0.0,0.0,,,,,,,,,,,,False,,,,,,,
adult,laplacian_ssl,0,100,,,,,,,39053.0,102820.0,2094.0,2588.0,3.238551020156592,0.5850081979026559,,,,,False,0.018988402423885248,,False,True,0.9972857398919417,,
adult,laplacian_ssl,0,250,,,,,,,39023.0,102740.0,2093.0,2587.0,3.18666152888909,0.5849480440033348,,,,,False,0.1196595608007649,,False,False,0.7929682494938882,,
adult,laplacian_ssl,0,500,,,,,,,38973.0,102598.0,2090.0,2582.0,3.164108194410801,0.5850362139547365,,,,,False,0.09064057352466286,,False,False,0.8067636568906679,,
adult,laplacian_ssl,0,50,,,,,,,39063.0,102852.0,2092.0,2586.0,3.1683686757460237,0.5850162482641295,,,,,False,0.0016862367674889637,,False,True,1.0,,
adult,laplacian_ssl,1,100,,,,,,,39053.0,102891.0,2048.0,2490.0,3.162626212928444,0.5846196728508725,,,,,False,0.017083801205413425,,False,True,1.0,,
adult,laplacian_ssl,1,250,,,,,,,39023.0,102793.0,2053.0,2492.0,3.252227570861578,0.58459697182597,,,,,False,0.06370703978032552,,False,True,0.9960023575839889,,
adult,laplacian_ssl,1,500,,,,,,,38973.0,102664.0,2041.0,2481.0,3.1768672559410334,0.5846459726420282,,,,,False,0.08062775657676224,,False,False,0.8278808405819413,,
adult,laplacian_ssl,1,50,,,,,,,39063.0,102916.0,2048.0,2491.0,3.1807468542829156,0.5846428400952289,,,,,False,0.0030887381109855764,,False,True,1.0,,
adult,laplacian_ssl,2,100,,,,,,,39053.0,102614.0,2110.0,2576.0,3.219772868324071,0.5848715789236253,,,,,False,0.03500816722065933,,False,True,0.9904232709394925,,
adult,laplacian_ssl,2,250,,,,,,,39023.0,102544.0,2115.0,2579.0,3.188500603660941,0.5849015643603349,,,,,False,0.07228163946036294,,False,False,0.8969582041360223,,
adult,laplacian_ssl,2,500,,,,,,,38973.0,102398.0,2116.0,2581.0,3.2053815722465515,0.5848648380770374,,,,,False,0.09926156141518626,,False,False,0.7676083442383188,,
adult,laplacian_ssl,2,50,,,,,,,39063.0,102658.0,2115.0,2579.0,3.2794011868536472,0.584928937384989,,,,,False,0.023917765989676217,,False,True,0.9938816783145176,,
adult,tabiclv2_self_training,0,100,0.0,2.0,loop0,0.0,80.0,,,,,,,,,,,,False,,,,,,,
adult,tabiclv2_self_training,0,250,1.0,2.0,,200.0,200.0,,,,,,,,,,,,False,,,,,,,
adult,tabiclv2_self_training,0,500,1.0,2.0,,400.0,400.0,,,,,,,,,,,,False,,,,,,,
adult,tabiclv2_self_training,0,50,0.0,2.0,loop0,0.0,40.0,,,,,,,,,,,,False,,,,,,,
adult,tabiclv2_self_training,1,100,1.0,2.0,,80.0,80.0,,,,,,,,,,,,False,,,,,,,
adult,tabiclv2_self_training,1,250,0.0,2.0,loop0,0.0,200.0,,,,,,,,,,,,False,,,,,,,
adult,tabiclv2_self_training,1,500,0.0,2.0,loop0,0.0,400.0,,,,,,,,,,,,False,,,,,,,
adult,tabiclv2_self_training,1,50,0.0,1.0,loop0,0.0,0.0,,,,,,,,,,,,False,,,,,,,
adult,tabiclv2_self_training,2,100,1.0,2.0,,80.0,80.0,,,,,,,,,,,,False,,,,,,,
adult,tabiclv2_self_training,2,250,0.0,2.0,loop0,0.0,200.0,,,,,,,,,,,,False,,,,,,,
adult,tabiclv2_self_training,2,500,0.0,2.0,loop0,0.0,400.0,,,,,,,,,,,,False,,,,,,,
adult,tabiclv2_self_training,2,50,0.0,2.0,loop0,0.0,40.0,,,,,,,,,,,,False,,,,,,,
adult,tabpfn3_self_training,0,100,1.0,2.0,,80.0,80.0,,,,,,,,,,,,False,,,,,,,
adult,tabpfn3_self_training,0,250,1.0,2.0,,200.0,200.0,,,,,,,,,,,,False,,,,,,,
adult,tabpfn3_self_training,0,500,1.0,2.0,,400.0,400.0,,,,,,,,,,,,False,,,,,,,
adult,tabpfn3_self_training,0,50,0.0,1.0,loop0,0.0,0.0,,,,,,,,,,,,False,,,,,,,
adult,tabpfn3_self_training,1,100,0.0,2.0,loop0,0.0,80.0,,,,,,,,,,,,False,,,,,,,
adult,tabpfn3_self_training,1,250,0.0,2.0,loop0,0.0,200.0,,,,,,,,,,,,False,,,,,,,
adult,tabpfn3_self_training,1,500,0.0,2.0,loop0,0.0,400.0,,,,,,,,,,,,False,,,,,,,
adult,tabpfn3_self_training,1,50,0.0,3.0,loop0,0.0,40.0,,,,,,,,,,,,False,,,,,,,
adult,tabpfn3_self_training,2,100,1.0,2.0,,80.0,80.0,,,,,,,,,,,,False,,,,,,,
adult,tabpfn3_self_training,2,250,0.0,2.0,loop0,0.0,200.0,,,,,,,,,,,,False,,,,,,,
adult,tabpfn3_self_training,2,500,0.0,2.0,loop0,0.0,400.0,,,,,,,,,,,,False,,,,,,,
adult,tabpfn3_self_training,2,50,0.0,2.0,loop0,0.0,40.0,,,,,,,,,,,,False,,,,,,,
jannis,laplacian_ssl,0,100,,,,,,,66966.0,104145.0,10328.0,11723.0,6.585368932690471,0.4097708882505013,,,,,False,0.05115500726254772,,False,False,0.6357255920915091,,
jannis,laplacian_ssl,0,250,,,,,,,66936.0,104045.0,10332.0,11733.0,6.506882084067911,0.4097913866056655,,,,,False,0.0651233167832426,,False,False,0.5155073503047687,,
jannis,laplacian_ssl,0,500,,,,,,,66886.0,104009.0,10327.0,11717.0,6.664122191257775,0.4097846595583627,,,,,False,0.06007888155370179,,False,False,0.5437311246000658,,
jannis,laplacian_ssl,0,50,,,,,,,66976.0,104152.0,10348.0,11740.0,6.472602677997202,0.40977496837443467,,,,,False,0.03370404235502526,,False,False,0.5243967988533206,,
jannis,laplacian_ssl,1,100,,,,,,,66966.0,104159.0,10384.0,11765.0,6.584728149697185,0.409740530290307,,,,,False,0.04115626150777278,,False,False,0.8332736015291342,,
jannis,laplacian_ssl,1,250,,,,,,,66936.0,104111.0,10388.0,11763.0,6.555504522752017,0.40973901522590417,,,,,False,0.0589548183806931,,False,False,0.6165591012310266,,
jannis,laplacian_ssl,1,500,,,,,,,66886.0,104021.0,10391.0,11773.0,6.520214076153934,0.40973631405676214,,,,,False,0.05888450831401748,,False,False,0.5860269712645396,,
jannis,laplacian_ssl,1,50,,,,,,,66976.0,104161.0,10394.0,11776.0,6.643156299833208,0.40974619013842634,,,,,False,0.052128722215392324,,False,False,0.7739040850453894,,
jannis,laplacian_ssl,2,100,,,,,,,66966.0,104534.0,10355.0,11745.0,6.594638893846422,0.4098255887804097,,,,,False,0.04784992486693054,,False,False,0.5897769017113161,,
jannis,laplacian_ssl,2,250,,,,,,,66936.0,104480.0,10355.0,11740.0,6.566350494977087,0.40982787157869144,,,,,False,0.05692665877353261,,False,False,0.5201087606071472,,
jannis,laplacian_ssl,2,500,,,,,,,66886.0,104399.0,10342.0,11727.0,6.4972835360094905,0.40984058864374573,,,,,False,0.0510398228967521,,False,False,0.47826151960051433,,
jannis,laplacian_ssl,2,50,,,,,,,66976.0,104548.0,10368.0,11758.0,6.6479381220415235,0.40982577083341426,,,,,False,0.02959985010117127,,False,False,0.7153756569517439,,
jannis,tabiclv2_self_training,0,100,0.0,2.0,loop0,0.0,80.0,,,,,,,,,,,,False,,,,,,,
jannis,tabiclv2_self_training,0,250,2.0,3.0,,200.0,200.0,,,,,,,,,,,,False,,,,,,,
jannis,tabiclv2_self_training,0,500,1.0,3.0,,400.0,400.0,,,,,,,,,,,,False,,,,,,,
jannis,tabiclv2_self_training,0,50,0.0,3.0,loop0,0.0,40.0,,,,,,,,,,,,False,,,,,,,
jannis,tabiclv2_self_training,1,100,2.0,3.0,,80.0,80.0,,,,,,,,,,,,False,,,,,,,
jannis,tabiclv2_self_training,1,250,0.0,3.0,loop0,0.0,200.0,,,,,,,,,,,,False,,,,,,,
jannis,tabiclv2_self_training,1,500,1.0,2.0,,400.0,400.0,,,,,,,,,,,,False,,,,,,,
jannis,tabiclv2_self_training,1,50,0.0,1.0,loop0,0.0,0.0,,,,,,,,,,,,False,,,,,,,
jannis,tabiclv2_self_training,2,100,0.0,2.0,loop0,0.0,80.0,,,,,,,,,,,,False,,,,,,,
jannis,tabiclv2_self_training,2,250,1.0,3.0,,200.0,200.0,,,,,,,,,,,,False,,,,,,,
jannis,tabiclv2_self_training,2,500,2.0,3.0,,400.0,400.0,,,,,,,,,,,,False,,,,,,,
jannis,tabiclv2_self_training,2,50,0.0,3.0,loop0,0.0,30.0,,,,,,,,,,,,False,,,,,,,
jannis,tabpfn3_self_training,0,100,0.0,2.0,loop0,0.0,80.0,,,,,,,,,,,,False,,,,,,,
jannis,tabpfn3_self_training,0,250,1.0,2.0,,200.0,200.0,,,,,,,,,,,,False,,,,,,,
jannis,tabpfn3_self_training,0,500,0.0,2.0,loop0,0.0,400.0,,,,,,,,,,,,False,,,,,,,
jannis,tabpfn3_self_training,0,50,0.0,1.0,loop0,0.0,0.0,,,,,,,,,,,,False,,,,,,,
jannis,tabpfn3_self_training,1,100,0.0,1.0,loop0,0.0,0.0,,,,,,,,,,,,False,,,,,,,
jannis,tabpfn3_self_training,1,250,0.0,2.0,loop0,0.0,200.0,,,,,,,,,,,,False,,,,,,,
jannis,tabpfn3_self_training,1,500,1.0,2.0,,400.0,400.0,,,,,,,,,,,,False,,,,,,,
jannis,tabpfn3_self_training,1,50,0.0,1.0,loop0,0.0,0.0,,,,,,,,,,,,False,,,,,,,
jannis,tabpfn3_self_training,2,100,1.0,3.0,,80.0,80.0,,,,,,,,,,,,False,,,,,,,
jannis,tabpfn3_self_training,2,250,1.0,2.0,,200.0,200.0,,,,,,,,,,,,False,,,,,,,
jannis,tabpfn3_self_training,2,500,0.0,2.0,loop0,0.0,400.0,,,,,,,,,,,,False,,,,,,,
jannis,tabpfn3_self_training,2,50,0.0,1.0,loop0,0.0,0.0,,,,,,,,,,,,False,,,,,,,
MagicTelescope,embedding_alignment_ssl,0,100,,,,,,,,,,,,,,,,,False,0.013941273093223572,,False,,,0.4405827224254608,0.2596571743488312
MagicTelescope,embedding_alignment_ssl,0,250,,,,,,,,,,,,,,,,,False,0.013624245300889015,,False,,,0.4354504942893982,0.21111004054546356
MagicTelescope,embedding_alignment_ssl,0,500,,,,,,,,,,,,,,,,,False,0.010679813101887703,,False,,,0.2734444737434387,0.5230768322944641
MagicTelescope,embedding_alignment_ssl,0,50,,,,,,,,,,,,,,,,,False,0.01363622397184372,,False,,,0.4080052673816681,0.3184359073638916
MagicTelescope,embedding_alignment_ssl,1,100,,,,,,,,,,,,,,,,,False,0.007643572054803371,,False,,,0.2167300432920456,0.3482933044433594
MagicTelescope,embedding_alignment_ssl,1,250,,,,,,,,,,,,,,,,,False,0.01971741020679474,,False,,,0.5366024374961853,0.6634617447853088
MagicTelescope,embedding_alignment_ssl,1,500,,,,,,,,,,,,,,,,,False,0.018127650022506714,,False,,,0.501007691025734,0.5949401259422302
MagicTelescope,embedding_alignment_ssl,1,50,,,,,,,,,,,,,,,,,False,0.018434524536132812,,False,,,0.5388394892215729,0.4367470443248749
MagicTelescope,embedding_alignment_ssl,2,100,,,,,,,,,,,,,,,,,False,0.012772640213370323,,False,,,0.28319764137268066,0.7865597009658813
MagicTelescope,embedding_alignment_ssl,2,250,,,,,,,,,,,,,,,,,False,0.017326023429632187,,False,,,0.41628219932317734,0.9120212197303772
MagicTelescope,embedding_alignment_ssl,2,500,,,,,,,,,,,,,,,,,False,0.016933567821979523,,False,,,0.41673991084098816,0.7334355711936951
MagicTelescope,embedding_alignment_ssl,2,50,,,,,,,,,,,,,,,,,False,0.011944935657083988,,False,,,0.3170393705368042,0.5509675145149231
MagicTelescope,geometric_attention_ssl,0,100,,,,,,,15196.0,46457.0,207.0,231.0,0.9628217797726393,0.49540977854396057,2.015854001045227,0.4837530702352524,0.5064180195331573,,False,0.005634912755340338,32.0,False,True,0.9872334824953936,,
MagicTelescope,geometric_attention_ssl,0,250,,,,,,,15166.0,46389.0,205.0,228.0,0.9745973730459809,0.49537652056601866,1.783384919166565,0.3781098276376724,0.6028137505054474,,False,0.09947626292705536,32.0,False,False,0.7380983779506791,,
MagicTelescope,geometric_attention_ssl,0,500,,,,,,,15116.0,46222.0,202.0,224.0,0.9675112250261009,0.49543960739845183,1.7079903738839286,0.350911876985005,0.6624870385442462,,False,0.10871966928243637,32.0,False,False,0.6983328922995502,,
MagicTelescope,geometric_attention_ssl,0,50,,,,,,,15206.0,46493.0,207.0,230.0,1.0175040308386087,0.49541284346331976,2.0622239112854004,0.4647560715675354,0.5504451990127563,,False,0.004193331114947796,32.0,False,True,1.0,,
MagicTelescope,geometric_attention_ssl,1,100,,,,,,,15196.0,46473.0,214.0,237.0,1.104809284210205,0.494937950116439,1.971601665019989,0.6623510122299194,0.33987921476364136,,False,0.03137239068746567,32.0,False,False,0.8087654645959463,,
MagicTelescope,geometric_attention_ssl,1,250,,,,,,,15166.0,46368.0,215.0,237.0,1.0223625479266047,0.49497271991552555,1.9309199154376984,0.7124784141778946,0.3019338473677635,,False,0.10388822108507156,32.0,False,False,0.7333509165238032,,
MagicTelescope,geometric_attention_ssl,1,500,,,,,,,15116.0,46194.0,212.0,236.0,0.9974253461696208,0.49504372781990086,1.9449575798852103,0.6697811314037868,0.33237579464912415,,False,0.05601723492145538,32.0,False,False,0.7521831172267796,,
MagicTelescope,geometric_attention_ssl,1,50,,,,,,,15206.0,46488.0,215.0,238.0,0.9986232328228652,0.49495838219645516,2.0425965785980225,0.5578986406326294,0.4489726126194,,False,0.005845511332154274,32.0,False,True,0.995922662107063,,
MagicTelescope,geometric_attention_ssl,2,100,,,,,,,15196.0,46544.0,194.0,221.0,1.0254691052250564,0.4954690000387151,1.878905713558197,0.7298991084098816,0.28783515095710754,,False,0.12946182489395142,32.0,False,False,0.7167675704132667,,
MagicTelescope,geometric_attention_ssl,2,250,,,,,,,15166.0,46441.0,196.0,223.0,0.9949988340958953,0.4954513449593215,1.8603546619415283,0.7519188076257706,0.2577596567571163,,False,0.06797953695058823,32.0,False,False,0.7450217591982066,,
MagicTelescope,geometric_attention_ssl,2,500,,,,,,,15116.0,46326.0,195.0,221.0,1.020344096235931,0.49551851850755657,1.8579475709370203,0.6805398293903896,0.32846019523484365,,False,0.09800270199775696,32.0,False,False,0.7282349827996825,,
MagicTelescope,geometric_attention_ssl,2,50,,,,,,,15206.0,46592.0,194.0,221.0,0.9718478596769273,0.49543035100624516,2.0029287338256836,0.5481943488121033,0.4363674223423004,,False,0.006018513347953558,32.0,False,True,1.0,,
MagicTelescope,unlabeled_attention_ssl,0,100,,,,,,,,,,,,,,0.0015625,0.9984375,15196.0,False,,,,,,,
MagicTelescope,unlabeled_attention_ssl,0,250,,,,,,,,,,,,,,0.01953125,0.98046875,15166.0,False,,,,,,,
MagicTelescope,unlabeled_attention_ssl,0,500,,,,,,,,,,,,,,0.021484375,0.978515625,15116.0,False,,,,,,,
MagicTelescope,unlabeled_attention_ssl,0,50,,,,,,,,,,,,,,0.0,1.0,15206.0,False,,,,,,,
MagicTelescope,unlabeled_attention_ssl,1,100,,,,,,,,,,,,,,0.0078125,0.9921875,15196.0,False,,,,,,,
MagicTelescope,unlabeled_attention_ssl,1,250,,,,,,,,,,,,,,0.0166015625,0.9833984375,15166.0,False,,,,,,,
MagicTelescope,unlabeled_attention_ssl,1,500,,,,,,,,,,,,,,0.0283203125,0.9716796875,15116.0,False,,,,,,,
MagicTelescope,unlabeled_attention_ssl,1,50,,,,,,,,,,,,,,0.0,1.0,15206.0,False,,,,,,,
MagicTelescope,unlabeled_attention_ssl,2,100,,,,,,,,,,,,,,0.00625,0.99375,15196.0,False,,,,,,,
MagicTelescope,unlabeled_attention_ssl,2,250,,,,,,,,,,,,,,0.01171875,0.98828125,15166.0,False,,,,,,,
MagicTelescope,unlabeled_attention_ssl,2,500,,,,,,,,,,,,,,0.02734375,0.97265625,15116.0,False,,,,,,,
MagicTelescope,unlabeled_attention_ssl,2,50,,,,,,,,,,,,,,0.003125,0.996875,15206.0,False,,,,,,,
bank-marketing,embedding_alignment_ssl,0,100,,,,,,,,,,,,,,,,,False,0.001945946249179542,,False,,,0.05516725219786167,0.2505205273628235
bank-marketing,embedding_alignment_ssl,0,250,,,,,,,,,,,,,,,,,False,0.0017664139159023762,,False,,,0.05685143172740936,0.20093299448490143
bank-marketing,embedding_alignment_ssl,0,500,,,,,,,,,,,,,,,,,False,0.0016920564230531454,,False,,,0.053937068209052086,0.16648328304290771
bank-marketing,embedding_alignment_ssl,0,50,,,,,,,,,,,,,,,,,False,0.0031253944616764784,,False,,,0.0809592641890049,0.33198004961013794
bank-marketing,embedding_alignment_ssl,1,100,,,,,,,,,,,,,,,,,False,0.00690744211897254,,False,,,0.17658039927482605,0.5250830054283142
bank-marketing,embedding_alignment_ssl,1,250,,,,,,,,,,,,,,,,,False,0.005925543140619993,,False,,,0.1738702580332756,0.4155130088329315
bank-marketing,embedding_alignment_ssl,1,500,,,,,,,,,,,,,,,,,False,0.0056489394046366215,,False,,,0.170187309384346,0.4004652798175812
bank-marketing,embedding_alignment_ssl,1,50,,,,,,,,,,,,,,,,,False,0.009291267022490501,,False,,,0.17440617084503174,0.8207415342330933
bank-marketing,embedding_alignment_ssl,2,100,,,,,,,,,,,,,,,,,False,0.002246806863695383,,False,,,0.06945822946727276,0.30042552947998047
bank-marketing,embedding_alignment_ssl,2,250,,,,,,,,,,,,,,,,,False,0.0017621938604861498,,False,,,0.06058548390865326,0.19665318727493286
bank-marketing,embedding_alignment_ssl,2,500,,,,,,,,,,,,,,,,,False,0.0017505236901342869,,False,,,0.06140361726284027,0.17872731387615204
bank-marketing,embedding_alignment_ssl,2,50,,,,,,,,,,,,,,,,,False,0.0026205647736787796,,False,,,0.07673941925168037,0.29745346307754517
bank-marketing,geometric_attention_ssl,0,100,,,,,,,36148.0,98130.0,1014.0,1191.0,2.2836547568440437,0.5412560393854218,2.0140475034713745,0.4138101041316986,0.5812943875789642,,False,0.006021108478307724,32.0,False,True,1.0,,
bank-marketing,geometric_attention_ssl,0,250,,,,,,,36118.0,98046.0,1014.0,1188.0,2.209238469135016,0.5413372742262768,1.6718664765357971,0.19273320958018303,0.8286536484956741,,False,0.034599874168634415,32.0,False,True,0.9999723129741404,,
bank-marketing,geometric_attention_ssl,0,500,,,,,,,36068.0,97901.0,1011.0,1185.0,2.2233113199472427,0.541288727638612,2.0276713030678883,0.44488438963890076,0.551280677318573,,False,0.06890169531106949,32.0,False,False,0.9651491626926916,,
bank-marketing,geometric_attention_ssl,0,50,,,,,,,36158.0,98154.0,1017.0,1193.0,2.265804920811206,0.5412812833017475,2.0156447887420654,0.4150722622871399,0.5774392485618591,,False,0.0024065449833869934,32.0,False,True,1.0,,
bank-marketing,geometric_attention_ssl,1,100,,,,,,,36148.0,98284.0,996.0,1178.0,2.2120810789056122,0.5414113462782508,1.954098105430603,0.273056223988533,0.745787501335144,,False,0.004768650978803635,32.0,False,True,1.0,,
bank-marketing,geometric_attention_ssl,1,250,,,,,,,36118.0,98206.0,996.0,1179.0,2.247353496029973,0.5414354796618942,1.796225219964981,0.19774236902594566,0.7994102537631989,,False,0.014918320812284946,32.0,False,True,1.0,,
bank-marketing,geometric_attention_ssl,1,500,,,,,,,36068.0,98053.0,991.0,1176.0,2.199591337237507,0.541387533812026,2.035977465765817,0.5104574646268573,0.49202590329306467,,False,0.08142019808292389,32.0,False,False,0.9726350227348342,,
bank-marketing,geometric_attention_ssl,1,50,,,,,,,36158.0,98320.0,996.0,1179.0,2.2519178558140993,0.5414615447194034,1.9525188207626343,0.27868157625198364,0.7333534359931946,,False,0.0039455583319067955,32.0,False,True,1.0,,
bank-marketing,geometric_attention_ssl,2,100,,,,,,,36148.0,98165.0,977.0,1133.0,2.256462436169386,0.5406291414993702,1.97842538356781,0.3372132480144501,0.6638896465301514,,False,0.0054115899838507175,32.0,False,True,1.0,,
bank-marketing,geometric_attention_ssl,2,250,,,,,,,36118.0,98094.0,977.0,1134.0,2.2822128529660404,0.540685313102657,1.982967495918274,0.45542044937610626,0.527481347322464,,False,0.06476674973964691,32.0,False,False,0.9745279362090924,,
bank-marketing,geometric_attention_ssl,2,500,,,,,,,36068.0,97919.0,968.0,1120.0,2.2204673658125103,0.540563314329274,1.9809181179319109,0.34931396160806927,0.6540820258004325,,False,0.08868061006069183,32.0,False,False,0.94496506598647,,
bank-marketing,geometric_attention_ssl,2,50,,,,,,,36158.0,98200.0,977.0,1132.0,2.2527243196964264,0.5406748798260204,2.006000280380249,0.3941199779510498,0.6025047302246094,,False,0.0031979146879166365,32.0,False,True,1.0,,
bank-marketing,unlabeled_attention_ssl,0,100,,,,,,,,,,,,,,0.003125,0.996875,36148.0,False,,,,,,,
bank-marketing,unlabeled_attention_ssl,0,250,,,,,,,,,,,,,,0.0009765625,0.9990234375,36118.0,False,,,,,,,
bank-marketing,unlabeled_attention_ssl,0,500,,,,,,,,,,,,,,0.0146484375,0.9853515625,36068.0,False,,,,,,,
bank-marketing,unlabeled_attention_ssl,0,50,,,,,,,,,,,,,,0.003125,0.996875,36158.0,False,,,,,,,
bank-marketing,unlabeled_attention_ssl,1,100,,,,,,,,,,,,,,0.0078125,0.9921875,36148.0,False,,,,,,,
bank-marketing,unlabeled_attention_ssl,1,250,,,,,,,,,,,,,,0.0068359375,0.9931640625,36118.0,False,,,,,,,
bank-marketing,unlabeled_attention_ssl,1,500,,,,,,,,,,,,,,0.0166015625,0.9833984375,36068.0,False,,,,,,,
bank-marketing,unlabeled_attention_ssl,1,50,,,,,,,,,,,,,,0.0,1.0,36158.0,False,,,,,,,
bank-marketing,unlabeled_attention_ssl,2,100,,,,,,,,,,,,,,0.0,1.0,36148.0,False,,,,,,,
bank-marketing,unlabeled_attention_ssl,2,250,,,,,,,,,,,,,,0.0048828125,0.9951171875,36118.0,False,,,,,,,
bank-marketing,unlabeled_attention_ssl,2,500,,,,,,,,,,,,,,0.0126953125,0.9873046875,36068.0,False,,,,,,,
bank-marketing,unlabeled_attention_ssl,2,50,,,,,,,,,,,,,,0.0,1.0,36158.0,False,,,,,,,
electricity,embedding_alignment_ssl,0,100,,,,,,,,,,,,,,,,,False,0.012934330850839615,,False,,,0.3896803557872772,0.24305517971515656
electricity,embedding_alignment_ssl,0,250,,,,,,,,,,,,,,,,,False,0.012407832778990269,,False,,,0.37316492199897766,0.2728709876537323
electricity,embedding_alignment_ssl,0,500,,,,,,,,,,,,,,,,,False,0.012709466740489006,,False,,,0.39237914979457855,0.21249635517597198
electricity,embedding_alignment_ssl,0,50,,,,,,,,,,,,,,,,,False,0.008817310445010662,,False,,,0.22087273746728897,0.4618943929672241
electricity,embedding_alignment_ssl,1,100,,,,,,,,,,,,,,,,,False,0.012835435569286346,,False,,,0.37543946504592896,0.34129518270492554
electricity,embedding_alignment_ssl,1,250,,,,,,,,,,,,,,,,,False,0.009707626886665821,,False,,,0.29538288712501526,0.24925412237644196
electricity,embedding_alignment_ssl,1,500,,,,,,,,,,,,,,,,,False,0.012406330555677414,,False,,,0.3838496208190918,0.21476107835769653
electricity,embedding_alignment_ssl,1,50,,,,,,,,,,,,,,,,,False,0.006391490809619427,,False,,,0.16588914394378662,0.3660137951374054
electricity,embedding_alignment_ssl,2,100,,,,,,,,,,,,,,,,,False,0.011509048752486706,,False,,,0.29592741280794144,0.4783283472061157
electricity,embedding_alignment_ssl,2,250,,,,,,,,,,,,,,,,,False,0.010247156023979187,,False,,,0.28515394032001495,0.3614647090435028
electricity,embedding_alignment_ssl,2,500,,,,,,,,,,,,,,,,,False,0.011334854178130627,,False,,,0.3194965571165085,0.3613821864128113
electricity,embedding_alignment_ssl,2,50,,,,,,,,,,,,,,,,,False,0.01183048915117979,,False,,,0.3473205417394638,0.3047073483467102
electricity,geometric_attention_ssl,0,100,,,,,,,36229.0,134687.0,89.0,133.0,3.473464101087302,0.5970732574056917,1.924348533153534,0.5321196913719177,0.490976020693779,,False,0.05261992663145065,32.0,False,False,0.6506665930608077,,
electricity,geometric_attention_ssl,0,250,,,,,,,36199.0,134569.0,88.0,132.0,3.433077997993678,0.5970130328438442,1.8989768624305725,0.5569057166576385,0.44647473096847534,,False,0.045655641704797745,32.0,False,False,0.6333876626426145,,
electricity,geometric_attention_ssl,0,500,,,,,,,36149.0,134381.0,89.0,133.0,3.478354088962078,0.5970440482256524,1.920218791280474,0.5317562563078744,0.4636632672377995,,False,0.05574195086956024,32.0,False,False,0.621455641926471,,
electricity,geometric_attention_ssl,0,50,,,,,,,36239.0,134714.0,89.0,133.0,3.4215999329462647,0.5970508494623027,2.024129867553711,0.5417124032974243,0.45225048065185547,,False,0.0029892239253968,32.0,False,False,0.9721846629322001,,
electricity,geometric_attention_ssl,1,100,,,,,,,36229.0,134820.0,88.0,124.0,3.613303618039936,0.5968888634588188,2.0394450426101685,0.5100707709789276,0.48661933839321136,,False,0.003268744330853224,32.0,False,False,0.966270115101162,,
electricity,geometric_attention_ssl,1,250,,,,,,,36199.0,134703.0,88.0,125.0,3.3384371078573167,0.5968150050122217,1.980255126953125,0.6517413407564163,0.34970126301050186,,False,0.08171304315328598,32.0,False,False,0.7315395452913064,,
electricity,geometric_attention_ssl,1,500,,,,,,,36149.0,134497.0,90.0,126.0,3.3810157040134072,0.5968694353079985,2.00958366053445,0.5639853477478027,0.4290345481463841,,False,0.051404379308223724,32.0,False,False,0.6927715842761902,,
electricity,geometric_attention_ssl,1,50,,,,,,,36239.0,134871.0,88.0,124.0,3.344550610985607,0.5968636007612947,2.039921522140503,0.5575146079063416,0.4497532546520233,,False,0.013071082532405853,32.0,False,False,0.6361654571042248,,
electricity,geometric_attention_ssl,2,100,,,,,,,36229.0,134542.0,84.0,128.0,3.4240543339401484,0.5976086323410197,1.9068508744239807,0.6499914824962616,0.35435184836387634,,False,0.04642835259437561,32.0,False,False,0.6699329266609622,,
electricity,geometric_attention_ssl,2,250,,,,,,,36199.0,134407.0,84.0,128.0,3.3151694731786847,0.5976424548799038,1.8829965591430664,0.6620733290910721,0.3390471488237381,,False,0.11229588091373444,32.0,False,False,0.6417580596149065,,
electricity,geometric_attention_ssl,2,500,,,,,,,36149.0,134202.0,86.0,129.0,3.4561259211041033,0.5977248809400406,1.8568875449044364,0.6681106090545654,0.33517639551843914,,False,0.07424267381429672,32.0,False,False,0.5960054220033749,,
electricity,geometric_attention_ssl,2,50,,,,,,,36239.0,134575.0,84.0,128.0,3.3162801107391715,0.5975999734308403,2.0810906887054443,0.5378128886222839,0.4893571436405182,,False,0.0020677021238952875,32.0,False,True,0.9980407847898672,,
electricity,unlabeled_attention_ssl,0,100,,,,,,,,,,,,,,0.0046875,0.9953125,36229.0,False,,,,,,,
electricity,unlabeled_attention_ssl,0,250,,,,,,,,,,,,,,0.0048828125,0.9951171875,36199.0,False,,,,,,,
electricity,unlabeled_attention_ssl,0,500,,,,,,,,,,,,,,0.0068359375,0.9931640625,36149.0,False,,,,,,,
electricity,unlabeled_attention_ssl,0,50,,,,,,,,,,,,,,0.0,1.0,36239.0,False,,,,,,,
electricity,unlabeled_attention_ssl,1,100,,,,,,,,,,,,,,0.0015625,0.9984375,36229.0,False,,,,,,,
electricity,unlabeled_attention_ssl,1,250,,,,,,,,,,,,,,0.00390625,0.99609375,36199.0,False,,,,,,,
electricity,unlabeled_attention_ssl,1,500,,,,,,,,,,,,,,0.01171875,0.98828125,36149.0,False,,,,,,,
electricity,unlabeled_attention_ssl,1,50,,,,,,,,,,,,,,0.0,1.0,36239.0,False,,,,,,,
electricity,unlabeled_attention_ssl,2,100,,,,,,,,,,,,,,0.0,1.0,36229.0,False,,,,,,,
electricity,unlabeled_attention_ssl,2,250,,,,,,,,,,,,,,0.001953125,0.998046875,36199.0,False,,,,,,,
electricity,unlabeled_attention_ssl,2,500,,,,,,,,,,,,,,0.009765625,0.990234375,36149.0,False,,,,,,,
electricity,unlabeled_attention_ssl,2,50,,,,,,,,,,,,,,0.003125,0.996875,36239.0,False,,,,,,,
phoneme,embedding_alignment_ssl,0,100,,,,,,,,,,,,,,,,,False,0.01669471338391304,,False,,,0.4812465161085129,0.6539031267166138
phoneme,embedding_alignment_ssl,0,250,,,,,,,,,,,,,,,,,False,0.016502197831869125,,False,,,0.4725431799888611,0.737547755241394
phoneme,embedding_alignment_ssl,0,500,,,,,,,,,,,,,,,,,False,0.016561461612582207,,False,,,0.47206662595272064,0.7300495505332947
phoneme,embedding_alignment_ssl,0,50,,,,,,,,,,,,,,,,,False,0.0152325090020895,,False,,,0.4263867288827896,0.6446309089660645
phoneme,embedding_alignment_ssl,1,100,,,,,,,,,,,,,,,,,False,0.018366608768701553,,False,,,0.45131970942020416,0.7926940321922302
phoneme,embedding_alignment_ssl,1,250,,,,,,,,,,,,,,,,,False,0.01581026241183281,,False,,,0.45254871249198914,0.6294630765914917
phoneme,embedding_alignment_ssl,1,500,,,,,,,,,,,,,,,,,False,0.01525238249450922,,False,,,0.4445686638355255,0.5841482281684875
phoneme,embedding_alignment_ssl,1,50,,,,,,,,,,,,,,,,,False,0.022071681916713715,,False,,,0.4703623950481415,0.9587660431861877
phoneme,embedding_alignment_ssl,2,100,,,,,,,,,,,,,,,,,False,0.01630239188671112,,False,,,0.42483456432819366,0.7889556884765625
phoneme,embedding_alignment_ssl,2,250,,,,,,,,,,,,,,,,,False,0.01430219504982233,,False,,,0.4321632981300354,0.5821505784988403
phoneme,embedding_alignment_ssl,2,500,,,,,,,,,,,,,,,,,False,0.013785943388938904,,False,,,0.410345122218132,0.5940340757369995
phoneme,embedding_alignment_ssl,2,50,,,,,,,,,,,,,,,,,False,0.020522212609648705,,False,,,0.45180027186870575,1.022339940071106
phoneme,geometric_attention_ssl,0,100,,,,,,,4303.0,15111.0,37.0,62.0,0.11689018504694104,0.6066279112562939,1.9808903932571411,0.5050489902496338,0.4704389274120331,,False,0.08189557492733002,32.0,False,False,0.7167092726005113,,
phoneme,geometric_attention_ssl,0,250,,,,,,,4273.0,15008.0,38.0,63.0,0.11648634355515242,0.6064280799785324,1.9787555038928986,0.5313587486743927,0.4699288159608841,,False,0.09619210660457611,32.0,False,False,0.6922536859349403,,
phoneme,geometric_attention_ssl,0,500,,,,,,,4223.0,14832.0,37.0,63.0,0.11467887880280614,0.6063622641351284,2.003973194531032,0.46829991255487713,0.5277236189161029,,False,0.07177042961120605,32.0,False,False,0.7518351882547951,,
phoneme,geometric_attention_ssl,0,50,,,,,,,4313.0,15151.0,38.0,63.0,0.11735855136066675,0.6067554282604501,2.0348153114318848,0.5372251868247986,0.46595802903175354,,False,0.01775316148996353,32.0,False,True,0.9972177138882449,,
phoneme,geometric_attention_ssl,1,100,,,,,,,4303.0,15031.0,32.0,55.0,0.11715228715911508,0.6066945303479151,1.9812562465667725,0.4831819534301758,0.4911598116159439,,False,0.039386384189128876,32.0,False,False,0.9207529630490355,,
phoneme,geometric_attention_ssl,1,250,,,,,,,4273.0,14902.0,30.0,54.0,0.11970486165955663,0.6061567372633528,1.9995641112327576,0.49953821301460266,0.49309756606817245,,False,0.06247938424348831,32.0,False,False,0.7318043529136438,,
phoneme,geometric_attention_ssl,1,500,,,,,,,4223.0,14766.0,29.0,54.0,0.11834078235551715,0.6067128296231927,2.0359972545078824,0.5051653725760323,0.49771096450941904,,False,0.058876246213912964,32.0,False,False,0.7298129291972532,,
phoneme,geometric_attention_ssl,1,50,,,,,,,4313.0,15058.0,31.0,56.0,0.11547193396836519,0.6066020162739694,2.017047882080078,0.4582565426826477,0.5303367972373962,,False,0.02301352098584175,32.0,False,False,0.9740319962902851,,
phoneme,geometric_attention_ssl,2,100,,,,,,,4303.0,15070.0,33.0,54.0,0.11458086082711816,0.6066583413191616,1.991060197353363,0.645090252161026,0.3549201488494873,,False,0.07825295627117157,32.0,False,False,0.6690680920288171,,
phoneme,geometric_attention_ssl,2,250,,,,,,,4273.0,14970.0,32.0,53.0,0.11461688112467527,0.6063938145542369,2.0045946538448334,0.5747679471969604,0.41193967312574387,,False,0.05681763216853142,32.0,False,False,0.7172946407676106,,
phoneme,geometric_attention_ssl,2,500,,,,,,,4223.0,14728.0,35.0,57.0,0.11323251482099295,0.6062710014902981,2.0239455359322682,0.5108961590698787,0.4852046923977988,,False,0.06444889307022095,32.0,False,False,0.7542031730996922,,
phoneme,geometric_attention_ssl,2,50,,,,,,,4313.0,15100.0,34.0,55.0,0.11429316783323884,0.6065583578412534,2.069472074508667,0.5448471307754517,0.4773693084716797,,False,0.003877217648550868,32.0,False,True,1.0,,
phoneme,unlabeled_attention_ssl,0,100,,,,,,,,,,,,,,0.0140625,0.9859375,4303.0,False,,,,,,,
phoneme,unlabeled_attention_ssl,0,250,,,,,,,,,,,,,,0.044921875,0.955078125,4273.0,False,,,,,,,
phoneme,unlabeled_attention_ssl,0,500,,,,,,,,,,,,,,0.1025390625,0.8974609375,4223.0,False,,,,,,,
phoneme,unlabeled_attention_ssl,0,50,,,,,,,,,,,,,,0.003125,0.996875,4313.0,False,,,,,,,
phoneme,unlabeled_attention_ssl,1,100,,,,,,,,,,,,,,0.0109375,0.9890625,4303.0,False,,,,,,,
phoneme,unlabeled_attention_ssl,1,250,,,,,,,,,,,,,,0.0390625,0.9609375,4273.0,False,,,,,,,
phoneme,unlabeled_attention_ssl,1,500,,,,,,,,,,,,,,0.0810546875,0.9189453125,4223.0,False,,,,,,,
phoneme,unlabeled_attention_ssl,1,50,,,,,,,,,,,,,,0.003125,0.996875,4313.0,False,,,,,,,
phoneme,unlabeled_attention_ssl,2,100,,,,,,,,,,,,,,0.0125,0.9875,4303.0,False,,,,,,,
phoneme,unlabeled_attention_ssl,2,250,,,,,,,,,,,,,,0.044921875,0.955078125,4273.0,False,,,,,,,
phoneme,unlabeled_attention_ssl,2,500,,,,,,,,,,,,,,0.0869140625,0.9130859375,4223.0,False,,,,,,,
phoneme,unlabeled_attention_ssl,2,50,,,,,,,,,,,,,,0.009375,0.990625,4313.0,False,,,,,,,
satimage,embedding_alignment_ssl,0,100,,,,,,,,,,,,,,,,,False,0.027730843052268028,,False,,,0.18098669902731976,1.2388452271620431
satimage,embedding_alignment_ssl,0,250,,,,,,,,,,,,,,,,,False,0.027978677302598953,,False,,,0.24772529924909273,1.2026827931404114
satimage,embedding_alignment_ssl,0,500,,,,,,,,,,,,,,,,,False,0.027759021148085594,,False,,,0.24938532213370004,1.1977678418159485
satimage,embedding_alignment_ssl,0,50,,,,,,,,,,,,,,,,,False,0.028248704969882965,,False,,,0.16017281326154867,1.268681252002716
satimage,embedding_alignment_ssl,1,100,,,,,,,,,,,,,,,,,False,0.027591973543167114,,False,,,0.19097398997594914,1.2427677750587462
satimage,embedding_alignment_ssl,1,250,,,,,,,,,,,,,,,,,False,0.027272069826722145,,False,,,0.23123825217286745,1.1998292128245036
satimage,embedding_alignment_ssl,1,500,,,,,,,,,,,,,,,,,False,0.027041703462600708,,False,,,0.22678603293995062,1.1986934026082356
satimage,embedding_alignment_ssl,1,50,,,,,,,,,,,,,,,,,False,0.027113506570458412,,False,,,0.18466772620255748,1.2175123830636343
satimage,embedding_alignment_ssl,2,100,,,,,,,,,,,,,,,,,False,0.027977950870990753,,False,,,0.19510217166195312,1.2578379034996032
satimage,embedding_alignment_ssl,2,250,,,,,,,,,,,,,,,,,False,0.027060654014348984,,False,,,0.23553179825345674,1.1982733209927876
satimage,embedding_alignment_ssl,2,500,,,,,,,,,,,,,,,,,False,0.0271369107067585,,False,,,0.2422540169209242,1.1949352343877158
satimage,embedding_alignment_ssl,2,50,,,,,,,,,,,,,,,,,False,0.02815455012023449,,False,,,0.20056055889775357,1.2377307454744975
satimage,geometric_attention_ssl,0,100,,,,,,,5124.0,13367.0,180.0,216.0,0.17007890483364463,0.4603737247152554,1.90658301115036,0.5476489961147308,0.4433071166276932,,False,0.48805204033851624,32.0,False,False,0.4028103044496487,,
satimage,geometric_attention_ssl,0,250,,,,,,,5094.0,13290.0,174.0,210.0,0.16835493315011263,0.46037712928188634,1.7520875036716461,0.5891771614551544,0.401368148624897,,False,1.1640623807907104,32.0,False,False,0.30427954456223005,,
satimage,geometric_attention_ssl,0,500,,,,,,,5044.0,13135.0,170.0,205.0,0.16829431662335992,0.4609375655837556,1.7750569241387504,0.6193776641573224,0.382254170519965,,False,1.0963083505630493,32.0,False,False,0.2684377478191911,,
satimage,geometric_attention_ssl,0,50,,,,,,,5134.0,13379.0,182.0,218.0,0.17384448321536183,0.46039806630170305,1.974897027015686,0.5320286154747009,0.45586976408958435,,False,0.05962648242712021,32.0,False,False,0.37884690299961044,,
satimage,geometric_attention_ssl,1,100,,,,,,,5124.0,13378.0,159.0,208.0,0.17889757500961423,0.46046051929954046,1.6333709359169006,0.5989534854888916,0.39901912212371826,,False,0.48688408732414246,32.0,False,False,0.4211553473848556,,
satimage,geometric_attention_ssl,1,250,,,,,,,5094.0,13268.0,158.0,208.0,0.16998598678037524,0.4604993507344501,1.4205929636955261,0.5918981730937958,0.4054662436246872,,False,1.2741358280181885,32.0,False,False,0.3545347467608952,,
satimage,geometric_attention_ssl,1,500,,,,,,,5044.0,13153.0,156.0,211.0,0.16807633731514215,0.46044318612977087,1.4785847323281425,0.6434001156261989,0.3588695866721017,,False,1.6312341690063477,32.0,False,False,0.2866772402854877,,
satimage,geometric_attention_ssl,1,50,,,,,,,5134.0,13393.0,158.0,208.0,0.17516403924673796,0.460266369519255,1.9916270971298218,0.5337674021720886,0.4487985074520111,,False,0.04259170591831207,32.0,False,False,0.4544215037008181,,
satimage,geometric_attention_ssl,2,100,,,,,,,5124.0,13346.0,192.0,235.0,0.18268053093925118,0.45992942055086006,1.9504684209823608,0.5927263796329498,0.405307799577713,,False,0.33742350339889526,32.0,False,False,0.4244730679156909,,
satimage,geometric_attention_ssl,2,250,,,,,,,5094.0,13276.0,191.0,233.0,0.17175697023048997,0.45997527352053535,1.654424637556076,0.7532738447189331,0.22635691612958908,,False,1.214703917503357,32.0,False,False,0.303886925795053,,
satimage,geometric_attention_ssl,2,500,,,,,,,5044.0,13142.0,187.0,225.0,0.1661851559765637,0.45996042264376574,1.682009186063494,0.7130059855324882,0.2892098980290549,,False,1.3449199199676514,32.0,False,False,0.25931800158604285,,
satimage,geometric_attention_ssl,2,50,,,,,,,5134.0,13349.0,192.0,235.0,0.18202584236860275,0.45992784555058425,2.0536789894104004,0.5596564412117004,0.46813011169433594,,False,0.06177506595849991,32.0,False,False,0.38215816127775615,,
satimage,unlabeled_attention_ssl,0,100,,,,,,,,,,,,,,0.003125,0.996875,5124.0,False,,,,,,,
satimage,unlabeled_attention_ssl,0,250,,,,,,,,,,,,,,0.0537109375,0.9462890625,5094.0,False,,,,,,,
satimage,unlabeled_attention_ssl,0,500,,,,,,,,,,,,,,0.0869140625,0.9130859375,5044.0,False,,,,,,,
satimage,unlabeled_attention_ssl,0,50,,,,,,,,,,,,,,0.009375,0.990625,5134.0,False,,,,,,,
satimage,unlabeled_attention_ssl,1,100,,,,,,,,,,,,,,0.0421875,0.9578125,5124.0,False,,,,,,,
satimage,unlabeled_attention_ssl,1,250,,,,,,,,,,,,,,0.0478515625,0.9521484375,5094.0,False,,,,,,,
satimage,unlabeled_attention_ssl,1,500,,,,,,,,,,,,,,0.08984375,0.91015625,5044.0,False,,,,,,,
satimage,unlabeled_attention_ssl,1,50,,,,,,,,,,,,,,0.021875,0.978125,5134.0,False,,,,,,,
satimage,unlabeled_attention_ssl,2,100,,,,,,,,,,,,,,0.009375,0.990625,5124.0,False,,,,,,,
satimage,unlabeled_attention_ssl,2,250,,,,,,,,,,,,,,0.03125,0.96875,5094.0,False,,,,,,,
satimage,unlabeled_attention_ssl,2,500,,,,,,,,,,,,,,0.0732421875,0.9267578125,5044.0,False,,,,,,,
satimage,unlabeled_attention_ssl,2,50,,,,,,,,,,,,,,0.00625,0.99375,5134.0,False,,,,,,,
segment,embedding_alignment_ssl,0,100,,,,,,,,,,,,,,,,,False,0.026560477912425995,,False,,,0.21681473377559865,1.146311750014623
segment,embedding_alignment_ssl,0,250,,,,,,,,,,,,,,,,,False,0.027860820293426514,,False,,,0.2421435003301927,1.1695822392191206
segment,embedding_alignment_ssl,0,500,,,,,,,,,,,,,,,,,False,0.029154978692531586,,False,,,0.24457826678242003,1.1934016389506203
segment,embedding_alignment_ssl,0,50,,,,,,,,,,,,,,,,,False,0.02636408992111683,,False,,,0.18064558013741458,1.1638503202370234
segment,embedding_alignment_ssl,1,100,,,,,,,,,,,,,,,,,False,0.027840672060847282,,False,,,0.17541139040674483,1.2111304118519737
segment,embedding_alignment_ssl,1,250,,,,,,,,,,,,,,,,,False,0.028539691120386124,,False,,,0.20680478627660445,1.1995984486171178
segment,embedding_alignment_ssl,1,500,,,,,,,,,,,,,,,,,False,0.02806207723915577,,False,,,0.20131879313183682,1.1990063516866594
segment,embedding_alignment_ssl,1,50,,,,,,,,,,,,,,,,,False,0.02773923985660076,,False,,,0.15905271151236125,1.2395141947837103
segment,embedding_alignment_ssl,2,100,,,,,,,,,,,,,,,,,False,0.02867775410413742,,False,,,0.20883077436259814,1.1981675497123174
segment,embedding_alignment_ssl,2,250,,,,,,,,,,,,,,,,,False,0.028478490188717842,,False,,,0.2143081659451127,1.1927810878980727
segment,embedding_alignment_ssl,2,500,,,,,,,,,,,,,,,,,False,0.026017336174845695,,False,,,0.22307390400341578,1.123949905236562
segment,embedding_alignment_ssl,2,50,,,,,,,,,,,,,,,,,False,0.029191968962550163,,False,,,0.23274988308548927,1.1908580930460066
segment,geometric_attention_ssl,0,100,,,,,,,1828.0,6244.0,20.0,43.0,0.07340030185878277,0.59007494958622,1.8134133219718933,0.8073435425758362,0.20537742227315903,,False,0.20857098698616028,32.0,False,False,0.2696936542669584,,
segment,geometric_attention_ssl,0,250,,,,,,,1798.0,6138.0,18.0,39.0,0.0721301892772317,0.5907511377147987,1.7174078226089478,0.7431693375110626,0.26355639286339283,,False,1.2072330713272095,32.0,False,False,0.2363737486095662,,
segment,geometric_attention_ssl,0,500,,,,,,,1748.0,5987.0,19.0,39.0,0.07007413124665618,0.5908571526213938,1.734231914792742,0.615277750151498,0.37690473028591703,,False,2.400547742843628,32.0,False,False,0.16132723112128147,,
segment,geometric_attention_ssl,0,50,,,,,,,1838.0,6279.0,19.0,41.0,0.0840178020298481,0.5901146568588057,2.029669761657715,0.5864453315734863,0.41693687438964844,,False,0.028501272201538086,32.0,False,False,0.21871599564744287,,
segment,geometric_attention_ssl,1,100,,,,,,,1828.0,6247.0,16.0,40.0,0.07141231978312135,0.5875532501277902,1.8472851514816284,0.7817214131355286,0.23446527868509293,,False,0.33465760946273804,32.0,False,False,0.3938730853391685,,
segment,geometric_attention_ssl,1,250,,,,,,,1798.0,6135.0,17.0,40.0,0.07325435290113091,0.5891673831010257,1.5453923344612122,0.7567892521619797,0.21765383332967758,,False,1.4139779806137085,32.0,False,False,0.26362625139043383,,
segment,geometric_attention_ssl,1,500,,,,,,,1748.0,5942.0,15.0,43.0,0.07293995004147291,0.5896004423350821,1.5134402343205042,0.7028206757136753,0.2949203210217612,,False,2.5814523696899414,32.0,False,False,0.16018306636155608,,
segment,geometric_attention_ssl,1,50,,,,,,,1838.0,6281.0,16.0,42.0,0.07176207099109888,0.5882621327310162,2.015192747116089,0.539033055305481,0.4461238384246826,,False,0.034507330507040024,32.0,False,False,0.31556039173014144,,
segment,geometric_attention_ssl,2,100,,,,,,,1828.0,6322.0,15.0,43.0,0.07482875697314739,0.5927361382410496,1.830634593963623,0.6977695822715759,0.3036660850048065,,False,0.2962493300437927,32.0,False,False,0.399890590809628,,
segment,geometric_attention_ssl,2,250,,,,,,,1798.0,6209.0,16.0,44.0,0.07416484411805868,0.5932163850203012,1.6174621284008026,0.7549858540296555,0.2465692088007927,,False,1.2499501705169678,32.0,False,False,0.23303670745272526,,
segment,geometric_attention_ssl,2,500,,,,,,,1748.0,6032.0,15.0,39.0,0.07414166908711195,0.5932071545000296,1.712625299181257,0.5473426239831107,0.45158021790640696,,False,2.1929807662963867,32.0,False,False,0.20881006864988558,,
segment,geometric_attention_ssl,2,50,,,,,,,1838.0,6342.0,15.0,42.0,0.07172594964504242,0.5928962534504896,2.0038974285125732,0.48772087693214417,0.5018169283866882,,False,0.02606578730046749,32.0,False,False,0.21871599564744287,,
segment,unlabeled_attention_ssl,0,100,,,,,,,,,,,,,,0.034375,0.965625,1828.0,False,,,,,,,
segment,unlabeled_attention_ssl,0,250,,,,,,,,,,,,,,0.1240234375,0.8759765625,1798.0,False,,,,,,,
segment,unlabeled_attention_ssl,0,500,,,,,,,,,,,,,,0.208984375,0.791015625,1748.0,False,,,,,,,
segment,unlabeled_attention_ssl,0,50,,,,,,,,,,,,,,0.015625,0.984375,1838.0,False,,,,,,,
segment,unlabeled_attention_ssl,1,100,,,,,,,,,,,,,,0.0390625,0.9609375,1828.0,False,,,,,,,
segment,unlabeled_attention_ssl,1,250,,,,,,,,,,,,,,0.0869140625,0.9130859375,1798.0,False,,,,,,,
segment,unlabeled_attention_ssl,1,500,,,,,,,,,,,,,,0.21484375,0.78515625,1748.0,False,,,,,,,
segment,unlabeled_attention_ssl,1,50,,,,,,,,,,,,,,0.01875,0.98125,1838.0,False,,,,,,,
segment,unlabeled_attention_ssl,2,100,,,,,,,,,,,,,,0.034375,0.965625,1828.0,False,,,,,,,
segment,unlabeled_attention_ssl,2,250,,,,,,,,,,,,,,0.1455078125,0.8544921875,1798.0,False,,,,,,,
segment,unlabeled_attention_ssl,2,500,,,,,,,,,,,,,,0.248046875,0.751953125,1748.0,False,,,,,,,
segment,unlabeled_attention_ssl,2,50,,,,,,,,,,,,,,0.009375,0.990625,1838.0,False,,,,,,,
spambase,embedding_alignment_ssl,0,100,,,,,,,,,,,,,,,,,False,0.022586844861507416,,False,,,0.3460907116532326,1.308139443397522
spambase,embedding_alignment_ssl,0,250,,,,,,,,,,,,,,,,,False,0.022962940856814384,,False,,,0.3622084856033325,1.2945672273635864
spambase,embedding_alignment_ssl,0,500,,,,,,,,,,,,,,,,,False,0.02295762673020363,,False,,,0.3881944417953491,1.2568970918655396
spambase,embedding_alignment_ssl,0,50,,,,,,,,,,,,,,,,,False,0.018767794594168663,,False,,,0.3067178875207901,1.1524540185928345
spambase,embedding_alignment_ssl,1,100,,,,,,,,,,,,,,,,,False,0.015325717628002167,,False,,,0.22089853137731552,1.0824248790740967
spambase,embedding_alignment_ssl,1,250,,,,,,,,,,,,,,,,,False,0.014055805280804634,,False,,,0.24312696605920792,0.9646868705749512
spambase,embedding_alignment_ssl,1,500,,,,,,,,,,,,,,,,,False,0.01440871600061655,,False,,,0.2584502696990967,0.9736261963844299
spambase,embedding_alignment_ssl,1,50,,,,,,,,,,,,,,,,,False,0.016366712749004364,,False,,,0.17170334607362747,1.2021723985671997
spambase,embedding_alignment_ssl,2,100,,,,,,,,,,,,,,,,,False,0.016106462106108665,,False,,,0.22303858026862144,1.1287617683410645
spambase,embedding_alignment_ssl,2,250,,,,,,,,,,,,,,,,,False,0.016632866114377975,,False,,,0.23071524500846863,1.1343783140182495
spambase,embedding_alignment_ssl,2,500,,,,,,,,,,,,,,,,,False,0.016072947531938553,,False,,,0.26058264821767807,1.0572504997253418
spambase,embedding_alignment_ssl,2,50,,,,,,,,,,,,,,,,,False,0.019830163568258286,,False,,,0.19790684059262276,1.3550630807876587
spambase,geometric_attention_ssl,0,100,,,,,,,3660.0,7584.0,467.0,694.0,0.12808128027245402,0.6324587979293654,1.5793325901031494,0.34972256422042847,0.6233280301094055,,False,0.23668628931045532,32.0,False,False,0.5428961748633879,,
spambase,geometric_attention_ssl,0,250,,,,,,,3630.0,7514.0,459.0,683.0,0.1275516259483993,0.6309673348623268,1.545819103717804,0.41500041633844376,0.5818006545305252,,False,0.4791327714920044,32.0,False,False,0.5732782369146006,,
spambase,geometric_attention_ssl,0,500,,,,,,,3580.0,7420.0,447.0,673.0,0.12517105508595705,0.626823932708503,1.5478686775479997,0.4112911820411682,0.5810309605939048,,False,0.2805665135383606,32.0,False,False,0.6159217877094972,,
spambase,geometric_attention_ssl,0,50,,,,,,,3670.0,7592.0,466.0,699.0,0.1306665102019906,0.622934887321844,1.966085433959961,0.3841188848018646,0.6178985834121704,,False,0.01977020688354969,32.0,False,False,0.9493188010899183,,
spambase,geometric_attention_ssl,1,100,,,,,,,3660.0,7444.0,491.0,717.0,0.1275472971610725,0.6382328837596458,1.8984164595603943,0.7338542938232422,0.261989951133728,,False,0.24878662824630737,32.0,False,False,0.5904371584699454,,
spambase,geometric_attention_ssl,1,250,,,,,,,3630.0,7369.0,485.0,706.0,0.12644343404099345,0.6382428667711967,1.9065930843353271,0.730201005935669,0.2795380465686321,,False,0.2043973207473755,32.0,False,False,0.6011019283746556,,
spambase,geometric_attention_ssl,1,500,,,,,,,3580.0,7236.0,474.0,698.0,0.12504310021176934,0.6345395779403378,1.9953044652938843,0.6057045459747314,0.3966727469648634,,False,0.2928886413574219,32.0,False,False,0.5918994413407821,,
spambase,geometric_attention_ssl,1,50,,,,,,,3670.0,7442.0,496.0,728.0,0.12392232473939657,0.6391574197290577,2.0204567909240723,0.47138339281082153,0.5188016295433044,,False,0.01249554194509983,32.0,False,False,0.8340599455040872,,
spambase,geometric_attention_ssl,2,100,,,,,,,3660.0,7510.0,480.0,705.0,0.1307744961231947,0.628309283956103,1.914420485496521,0.6511828601360321,0.3489561378955841,,False,0.12030381709337234,32.0,False,False,0.5707650273224044,,
spambase,geometric_attention_ssl,2,250,,,,,,,3630.0,7410.0,483.0,709.0,0.12342168064787984,0.6289490331388197,1.9384694397449493,0.592859148979187,0.3956877514719963,,False,0.32245180010795593,32.0,False,False,0.5950413223140496,,
spambase,geometric_attention_ssl,2,500,,,,,,,3580.0,7332.0,467.0,685.0,0.1272159842774272,0.6280585764738674,1.982762132372175,0.540984719991684,0.4623965748718807,,False,0.28171253204345703,32.0,False,False,0.6005586592178771,,
spambase,geometric_attention_ssl,2,50,,,,,,,3670.0,7530.0,479.0,700.0,0.1274502226151526,0.623729020627053,2.0345356464385986,0.5118739604949951,0.48816701769828796,,False,0.024453215301036835,32.0,False,False,0.7305177111716621,,
spambase,unlabeled_attention_ssl,0,100,,,,,,,,,,,,,,0.0203125,0.9796875,3660.0,False,,,,,,,
spambase,unlabeled_attention_ssl,0,250,,,,,,,,,,,,,,0.072265625,0.927734375,3630.0,False,,,,,,,
spambase,unlabeled_attention_ssl,0,500,,,,,,,,,,,,,,0.1220703125,0.8779296875,3580.0,False,,,,,,,
spambase,unlabeled_attention_ssl,0,50,,,,,,,,,,,,,,0.0125,0.9875,3670.0,False,,,,,,,
spambase,unlabeled_attention_ssl,1,100,,,,,,,,,,,,,,0.0328125,0.9671875,3660.0,False,,,,,,,
spambase,unlabeled_attention_ssl,1,250,,,,,,,,,,,,,,0.0849609375,0.9150390625,3630.0,False,,,,,,,
spambase,unlabeled_attention_ssl,1,500,,,,,,,,,,,,,,0.1357421875,0.8642578125,3580.0,False,,,,,,,
spambase,unlabeled_attention_ssl,1,50,,,,,,,,,,,,,,0.021875,0.978125,3670.0,False,,,,,,,
spambase,unlabeled_attention_ssl,2,100,,,,,,,,,,,,,,0.015625,0.984375,3660.0,False,,,,,,,
spambase,unlabeled_attention_ssl,2,250,,,,,,,,,,,,,,0.0693359375,0.9306640625,3630.0,False,,,,,,,
spambase,unlabeled_attention_ssl,2,500,,,,,,,,,,,,,,0.1513671875,0.8486328125,3580.0,False,,,,,,,
spambase,unlabeled_attention_ssl,2,50,,,,,,,,,,,,,,0.0125,0.9875,3670.0,False,,,,,,,
steel-plates-fault,embedding_alignment_ssl,0,100,,,,,,,,,,,,,,,,,False,0.023027589544653893,,False,,,0.30991167575120926,0.9953527734393165
steel-plates-fault,embedding_alignment_ssl,0,250,,,,,,,,,,,,,,,,,False,0.018506161868572235,,False,,,0.28211337115083424,0.8004714662120456
steel-plates-fault,embedding_alignment_ssl,0,500,,,,,,,,,,,,,,,,,False,0.01718314178287983,,False,,,0.2696554277624403,0.7406883339087168
steel-plates-fault,embedding_alignment_ssl,0,50,,,,,,,,,,,,,,,,,False,0.024005768820643425,,False,,,0.24844152267490113,1.085761723064241
steel-plates-fault,embedding_alignment_ssl,1,100,,,,,,,,,,,,,,,,,False,0.0227053165435791,,False,,,0.3327994756400585,0.9350829947562445
steel-plates-fault,embedding_alignment_ssl,1,250,,,,,,,,,,,,,,,,,False,0.018368223682045937,,False,,,0.28491972227181706,0.8103742017632439
steel-plates-fault,embedding_alignment_ssl,1,500,,,,,,,,,,,,,,,,,False,0.019344132393598557,,False,,,0.27455276091183933,0.8554127670469738
steel-plates-fault,embedding_alignment_ssl,1,50,,,,,,,,,,,,,,,,,False,0.020375985652208328,,False,,,0.29027467859642847,0.8899676856540498
steel-plates-fault,embedding_alignment_ssl,2,100,,,,,,,,,,,,,,,,,False,0.020472079515457153,,False,,,0.27130071073770523,0.8988950706663585
steel-plates-fault,embedding_alignment_ssl,2,250,,,,,,,,,,,,,,,,,False,0.01818688027560711,,False,,,0.24280645166124618,0.8202201411837623
steel-plates-fault,embedding_alignment_ssl,2,500,,,,,,,,,,,,,,,,,False,0.018572892993688583,,False,,,0.23968490000282014,0.8385564131396157
steel-plates-fault,embedding_alignment_ssl,2,50,,,,,,,,,,,,,,,,,False,0.02254457026720047,,False,,,0.2039993197790214,1.0554396283058893
steel-plates-fault,geometric_attention_ssl,0,100,,,,,,,1532.0,4850.0,29.0,47.0,0.06874254997819662,0.5523834723217967,1.9927429556846619,0.4181412011384964,0.568572461605072,,False,0.20001624524593353,32.0,False,False,0.7095300261096605,,
steel-plates-fault,geometric_attention_ssl,0,250,,,,,,,1502.0,4734.0,27.0,44.0,0.06664348905906081,0.5509908265104241,1.9133785665035248,0.3284052386879921,0.6731079071760178,,False,0.4249105155467987,32.0,False,False,0.6391478029294274,,
steel-plates-fault,geometric_attention_ssl,0,500,,,,,,,1452.0,4583.0,27.0,48.0,0.06283224793151021,0.5530602917714406,1.9013527461460658,0.41215334619794575,0.5811686260359628,,False,0.8577873706817627,32.0,False,False,0.44008264462809915,,
steel-plates-fault,geometric_attention_ssl,0,50,,,,,,,1542.0,4880.0,29.0,47.0,0.06837572576478124,0.5520213063441272,2.066765785217285,0.4813558757305145,0.5442492365837097,,False,0.03488126024603844,32.0,False,False,0.8060959792477302,,
steel-plates-fault,geometric_attention_ssl,1,100,,,,,,,1532.0,4885.0,25.0,42.0,0.06536102993413806,0.5524919283066618,2.0356075763702393,0.5335599482059479,0.4805728644132614,,False,0.12521499395370483,32.0,False,False,0.7695822454308094,,
steel-plates-fault,geometric_attention_ssl,1,250,,,,,,,1502.0,4794.0,27.0,45.0,0.06390350870788097,0.5523239614679716,1.8868214786052704,0.5938184261322021,0.4133955091238022,,False,0.3909218907356262,32.0,False,False,0.7816245006657789,,
steel-plates-fault,geometric_attention_ssl,1,500,,,,,,,1452.0,4632.0,26.0,45.0,0.06271206773817539,0.5516227801081359,1.7949516092027937,0.6121007544653756,0.37567796451704843,,False,0.9553298950195312,32.0,False,False,0.4325068870523416,,
steel-plates-fault,geometric_attention_ssl,1,50,,,,,,,1542.0,4910.0,25.0,42.0,0.06904252013191581,0.5535912993631731,2.0192532539367676,0.48199042677879333,0.5072662830352783,,False,0.020637648180127144,32.0,False,False,0.7444876783398184,,
steel-plates-fault,geometric_attention_ssl,2,100,,,,,,,1532.0,4848.0,28.0,47.0,0.06966450065374374,0.551817616941933,1.9593468308448792,0.6848057210445404,0.3263693004846573,,False,0.127906933426857,32.0,False,False,0.685378590078329,,
steel-plates-fault,geometric_attention_ssl,2,250,,,,,,,1502.0,4763.0,29.0,46.0,0.06707471515983343,0.5533394522458649,1.4841923713684082,0.9058285504579544,0.09551998786628246,,False,0.2652772068977356,32.0,False,False,0.5,,
steel-plates-fault,geometric_attention_ssl,2,500,,,,,,,1452.0,4609.0,27.0,47.0,0.06204080302268267,0.5532846547635065,1.2898102487836565,0.9905542646135602,0.007063153465943677,,False,0.4900989532470703,32.0,False,False,0.48760330578512395,,
steel-plates-fault,geometric_attention_ssl,2,50,,,,,,,1542.0,4883.0,28.0,45.0,0.06628593662753701,0.5529718503340665,1.989670991897583,0.677745521068573,0.3318093717098236,,False,0.022777114063501358,32.0,False,False,0.8151750972762646,,
steel-plates-fault,unlabeled_attention_ssl,0,100,,,,,,,,,,,,,,0.06875,0.93125,1532.0,False,,,,,,,
steel-plates-fault,unlabeled_attention_ssl,0,250,,,,,,,,,,,,,,0.1181640625,0.8818359375,1502.0,False,,,,,,,
steel-plates-fault,unlabeled_attention_ssl,0,500,,,,,,,,,,,,,,0.28125,0.71875,1452.0,False,,,,,,,
steel-plates-fault,unlabeled_attention_ssl,0,50,,,,,,,,,,,,,,0.0375,0.9625,1542.0,False,,,,,,,
steel-plates-fault,unlabeled_attention_ssl,1,100,,,,,,,,,,,,,,0.0453125,0.9546875,1532.0,False,,,,,,,
steel-plates-fault,unlabeled_attention_ssl,1,250,,,,,,,,,,,,,,0.1455078125,0.8544921875,1502.0,False,,,,,,,
steel-plates-fault,unlabeled_attention_ssl,1,500,,,,,,,,,,,,,,0.3115234375,0.6884765625,1452.0,False,,,,,,,
steel-plates-fault,unlabeled_attention_ssl,1,50,,,,,,,,,,,,,,0.021875,0.978125,1542.0,False,,,,,,,
steel-plates-fault,unlabeled_attention_ssl,2,100,,,,,,,,,,,,,,0.0421875,0.9578125,1532.0,False,,,,,,,
steel-plates-fault,unlabeled_attention_ssl,2,250,,,,,,,,,,,,,,0.1328125,0.8671875,1502.0,False,,,,,,,
steel-plates-fault,unlabeled_attention_ssl,2,500,,,,,,,,,,,,,,0.267578125,0.732421875,1452.0,False,,,,,,,
steel-plates-fault,unlabeled_attention_ssl,2,50,,,,,,,,,,,,,,0.015625,0.984375,1542.0,False,,,,,,,
adult,embedding_alignment_ssl,0,100,,,,,,,,,,,,,,,,,False,0.015818601474165916,,False,,,0.40169989317655563,1.0704456567764282
adult,embedding_alignment_ssl,0,250,,,,,,,,,,,,,,,,,False,0.013333076611161232,,False,,,0.4060164839029312,0.8852021098136902
adult,embedding_alignment_ssl,0,500,,,,,,,,,,,,,,,,,False,0.011843333020806313,,False,,,0.3833865746855736,0.7660863399505615
adult,embedding_alignment_ssl,0,50,,,,,,,,,,,,,,,,,False,0.01187422126531601,,False,,,0.224644735455513,0.9981618523597717
adult,embedding_alignment_ssl,1,100,,,,,,,,,,,,,,,,,False,0.015508751384913921,,False,,,0.4302825778722763,0.9684088230133057
adult,embedding_alignment_ssl,1,250,,,,,,,,,,,,,,,,,False,0.009518582373857498,,False,,,0.28441666066646576,0.6402803063392639
adult,embedding_alignment_ssl,1,500,,,,,,,,,,,,,,,,,False,0.015156692825257778,,False,,,0.45011182874441147,0.9686613082885742
adult,embedding_alignment_ssl,1,50,,,,,,,,,,,,,,,,,False,0.015244393609464169,,False,,,0.2198466956615448,1.218619704246521
adult,embedding_alignment_ssl,2,100,,,,,,,,,,,,,,,,,False,0.021390989422798157,,False,,,0.28509243577718735,1.4798119068145752
adult,embedding_alignment_ssl,2,250,,,,,,,,,,,,,,,,,False,0.009862849488854408,,False,,,0.3221459984779358,0.6459456086158752
adult,embedding_alignment_ssl,2,500,,,,,,,,,,,,,,,,,False,0.014839092269539833,,False,,,0.4499570205807686,0.8854448795318604
adult,embedding_alignment_ssl,2,50,,,,,,,,,,,,,,,,,False,0.02018798142671585,,False,,,0.35678818076848984,1.3789948225021362
adult,geometric_attention_ssl,0,100,,,,,,,39053.0,102820.0,2094.0,2588.0,3.2449306561611593,0.5850081979026559,1.9853265285491943,0.6417360603809357,0.3515329509973526,,False,0.0031626750715076923,32.0,False,True,1.0,,
adult,geometric_attention_ssl,0,250,,,,,,,39023.0,102740.0,2093.0,2587.0,3.1833777520805597,0.5849480440033348,1.5504916906356812,0.7458964586257935,0.23359838128089905,,False,0.13290302455425262,32.0,False,False,0.733490505599262,,
adult,geometric_attention_ssl,0,500,,,,,,,38973.0,102598.0,2090.0,2582.0,3.1628559809178114,0.5850362139547365,1.6713380302701677,0.7364872694015503,0.26383967058999197,,False,0.12139053642749786,32.0,False,False,0.7725348318066354,,
adult,geometric_attention_ssl,0,50,,,,,,,39063.0,102852.0,2092.0,2586.0,3.2069850359112024,0.5850162482641295,2.0085103511810303,0.6182830929756165,0.3781512379646301,,False,0.002770189428701997,32.0,False,True,1.0,,
adult,geometric_attention_ssl,1,100,,,,,,,39053.0,102891.0,2048.0,2490.0,3.1689671208150685,0.5846196728508725,1.8388193249702454,0.7190119624137878,0.2590450271964073,,False,0.016446422785520554,32.0,False,True,1.0,,
adult,geometric_attention_ssl,1,250,,,,,,,39023.0,102793.0,2053.0,2492.0,3.1898550549522042,0.58459697182597,1.7104398906230927,0.7880232930183411,0.20805047638714314,,False,0.06734797358512878,32.0,False,False,0.9163570202188452,,
adult,geometric_attention_ssl,1,500,,,,,,,38973.0,102664.0,2041.0,2481.0,3.1449341527186334,0.5846459726420282,1.8523640973227364,0.7242714932986668,0.2790488430431911,,False,0.11824806034564972,32.0,False,False,0.8162574089754445,,
adult,geometric_attention_ssl,1,50,,,,,,,39063.0,102916.0,2048.0,2491.0,3.1732966899871826,0.5846428400952289,2.0212090015411377,0.5763590931892395,0.4201236665248871,,False,0.0020782819483429193,32.0,False,True,1.0,,
adult,geometric_attention_ssl,2,100,,,,,,,39053.0,102614.0,2110.0,2576.0,3.18571560876444,0.5848715789236253,1.9908210039138794,0.4426584541797638,0.5511569976806641,,False,0.04224274680018425,32.0,False,False,0.9029267917957647,,
adult,geometric_attention_ssl,2,250,,,,,,,39023.0,102544.0,2115.0,2579.0,3.1823139181360602,0.5849015643603349,2.0343008637428284,0.5013275891542435,0.5132878124713898,,False,0.13179224729537964,32.0,False,False,0.844220075340184,,
adult,geometric_attention_ssl,2,500,,,,,,,38973.0,102398.0,2116.0,2581.0,3.156325682066381,0.5848648380770374,1.6242222785949707,0.18265040005956376,0.8169061286108834,,False,0.11422434449195862,32.0,False,False,0.8125625432992072,,
adult,geometric_attention_ssl,2,50,,,,,,,39063.0,102658.0,2115.0,2579.0,3.176815124694258,0.584928937384989,2.0606343746185303,0.5508894324302673,0.4637454152107239,,False,0.0034927779342979193,32.0,False,True,1.0,,
adult,unlabeled_attention_ssl,0,100,,,,,,,,,,,,,,0.0015625,0.9984375,39053.0,False,,,,,,,
adult,unlabeled_attention_ssl,0,250,,,,,,,,,,,,,,0.0087890625,0.9912109375,39023.0,False,,,,,,,
adult,unlabeled_attention_ssl,0,500,,,,,,,,,,,,,,0.0048828125,0.9951171875,38973.0,False,,,,,,,
adult,unlabeled_attention_ssl,0,50,,,,,,,,,,,,,,0.0,1.0,39063.0,False,,,,,,,
adult,unlabeled_attention_ssl,1,100,,,,,,,,,,,,,,0.0015625,0.9984375,39053.0,False,,,,,,,
adult,unlabeled_attention_ssl,1,250,,,,,,,,,,,,,,0.0048828125,0.9951171875,39023.0,False,,,,,,,
adult,unlabeled_attention_ssl,1,500,,,,,,,,,,,,,,0.0185546875,0.9814453125,38973.0,False,,,,,,,
adult,unlabeled_attention_ssl,1,50,,,,,,,,,,,,,,0.0,1.0,39063.0,False,,,,,,,
adult,unlabeled_attention_ssl,2,100,,,,,,,,,,,,,,0.003125,0.996875,39053.0,False,,,,,,,
adult,unlabeled_attention_ssl,2,250,,,,,,,,,,,,,,0.0107421875,0.9892578125,39023.0,False,,,,,,,
adult,unlabeled_attention_ssl,2,500,,,,,,,,,,,,,,0.017578125,0.982421875,38973.0,False,,,,,,,
adult,unlabeled_attention_ssl,2,50,,,,,,,,,,,,,,0.00625,0.99375,39063.0,False,,,,,,,
jannis,embedding_alignment_ssl,0,100,,,,,,,,,,,,,,,,,False,0.01988988369703293,,False,,,0.3719891272485256,0.9292271137237549
jannis,embedding_alignment_ssl,0,250,,,,,,,,,,,,,,,,,False,0.016312558203935623,,False,,,0.3637710250914097,0.7832096417744955
jannis,embedding_alignment_ssl,0,500,,,,,,,,,,,,,,,,,False,0.014098260551691055,,False,,,0.34590864181518555,0.6234769076108932
jannis,embedding_alignment_ssl,0,50,,,,,,,,,,,,,,,,,False,0.019885554909706116,,False,,,0.3054540120065212,0.9905320703983307
jannis,embedding_alignment_ssl,1,100,,,,,,,,,,,,,,,,,False,0.013543720357120037,,False,,,0.29546962678432465,0.7687831918398539
jannis,embedding_alignment_ssl,1,250,,,,,,,,,,,,,,,,,False,0.009310637600719929,,False,,,0.2541145123541355,0.5301178892453512
jannis,embedding_alignment_ssl,1,500,,,,,,,,,,,,,,,,,False,0.011114884167909622,,False,,,0.2682434692978859,0.5656241426865259
jannis,embedding_alignment_ssl,1,50,,,,,,,,,,,,,,,,,False,0.017419492825865746,,False,,,0.36601950973272324,0.688939779996872
jannis,embedding_alignment_ssl,2,100,,,,,,,,,,,,,,,,,False,0.017742633819580078,,False,,,0.3390963301062584,0.8939555585384369
jannis,embedding_alignment_ssl,2,250,,,,,,,,,,,,,,,,,False,0.014156180433928967,,False,,,0.331849604845047,0.6209491242965063
jannis,embedding_alignment_ssl,2,500,,,,,,,,,,,,,,,,,False,0.012855296023190022,,False,,,0.3361833170056343,0.5406302660703659
jannis,embedding_alignment_ssl,2,50,,,,,,,,,,,,,,,,,False,0.020451543852686882,,False,,,0.3193226084113121,0.9894053041934967
jannis,geometric_attention_ssl,0,100,,,,,,,66966.0,104145.0,10328.0,11723.0,6.547611468937248,0.4097708882505013,1.9989790320396423,0.538774311542511,0.45549720525741577,,False,0.07770241796970367,32.0,False,False,0.5555356449541559,,
jannis,geometric_attention_ssl,0,250,,,,,,,66936.0,104045.0,10332.0,11733.0,6.542308199685067,0.4097913866056655,2.00123730301857,0.5786841213703156,0.4240300729870796,,False,0.10810050368309021,32.0,False,False,0.5123550854547627,,
jannis,geometric_attention_ssl,0,500,,,,,,,66886.0,104009.0,10327.0,11717.0,6.560394203290343,0.4097846595583627,1.9696316037859236,0.5673794405800956,0.42287821003368925,,False,0.16171497106552124,32.0,False,False,0.5596836408216966,,
jannis,geometric_attention_ssl,0,50,,,,,,,66976.0,104152.0,10348.0,11740.0,6.522771158255637,0.40977496837443467,2.0141777992248535,0.5943135619163513,0.4052806794643402,,False,0.022999685257673264,32.0,False,False,0.519126254180602,,
jannis,geometric_attention_ssl,1,100,,,,,,,66966.0,104159.0,10384.0,11765.0,6.483903068117797,0.409740530290307,1.9865642189979553,0.38019123673439026,0.6232184171676636,,False,0.06559016555547714,32.0,False,False,0.5587312964788101,,
jannis,geometric_attention_ssl,1,250,,,,,,,66936.0,104111.0,10388.0,11763.0,6.515237343031913,0.40973901522590417,1.9634986519813538,0.3914238139986992,0.6191235482692719,,False,0.13044165074825287,32.0,False,False,0.5012698697263057,,
jannis,geometric_attention_ssl,1,500,,,,,,,66886.0,104021.0,10391.0,11773.0,6.592052137944847,0.40973631405676214,1.9349047456468855,0.3766292333602905,0.6196678025381905,,False,0.11396733671426773,32.0,False,False,0.5465119756002751,,
jannis,geometric_attention_ssl,1,50,,,,,,,66976.0,104161.0,10394.0,11776.0,6.527642484754324,0.40974619013842634,2.06671404838562,0.48852166533470154,0.5297945141792297,,False,0.01887187734246254,32.0,False,False,0.8226827520305782,,
jannis,geometric_attention_ssl,2,100,,,,,,,66966.0,104534.0,10355.0,11745.0,6.57024594489485,0.4098255887804097,2.022908926010132,0.4670061618089676,0.5402353703975677,,False,0.04500196501612663,32.0,False,False,0.6429680733506555,,
jannis,geometric_attention_ssl,2,250,,,,,,,66936.0,104480.0,10355.0,11740.0,6.49513079598546,0.40982787157869144,2.003673702478409,0.5795866400003433,0.42402009665966034,,False,0.055504001677036285,32.0,False,False,0.5641657702880364,,
jannis,geometric_attention_ssl,2,500,,,,,,,66886.0,104399.0,10342.0,11727.0,6.525272828061134,0.40984058864374573,2.003118004117693,0.5433350886617389,0.4516707445893969,,False,0.07520022243261337,32.0,False,False,0.5042609813712885,,
jannis,geometric_attention_ssl,2,50,,,,,,,66976.0,104548.0,10368.0,11758.0,6.549274197779596,0.40982577083341426,1.9963001012802124,0.3758549392223358,0.611741840839386,,False,0.006851365324109793,32.0,False,True,0.984860248447205,,
jannis,unlabeled_attention_ssl,0,100,,,,,,,,,,,,,,0.0015625,0.9984375,66966.0,False,,,,,,,
jannis,unlabeled_attention_ssl,0,250,,,,,,,,,,,,,,0.005859375,0.994140625,66936.0,False,,,,,,,
jannis,unlabeled_attention_ssl,0,500,,,,,,,,,,,,,,0.0048828125,0.9951171875,66886.0,False,,,,,,,
jannis,unlabeled_attention_ssl,0,50,,,,,,,,,,,,,,0.0,1.0,66976.0,False,,,,,,,
jannis,unlabeled_attention_ssl,1,100,,,,,,,,,,,,,,0.0015625,0.9984375,66966.0,False,,,,,,,
jannis,unlabeled_attention_ssl,1,250,,,,,,,,,,,,,,0.005859375,0.994140625,66936.0,False,,,,,,,
jannis,unlabeled_attention_ssl,1,500,,,,,,,,,,,,,,0.009765625,0.990234375,66886.0,False,,,,,,,
jannis,unlabeled_attention_ssl,1,50,,,,,,,,,,,,,,0.0,1.0,66976.0,False,,,,,,,
jannis,unlabeled_attention_ssl,2,100,,,,,,,,,,,,,,0.0078125,0.9921875,66966.0,False,,,,,,,
jannis,unlabeled_attention_ssl,2,250,,,,,,,,,,,,,,0.00390625,0.99609375,66936.0,False,,,,,,,
jannis,unlabeled_attention_ssl,2,500,,,,,,,,,,,,,,0.01171875,0.98828125,66886.0,False,,,,,,,
jannis,unlabeled_attention_ssl,2,50,,,,,,,,,,,,,,0.0,1.0,66976.0,False,,,,,,,
