dataset,seed,n_labeled,treatment,control,treatment_method,control_method,metric,delta
MagicTelescope,0,100,0.8192857844260417,0.8192857844260417,tabpfn3_self_training,tabpfn3,metric_balanced_accuracy,0.0
MagicTelescope,0,250,0.8343771253168655,0.8343771253168655,tabpfn3_self_training,tabpfn3,metric_balanced_accuracy,0.0
MagicTelescope,0,500,0.8494921060958179,0.8570532333911601,tabpfn3_self_training,tabpfn3,metric_balanced_accuracy,-0.007561127295342196
MagicTelescope,0,50,0.7371289901403482,0.7371289901403482,tabpfn3_self_training,tabpfn3,metric_balanced_accuracy,0.0
MagicTelescope,1,100,0.7465949468829898,0.7465949468829898,tabpfn3_self_training,tabpfn3,metric_balanced_accuracy,0.0
MagicTelescope,1,250,0.8297700748111536,0.8297700748111536,tabpfn3_self_training,tabpfn3,metric_balanced_accuracy,0.0
MagicTelescope,1,500,0.8381740550409333,0.8416563924075953,tabpfn3_self_training,tabpfn3,metric_balanced_accuracy,-0.003482337366661925
MagicTelescope,1,50,0.7364434333846137,0.7364434333846137,tabpfn3_self_training,tabpfn3,metric_balanced_accuracy,0.0
MagicTelescope,2,100,0.7927536469073571,0.7927536469073571,tabpfn3_self_training,tabpfn3,metric_balanced_accuracy,0.0
MagicTelescope,2,250,0.8180137765994202,0.8180137765994202,tabpfn3_self_training,tabpfn3,metric_balanced_accuracy,0.0
MagicTelescope,2,500,0.830318338370448,0.830318338370448,tabpfn3_self_training,tabpfn3,metric_balanced_accuracy,0.0
MagicTelescope,2,50,0.7481688178964865,0.7388810695412771,tabpfn3_self_training,tabpfn3,metric_balanced_accuracy,0.009287748355209402
bank-marketing,0,100,0.6444828618877787,0.6444828618877787,tabpfn3_self_training,tabpfn3,metric_balanced_accuracy,0.0
bank-marketing,0,250,0.612969201468254,0.612969201468254,tabpfn3_self_training,tabpfn3,metric_balanced_accuracy,0.0
bank-marketing,0,500,0.6847190443328879,0.6847190443328879,tabpfn3_self_training,tabpfn3,metric_balanced_accuracy,0.0
bank-marketing,0,50,0.5018395786996649,0.5018395786996649,tabpfn3_self_training,tabpfn3,metric_balanced_accuracy,0.0
bank-marketing,1,100,0.6379127096765793,0.5897272532501275,tabpfn3_self_training,tabpfn3,metric_balanced_accuracy,0.04818545642645178
bank-marketing,1,250,0.5990407344583949,0.5990407344583949,tabpfn3_self_training,tabpfn3,metric_balanced_accuracy,0.0
bank-marketing,1,500,0.6525309151255958,0.6438246097065268,tabpfn3_self_training,tabpfn3,metric_balanced_accuracy,0.008706305419069027
bank-marketing,1,50,0.5969142283558609,0.5969142283558609,tabpfn3_self_training,tabpfn3,metric_balanced_accuracy,0.0
bank-marketing,2,100,0.6195642704361793,0.6195642704361793,tabpfn3_self_training,tabpfn3,metric_balanced_accuracy,0.0
bank-marketing,2,250,0.6691684431939375,0.6444105973748037,tabpfn3_self_training,tabpfn3,metric_balanced_accuracy,0.024757845819133872
bank-marketing,2,500,0.6214580623167494,0.6415407906838555,tabpfn3_self_training,tabpfn3,metric_balanced_accuracy,-0.020082728367106117
bank-marketing,2,50,0.56640238727387,0.56640238727387,tabpfn3_self_training,tabpfn3,metric_balanced_accuracy,0.0
electricity,0,100,0.7254452512841774,0.7254452512841774,tabpfn3_self_training,tabpfn3,metric_balanced_accuracy,0.0
electricity,0,250,0.7533071182400042,0.7578902165311561,tabpfn3_self_training,tabpfn3,metric_balanced_accuracy,-0.004583098291151888
electricity,0,500,0.7741853919706269,0.7763148243014015,tabpfn3_self_training,tabpfn3,metric_balanced_accuracy,-0.002129432330774672
electricity,0,50,0.71013854864526,0.71013854864526,tabpfn3_self_training,tabpfn3,metric_balanced_accuracy,0.0
electricity,1,100,0.7397591457155215,0.7397591457155215,tabpfn3_self_training,tabpfn3,metric_balanced_accuracy,0.0
electricity,1,250,0.7465439580372466,0.7507044039762161,tabpfn3_self_training,tabpfn3,metric_balanced_accuracy,-0.00416044593896947
electricity,1,500,0.7703150196438786,0.7685980738833088,tabpfn3_self_training,tabpfn3,metric_balanced_accuracy,0.001716945760569799
electricity,1,50,0.6991715386010688,0.6991715386010688,tabpfn3_self_training,tabpfn3,metric_balanced_accuracy,0.0
electricity,2,100,0.7243154790973583,0.7243154790973583,tabpfn3_self_training,tabpfn3,metric_balanced_accuracy,0.0
electricity,2,250,0.741857358132526,0.741857358132526,tabpfn3_self_training,tabpfn3,metric_balanced_accuracy,0.0
electricity,2,500,0.7628883428380073,0.7603577109449593,tabpfn3_self_training,tabpfn3,metric_balanced_accuracy,0.00253063189304803
electricity,2,50,0.7236933481899925,0.7236933481899925,tabpfn3_self_training,tabpfn3,metric_balanced_accuracy,0.0
phoneme,0,100,0.7632190694832114,0.7632190694832114,tabpfn3_self_training,tabpfn3,metric_balanced_accuracy,0.0
phoneme,0,250,0.7813558062331742,0.7813558062331742,tabpfn3_self_training,tabpfn3,metric_balanced_accuracy,0.0
phoneme,0,500,0.7985222224057344,0.7985222224057344,tabpfn3_self_training,tabpfn3,metric_balanced_accuracy,0.0
phoneme,0,50,0.6393524864980924,0.6393524864980924,tabpfn3_self_training,tabpfn3,metric_balanced_accuracy,0.0
phoneme,1,100,0.7792561976646242,0.7792561976646242,tabpfn3_self_training,tabpfn3,metric_balanced_accuracy,0.0
phoneme,1,250,0.7907204320610435,0.7907204320610435,tabpfn3_self_training,tabpfn3,metric_balanced_accuracy,0.0
phoneme,1,500,0.8036071151336978,0.8093794903133104,tabpfn3_self_training,tabpfn3,metric_balanced_accuracy,-0.005772375179612599
phoneme,1,50,0.7554461823046559,0.7554461823046559,tabpfn3_self_training,tabpfn3,metric_balanced_accuracy,0.0
phoneme,2,100,0.7762709135052108,0.7762709135052108,tabpfn3_self_training,tabpfn3,metric_balanced_accuracy,0.0
phoneme,2,250,0.785014121261169,0.785014121261169,tabpfn3_self_training,tabpfn3,metric_balanced_accuracy,0.0
phoneme,2,500,0.7887240490858342,0.7887240490858342,tabpfn3_self_training,tabpfn3,metric_balanced_accuracy,0.0
phoneme,2,50,0.7176098733215519,0.7176098733215519,tabpfn3_self_training,tabpfn3,metric_balanced_accuracy,0.0
satimage,0,100,0.8073272664389567,0.8073272664389567,tabpfn3_self_training,tabpfn3,metric_balanced_accuracy,0.0
satimage,0,250,0.8013395540606655,0.8013395540606655,tabpfn3_self_training,tabpfn3,metric_balanced_accuracy,0.0
satimage,0,500,0.8314301315284233,0.8314301315284233,tabpfn3_self_training,tabpfn3,metric_balanced_accuracy,0.0
satimage,0,50,0.7997849326085588,0.7997849326085588,tabpfn3_self_training,tabpfn3,metric_balanced_accuracy,0.0
satimage,1,100,0.7877086438664369,0.7877086438664369,tabpfn3_self_training,tabpfn3,metric_balanced_accuracy,0.0
satimage,1,250,0.8146949389214736,0.8053839702256372,tabpfn3_self_training,tabpfn3,metric_balanced_accuracy,0.009310968695836364
satimage,1,500,0.858373145568907,0.8640564065377577,tabpfn3_self_training,tabpfn3,metric_balanced_accuracy,-0.005683260968850745
satimage,1,50,0.756158076949539,0.756158076949539,tabpfn3_self_training,tabpfn3,metric_balanced_accuracy,0.0
satimage,2,100,0.8058759532559643,0.8058759532559643,tabpfn3_self_training,tabpfn3,metric_balanced_accuracy,0.0
satimage,2,250,0.8287179918686163,0.8114221101075153,tabpfn3_self_training,tabpfn3,metric_balanced_accuracy,0.017295881761100973
satimage,2,500,0.8363665479631807,0.8338814826672691,tabpfn3_self_training,tabpfn3,metric_balanced_accuracy,0.002485065295911526
satimage,2,50,0.7683446147947155,0.7683446147947155,tabpfn3_self_training,tabpfn3,metric_balanced_accuracy,0.0
segment,0,100,0.9307359307359307,0.9285714285714286,tabpfn3_self_training,tabpfn3,metric_balanced_accuracy,0.0021645021645021467
segment,0,250,0.9567099567099568,0.9567099567099568,tabpfn3_self_training,tabpfn3,metric_balanced_accuracy,0.0
segment,0,500,0.974025974025974,0.974025974025974,tabpfn3_self_training,tabpfn3,metric_balanced_accuracy,0.0
segment,0,50,0.8787878787878788,0.8787878787878788,tabpfn3_self_training,tabpfn3,metric_balanced_accuracy,0.0
segment,1,100,0.9090909090909092,0.9090909090909092,tabpfn3_self_training,tabpfn3,metric_balanced_accuracy,0.0
segment,1,250,0.9523809523809524,0.9523809523809524,tabpfn3_self_training,tabpfn3,metric_balanced_accuracy,0.0
segment,1,500,0.958874458874459,0.958874458874459,tabpfn3_self_training,tabpfn3,metric_balanced_accuracy,0.0
segment,1,50,0.9112554112554112,0.9112554112554112,tabpfn3_self_training,tabpfn3,metric_balanced_accuracy,0.0
segment,2,100,0.8939393939393939,0.8939393939393939,tabpfn3_self_training,tabpfn3,metric_balanced_accuracy,0.0
segment,2,250,0.9653679653679654,0.9653679653679654,tabpfn3_self_training,tabpfn3,metric_balanced_accuracy,0.0
segment,2,500,0.9675324675324676,0.9675324675324676,tabpfn3_self_training,tabpfn3,metric_balanced_accuracy,0.0
segment,2,50,0.9112554112554112,0.9112554112554112,tabpfn3_self_training,tabpfn3,metric_balanced_accuracy,0.0
spambase,0,100,0.9028407239550936,0.9028407239550936,tabpfn3_self_training,tabpfn3,metric_balanced_accuracy,0.0
spambase,0,250,0.9302704463994786,0.9302704463994786,tabpfn3_self_training,tabpfn3,metric_balanced_accuracy,0.0
spambase,0,500,0.9395124263159452,0.9395124263159452,tabpfn3_self_training,tabpfn3,metric_balanced_accuracy,0.0
spambase,0,50,0.8946577209040553,0.8946577209040553,tabpfn3_self_training,tabpfn3,metric_balanced_accuracy,0.0
spambase,1,100,0.9001155247489558,0.9001155247489558,tabpfn3_self_training,tabpfn3,metric_balanced_accuracy,0.0
spambase,1,250,0.9207100328801208,0.9207100328801208,tabpfn3_self_training,tabpfn3,metric_balanced_accuracy,0.0
spambase,1,500,0.9340027844426672,0.9340027844426672,tabpfn3_self_training,tabpfn3,metric_balanced_accuracy,0.0
spambase,1,50,0.8851639562783258,0.8851639562783258,tabpfn3_self_training,tabpfn3,metric_balanced_accuracy,0.0
spambase,2,100,0.9175923457448384,0.9175923457448384,tabpfn3_self_training,tabpfn3,metric_balanced_accuracy,0.0
spambase,2,250,0.9367576053793064,0.9367576053793064,tabpfn3_self_training,tabpfn3,metric_balanced_accuracy,0.0
spambase,2,500,0.9343508397760598,0.9343508397760598,tabpfn3_self_training,tabpfn3,metric_balanced_accuracy,0.0
spambase,2,50,0.8930137148612223,0.8930137148612223,tabpfn3_self_training,tabpfn3,metric_balanced_accuracy,0.0
steel-plates-fault,0,100,0.7494337371530354,0.7494337371530354,tabpfn3_self_training,tabpfn3,metric_balanced_accuracy,0.0
steel-plates-fault,0,250,0.7676077699104014,0.7604281439807756,tabpfn3_self_training,tabpfn3,metric_balanced_accuracy,0.0071796259296257325
steel-plates-fault,0,500,0.8264529736020965,0.8242687380845276,tabpfn3_self_training,tabpfn3,metric_balanced_accuracy,0.0021842355175688555
steel-plates-fault,0,50,0.6587239839432822,0.6587239839432822,tabpfn3_self_training,tabpfn3,metric_balanced_accuracy,0.0
steel-plates-fault,1,100,0.5690653238898853,0.5879258168731853,tabpfn3_self_training,tabpfn3,metric_balanced_accuracy,-0.01886049298330006
steel-plates-fault,1,250,0.756057129193094,0.7016281030535417,tabpfn3_self_training,tabpfn3,metric_balanced_accuracy,0.05442902613955225
steel-plates-fault,1,500,0.7623302461021758,0.7613257356678409,tabpfn3_self_training,tabpfn3,metric_balanced_accuracy,0.0010045104343349154
steel-plates-fault,1,50,0.6201002051879245,0.4831558345812731,tabpfn3_self_training,tabpfn3,metric_balanced_accuracy,0.13694437060665143
steel-plates-fault,2,100,0.6565972398992449,0.6565972398992449,tabpfn3_self_training,tabpfn3,metric_balanced_accuracy,0.0
steel-plates-fault,2,250,0.776245626762544,0.7735450094785934,tabpfn3_self_training,tabpfn3,metric_balanced_accuracy,0.002700617283950657
steel-plates-fault,2,500,0.7696335659838166,0.7748705723173142,tabpfn3_self_training,tabpfn3,metric_balanced_accuracy,-0.005237006333497551
steel-plates-fault,2,50,0.6160974862415964,0.6160974862415964,tabpfn3_self_training,tabpfn3,metric_balanced_accuracy,0.0
adult,0,100,0.7418800152736801,0.7258629116989506,tabpfn3_self_training,tabpfn3,metric_balanced_accuracy,0.01601710357472952
adult,0,250,0.740804796773602,0.744815778213456,tabpfn3_self_training,tabpfn3,metric_balanced_accuracy,-0.004010981439854011
adult,0,500,0.7384809365063633,0.7399080954533634,tabpfn3_self_training,tabpfn3,metric_balanced_accuracy,-0.0014271589470001844
adult,0,50,0.5300434081948566,0.5300434081948566,tabpfn3_self_training,tabpfn3,metric_balanced_accuracy,0.0
adult,1,100,0.7241374854535695,0.7241374854535695,tabpfn3_self_training,tabpfn3,metric_balanced_accuracy,0.0
adult,1,250,0.7411552407037819,0.7411552407037819,tabpfn3_self_training,tabpfn3,metric_balanced_accuracy,0.0
adult,1,500,0.7510570300658272,0.7510570300658272,tabpfn3_self_training,tabpfn3,metric_balanced_accuracy,0.0
adult,1,50,0.7360759189850301,0.7360759189850301,tabpfn3_self_training,tabpfn3,metric_balanced_accuracy,0.0
adult,2,100,0.7169019133427015,0.7096303384925173,tabpfn3_self_training,tabpfn3,metric_balanced_accuracy,0.007271574850184148
adult,2,250,0.6896493074178076,0.6896493074178076,tabpfn3_self_training,tabpfn3,metric_balanced_accuracy,0.0
adult,2,500,0.7487358750403916,0.7487358750403916,tabpfn3_self_training,tabpfn3,metric_balanced_accuracy,0.0
adult,2,50,0.690570960276805,0.690570960276805,tabpfn3_self_training,tabpfn3,metric_balanced_accuracy,0.0
jannis,0,100,0.4337008175990591,0.4337008175990591,tabpfn3_self_training,tabpfn3,metric_balanced_accuracy,0.0
jannis,0,250,0.4289284389550473,0.4480791347270969,tabpfn3_self_training,tabpfn3,metric_balanced_accuracy,-0.019150695772049586
jannis,0,500,0.4620567609384406,0.4620567609384406,tabpfn3_self_training,tabpfn3,metric_balanced_accuracy,0.0
jannis,0,50,0.3446541952597528,0.3446541952597528,tabpfn3_self_training,tabpfn3,metric_balanced_accuracy,0.0
jannis,1,100,0.3892730185250031,0.3892730185250031,tabpfn3_self_training,tabpfn3,metric_balanced_accuracy,0.0
jannis,1,250,0.4126798170489105,0.4126798170489105,tabpfn3_self_training,tabpfn3,metric_balanced_accuracy,0.0
jannis,1,500,0.4513168819451932,0.448216171671638,tabpfn3_self_training,tabpfn3,metric_balanced_accuracy,0.003100710273555185
jannis,1,50,0.3739821162823106,0.3739821162823106,tabpfn3_self_training,tabpfn3,metric_balanced_accuracy,0.0
jannis,2,100,0.3672850068637981,0.3461843238872358,tabpfn3_self_training,tabpfn3,metric_balanced_accuracy,0.021100682976562313
jannis,2,250,0.4429225869797131,0.4454845697041244,tabpfn3_self_training,tabpfn3,metric_balanced_accuracy,-0.002561982724411327
jannis,2,500,0.4545586568491521,0.4545586568491521,tabpfn3_self_training,tabpfn3,metric_balanced_accuracy,0.0
jannis,2,50,0.345423227310512,0.345423227310512,tabpfn3_self_training,tabpfn3,metric_balanced_accuracy,0.0
MagicTelescope,0,100,0.8109008979520583,0.8109008979520583,tabiclv2_self_training,tabiclv2,metric_balanced_accuracy,0.0
MagicTelescope,0,250,0.8241083216043119,0.8241083216043119,tabiclv2_self_training,tabiclv2,metric_balanced_accuracy,0.0
MagicTelescope,0,500,0.8458742939856487,0.8506049992908034,tabiclv2_self_training,tabiclv2,metric_balanced_accuracy,-0.0047307053051546255
MagicTelescope,0,50,0.7716314068642962,0.7716314068642962,tabiclv2_self_training,tabiclv2,metric_balanced_accuracy,0.0
MagicTelescope,1,100,0.759324117413869,0.759324117413869,tabiclv2_self_training,tabiclv2,metric_balanced_accuracy,0.0
MagicTelescope,1,250,0.8363610574667495,0.8363610574667495,tabiclv2_self_training,tabiclv2,metric_balanced_accuracy,0.0
MagicTelescope,1,500,0.8423401307103968,0.8438985448739631,tabiclv2_self_training,tabiclv2,metric_balanced_accuracy,-0.0015584141635662796
MagicTelescope,1,50,0.7299270072992701,0.7299270072992701,tabiclv2_self_training,tabiclv2,metric_balanced_accuracy,0.0
MagicTelescope,2,100,0.7792807291268881,0.7792807291268881,tabiclv2_self_training,tabiclv2,metric_balanced_accuracy,0.0
MagicTelescope,2,250,0.8212897195581886,0.8212897195581886,tabiclv2_self_training,tabiclv2,metric_balanced_accuracy,0.0
MagicTelescope,2,500,0.8261677195509148,0.8261677195509148,tabiclv2_self_training,tabiclv2,metric_balanced_accuracy,0.0
MagicTelescope,2,50,0.7322628100916864,0.7385273804458119,tabiclv2_self_training,tabiclv2,metric_balanced_accuracy,-0.0062645703541255315
bank-marketing,0,100,0.6638213427113455,0.6728360595776817,tabiclv2_self_training,tabiclv2,metric_balanced_accuracy,-0.009014716866336148
bank-marketing,0,250,0.6368846715190226,0.5885705475649641,tabiclv2_self_training,tabiclv2,metric_balanced_accuracy,0.04831412395405854
bank-marketing,0,500,0.657478933207704,0.657478933207704,tabiclv2_self_training,tabiclv2,metric_balanced_accuracy,0.0
bank-marketing,0,50,0.5713298682667052,0.5605110835178909,tabiclv2_self_training,tabiclv2,metric_balanced_accuracy,0.010818784748814259
bank-marketing,1,100,0.6387669223840069,0.6387669223840069,tabiclv2_self_training,tabiclv2,metric_balanced_accuracy,0.0
bank-marketing,1,250,0.6190608454178617,0.6190608454178617,tabiclv2_self_training,tabiclv2,metric_balanced_accuracy,0.0
bank-marketing,1,500,0.6449458045745035,0.6449458045745035,tabiclv2_self_training,tabiclv2,metric_balanced_accuracy,0.0
bank-marketing,1,50,0.620233116677892,0.620233116677892,tabiclv2_self_training,tabiclv2,metric_balanced_accuracy,0.0
bank-marketing,2,100,0.6543704938252608,0.6543704938252608,tabiclv2_self_training,tabiclv2,metric_balanced_accuracy,0.0
bank-marketing,2,250,0.6639014196041018,0.6533047550167908,tabiclv2_self_training,tabiclv2,metric_balanced_accuracy,0.010596664587311011
bank-marketing,2,500,0.6526785809403974,0.6566188020307453,tabiclv2_self_training,tabiclv2,metric_balanced_accuracy,-0.003940221090347862
bank-marketing,2,50,0.5947861242665538,0.5947861242665538,tabiclv2_self_training,tabiclv2,metric_balanced_accuracy,0.0
electricity,0,100,0.6933665282658571,0.6974614946091455,tabiclv2_self_training,tabiclv2,metric_balanced_accuracy,-0.004094966343288431
electricity,0,250,0.7585600369157417,0.7659803102756123,tabiclv2_self_training,tabiclv2,metric_balanced_accuracy,-0.0074202733598706105
electricity,0,500,0.7793715104956715,0.7860790578911384,tabiclv2_self_training,tabiclv2,metric_balanced_accuracy,-0.006707547395466862
electricity,0,50,0.7198397444202813,0.7198397444202813,tabiclv2_self_training,tabiclv2,metric_balanced_accuracy,0.0
electricity,1,100,0.7268598397793029,0.7268598397793029,tabiclv2_self_training,tabiclv2,metric_balanced_accuracy,0.0
electricity,1,250,0.7620228062342156,0.7620228062342156,tabiclv2_self_training,tabiclv2,metric_balanced_accuracy,0.0
electricity,1,500,0.7631369310899512,0.7631369310899512,tabiclv2_self_training,tabiclv2,metric_balanced_accuracy,0.0
electricity,1,50,0.619917632249847,0.619917632249847,tabiclv2_self_training,tabiclv2,metric_balanced_accuracy,0.0
electricity,2,100,0.7325343892457986,0.7280824494750668,tabiclv2_self_training,tabiclv2,metric_balanced_accuracy,0.004451939770731772
electricity,2,250,0.7494226184662427,0.7494226184662427,tabiclv2_self_training,tabiclv2,metric_balanced_accuracy,0.0
electricity,2,500,0.7670437058859878,0.76673340037434,tabiclv2_self_training,tabiclv2,metric_balanced_accuracy,0.0003103055116477904
electricity,2,50,0.6921837843817709,0.6921837843817709,tabiclv2_self_training,tabiclv2,metric_balanced_accuracy,0.0
phoneme,0,100,0.7524464465621749,0.7524464465621749,tabiclv2_self_training,tabiclv2,metric_balanced_accuracy,0.0
phoneme,0,250,0.7839736072802946,0.7839736072802946,tabiclv2_self_training,tabiclv2,metric_balanced_accuracy,0.0
phoneme,0,500,0.7831354154623681,0.7831354154623681,tabiclv2_self_training,tabiclv2,metric_balanced_accuracy,0.0
phoneme,0,50,0.6930132789403274,0.6930132789403274,tabiclv2_self_training,tabiclv2,metric_balanced_accuracy,0.0
phoneme,1,100,0.7433832394668605,0.7433832394668605,tabiclv2_self_training,tabiclv2,metric_balanced_accuracy,0.0
phoneme,1,250,0.7839075429005566,0.794294102102499,tabiclv2_self_training,tabiclv2,metric_balanced_accuracy,-0.010386559201942314
phoneme,1,500,0.7954522932597816,0.7954522932597816,tabiclv2_self_training,tabiclv2,metric_balanced_accuracy,0.0
phoneme,1,50,0.7420227261466299,0.7420227261466299,tabiclv2_self_training,tabiclv2,metric_balanced_accuracy,0.0
phoneme,2,100,0.776656977224305,0.776656977224305,tabiclv2_self_training,tabiclv2,metric_balanced_accuracy,0.0
phoneme,2,250,0.787448180752143,0.787448180752143,tabiclv2_self_training,tabiclv2,metric_balanced_accuracy,0.0
phoneme,2,500,0.7993789948304623,0.7993789948304623,tabiclv2_self_training,tabiclv2,metric_balanced_accuracy,0.0
phoneme,2,50,0.7539205080350802,0.7539205080350802,tabiclv2_self_training,tabiclv2,metric_balanced_accuracy,0.0
satimage,0,100,0.8146906682031702,0.8146906682031702,tabiclv2_self_training,tabiclv2,metric_balanced_accuracy,0.0
satimage,0,250,0.8065722356653593,0.8074365177222985,tabiclv2_self_training,tabiclv2,metric_balanced_accuracy,-0.0008642820569392251
satimage,0,500,0.8459685917763067,0.8443023568358116,tabiclv2_self_training,tabiclv2,metric_balanced_accuracy,0.0016662349404951149
satimage,0,50,0.8046199195634727,0.8046199195634727,tabiclv2_self_training,tabiclv2,metric_balanced_accuracy,0.0
satimage,1,100,0.8131036490380762,0.8131036490380762,tabiclv2_self_training,tabiclv2,metric_balanced_accuracy,0.0
satimage,1,250,0.8186285592229007,0.8186285592229007,tabiclv2_self_training,tabiclv2,metric_balanced_accuracy,0.0
satimage,1,500,0.8776896642857358,0.8765305696963398,tabiclv2_self_training,tabiclv2,metric_balanced_accuracy,0.0011590945893960036
satimage,1,50,0.7411433308290762,0.7411433308290762,tabiclv2_self_training,tabiclv2,metric_balanced_accuracy,0.0
satimage,2,100,0.7973359775152454,0.7973359775152454,tabiclv2_self_training,tabiclv2,metric_balanced_accuracy,0.0
satimage,2,250,0.839197074299316,0.839197074299316,tabiclv2_self_training,tabiclv2,metric_balanced_accuracy,0.0
satimage,2,500,0.8420433887050981,0.845369648993923,tabiclv2_self_training,tabiclv2,metric_balanced_accuracy,-0.0033262602888248782
satimage,2,50,0.7542277223196052,0.7542277223196052,tabiclv2_self_training,tabiclv2,metric_balanced_accuracy,0.0
segment,0,100,0.917748917748918,0.917748917748918,tabiclv2_self_training,tabiclv2,metric_balanced_accuracy,0.0
segment,0,250,0.9437229437229436,0.9437229437229436,tabiclv2_self_training,tabiclv2,metric_balanced_accuracy,0.0
segment,0,500,0.9653679653679652,0.9653679653679652,tabiclv2_self_training,tabiclv2,metric_balanced_accuracy,0.0
segment,0,50,0.8917748917748918,0.8917748917748918,tabiclv2_self_training,tabiclv2,metric_balanced_accuracy,0.0
segment,1,100,0.9090909090909092,0.9090909090909092,tabiclv2_self_training,tabiclv2,metric_balanced_accuracy,0.0
segment,1,250,0.9502164502164504,0.9502164502164502,tabiclv2_self_training,tabiclv2,metric_balanced_accuracy,2.220446049250313e-16
segment,1,500,0.9610389610389608,0.9610389610389608,tabiclv2_self_training,tabiclv2,metric_balanced_accuracy,0.0
segment,1,50,0.9025974025974026,0.9025974025974026,tabiclv2_self_training,tabiclv2,metric_balanced_accuracy,0.0
segment,2,100,0.9285714285714286,0.9285714285714286,tabiclv2_self_training,tabiclv2,metric_balanced_accuracy,0.0
segment,2,250,0.9761904761904764,0.9761904761904764,tabiclv2_self_training,tabiclv2,metric_balanced_accuracy,0.0
segment,2,500,0.9761904761904764,0.9761904761904764,tabiclv2_self_training,tabiclv2,metric_balanced_accuracy,0.0
segment,2,50,0.8809523809523808,0.8809523809523808,tabiclv2_self_training,tabiclv2,metric_balanced_accuracy,0.0
spambase,0,100,0.9016780710329098,0.9016780710329098,tabiclv2_self_training,tabiclv2,metric_balanced_accuracy,0.0
spambase,0,250,0.9378536094078616,0.9378536094078616,tabiclv2_self_training,tabiclv2,metric_balanced_accuracy,0.0
spambase,0,500,0.9372389584999556,0.9372389584999556,tabiclv2_self_training,tabiclv2,metric_balanced_accuracy,0.0
spambase,0,50,0.897545839627951,0.897545839627951,tabiclv2_self_training,tabiclv2,metric_balanced_accuracy,0.0
spambase,1,100,0.895701886904233,0.895701886904233,tabiclv2_self_training,tabiclv2,metric_balanced_accuracy,0.0
spambase,1,250,0.92119138600077,0.92119138600077,tabiclv2_self_training,tabiclv2,metric_balanced_accuracy,0.0
spambase,1,500,0.9426153025859773,0.9426153025859773,tabiclv2_self_training,tabiclv2,metric_balanced_accuracy,0.0
spambase,1,50,0.8785434995112414,0.8785434995112414,tabiclv2_self_training,tabiclv2,metric_balanced_accuracy,0.0
spambase,2,100,0.9216579282561688,0.9216579282561688,tabiclv2_self_training,tabiclv2,metric_balanced_accuracy,0.0
spambase,2,250,0.9258049705263782,0.9258049705263782,tabiclv2_self_training,tabiclv2,metric_balanced_accuracy,0.0
spambase,2,500,0.9384830711810184,0.9384830711810184,tabiclv2_self_training,tabiclv2,metric_balanced_accuracy,0.0
spambase,2,50,0.8554903877484523,0.8375174027666696,tabiclv2_self_training,tabiclv2,metric_balanced_accuracy,0.01797298498178268
steel-plates-fault,0,100,0.7595685828141968,0.7270328274714241,tabiclv2_self_training,tabiclv2,metric_balanced_accuracy,0.032535755342772754
steel-plates-fault,0,250,0.7671407945530753,0.7810653365477928,tabiclv2_self_training,tabiclv2,metric_balanced_accuracy,-0.013924541994717488
steel-plates-fault,0,500,0.809839689225654,0.809839689225654,tabiclv2_self_training,tabiclv2,metric_balanced_accuracy,0.0
steel-plates-fault,0,50,0.6481979318602126,0.6481979318602126,tabiclv2_self_training,tabiclv2,metric_balanced_accuracy,0.0
steel-plates-fault,1,100,0.6216945294796172,0.5836557488969769,tabiclv2_self_training,tabiclv2,metric_balanced_accuracy,0.03803878058264032
steel-plates-fault,1,250,0.7441430401956718,0.7441430401956718,tabiclv2_self_training,tabiclv2,metric_balanced_accuracy,0.0
steel-plates-fault,1,500,0.765220800966415,0.7581661272450747,tabiclv2_self_training,tabiclv2,metric_balanced_accuracy,0.007054673721340277
steel-plates-fault,1,50,0.5965410442384126,0.5729374751304576,tabiclv2_self_training,tabiclv2,metric_balanced_accuracy,0.023603569107955025
steel-plates-fault,2,100,0.6883905278328838,0.6883905278328838,tabiclv2_self_training,tabiclv2,metric_balanced_accuracy,0.0
steel-plates-fault,2,250,0.7622679742980495,0.7611563544364296,tabiclv2_self_training,tabiclv2,metric_balanced_accuracy,0.0011116198616198947
steel-plates-fault,2,500,0.760120471054055,0.76952244821919,tabiclv2_self_training,tabiclv2,metric_balanced_accuracy,-0.009401977165135023
steel-plates-fault,2,50,0.6274082149865359,0.6274082149865359,tabiclv2_self_training,tabiclv2,metric_balanced_accuracy,0.0
adult,0,100,0.7327630050470604,0.7327630050470604,tabiclv2_self_training,tabiclv2,metric_balanced_accuracy,0.0
adult,0,250,0.75248338319612,0.7474562381091672,tabiclv2_self_training,tabiclv2,metric_balanced_accuracy,0.005027145086952789
adult,0,500,0.7513797020987727,0.74337310729484,tabiclv2_self_training,tabiclv2,metric_balanced_accuracy,0.008006594803932732
adult,0,50,0.672293914967228,0.672293914967228,tabiclv2_self_training,tabiclv2,metric_balanced_accuracy,0.0
adult,1,100,0.7298705259761347,0.7302571165414715,tabiclv2_self_training,tabiclv2,metric_balanced_accuracy,-0.0003865905653368529
adult,1,250,0.7380917845950639,0.7380917845950639,tabiclv2_self_training,tabiclv2,metric_balanced_accuracy,0.0
adult,1,500,0.7502907271563338,0.7502907271563338,tabiclv2_self_training,tabiclv2,metric_balanced_accuracy,0.0
adult,1,50,0.7043027676695746,0.7043027676695746,tabiclv2_self_training,tabiclv2,metric_balanced_accuracy,0.0
adult,2,100,0.7265040827854643,0.7178271923768819,tabiclv2_self_training,tabiclv2,metric_balanced_accuracy,0.008676890408582438
adult,2,250,0.6941304829063828,0.6941304829063828,tabiclv2_self_training,tabiclv2,metric_balanced_accuracy,0.0
adult,2,500,0.7523281771424566,0.7523281771424566,tabiclv2_self_training,tabiclv2,metric_balanced_accuracy,0.0
adult,2,50,0.6906494410682642,0.6906494410682642,tabiclv2_self_training,tabiclv2,metric_balanced_accuracy,0.0
jannis,0,100,0.4117237711927579,0.4117237711927579,tabiclv2_self_training,tabiclv2,metric_balanced_accuracy,0.0
jannis,0,250,0.4573958554217039,0.4523767109672099,tabiclv2_self_training,tabiclv2,metric_balanced_accuracy,0.005019144454494029
jannis,0,500,0.4727004524402274,0.4684665617335435,tabiclv2_self_training,tabiclv2,metric_balanced_accuracy,0.004233890706683896
jannis,0,50,0.397776508780677,0.397776508780677,tabiclv2_self_training,tabiclv2,metric_balanced_accuracy,0.0
jannis,1,100,0.39607705258165,0.3918105170683238,tabiclv2_self_training,tabiclv2,metric_balanced_accuracy,0.004266535513326175
jannis,1,250,0.4261792474306001,0.4261792474306001,tabiclv2_self_training,tabiclv2,metric_balanced_accuracy,0.0
jannis,1,500,0.471844606011511,0.4656041408620769,tabiclv2_self_training,tabiclv2,metric_balanced_accuracy,0.006240465149434105
jannis,1,50,0.3888729228883708,0.3888729228883708,tabiclv2_self_training,tabiclv2,metric_balanced_accuracy,0.0
jannis,2,100,0.3663667250168948,0.3663667250168948,tabiclv2_self_training,tabiclv2,metric_balanced_accuracy,0.0
jannis,2,250,0.4522601622834215,0.4447091855825947,tabiclv2_self_training,tabiclv2,metric_balanced_accuracy,0.0075509767008267725
jannis,2,500,0.4568644568007821,0.4559719676166194,tabiclv2_self_training,tabiclv2,metric_balanced_accuracy,0.0008924891841626814
jannis,2,50,0.3688566940063818,0.3688566940063818,tabiclv2_self_training,tabiclv2,metric_balanced_accuracy,0.0
