dataset,method,n_labeled,metric_accuracy_mean,metric_accuracy_std,metric_accuracy_count,metric_balanced_accuracy_mean,metric_balanced_accuracy_std,metric_balanced_accuracy_count,metric_macro_f1_mean,metric_macro_f1_std,metric_macro_f1_count,metric_f1_macro_mean,metric_f1_macro_std,metric_f1_macro_count,metric_roc_auc_mean,metric_roc_auc_std,metric_roc_auc_count,metric_average_precision_mean,metric_average_precision_std,metric_average_precision_count,metric_log_loss_mean,metric_log_loss_std,metric_log_loss_count,runtime_seconds_mean,runtime_seconds_std,runtime_seconds_count,n_expected_seeds,n_success_seeds,n_failed_seeds,success_rate,is_complete
MagicTelescope,embedding_alignment_ssl,50,0.49018576936558006,0.1980851684564125,3,0.488555869541762,0.10149918010089955,3,0.440176843863346,0.1626703479090395,3,0.440176843863346,0.1626703479090395,3,0.4882649170724847,0.11196963252776948,3,0.4257994622129839,0.11271476591521754,3,0.7159682098453554,0.060616247073771015,3,3.1448,0.43750012571426766,3,3,3,0,1.0,True
MagicTelescope,embedding_alignment_ssl,100,0.6134770417104801,0.11208740877862845,3,0.5320268961311807,0.049782677641545876,3,0.49598752185458994,0.0669384146452286,3,0.49598752185458994,0.0669384146452286,3,0.5956601206402086,0.08171665913872148,3,0.5195742915703844,0.05825256746856748,3,0.6691132150096276,0.03141382612749223,3,3.4987333333333335,0.28119648527912544,3,3,3,0,1.0,True
MagicTelescope,embedding_alignment_ssl,250,0.6850683491062041,0.1721125049819723,3,0.6541938979993381,0.1459049323813403,3,0.6568354171825931,0.15732334491593733,3,0.6568354171825931,0.15732334491593733,3,0.7004913055724268,0.16747436338555743,3,0.6560899751212818,0.17966966334685033,3,0.5905233051242755,0.0941568204039439,3,3.2992333333333335,0.5122902432540887,3,3,3,0,1.0,True
MagicTelescope,embedding_alignment_ssl,500,0.7676130389064143,0.020323622505478894,3,0.7499954538676675,0.008178163343033389,3,0.7475038351354893,0.015345569948920567,3,0.7475038351354893,0.015345569948920567,3,0.8252705150788137,0.018653648065588273,3,0.7668258507530794,0.012485256240152048,3,0.5420878668077972,0.027869312763512257,3,3.5782000000000003,0.17104756648371255,3,3,3,0,1.0,True
MagicTelescope,geometric_attention_ssl,50,0.6492288818787241,0.0014478366317786625,3,0.5015411388607028,0.0023531337794719955,3,0.396947188702137,0.005628102519178102,3,0.396947188702137,0.005628102519178102,3,0.6588870219438777,0.1196749954999496,3,0.5100850226221579,0.10633196542152192,3,0.6371662955810914,0.019363399693169026,3,5.599733333333333,0.06900828452681126,3,3,3,0,1.0,True
MagicTelescope,geometric_attention_ssl,100,0.7301086575534526,0.06204014358928301,3,0.6436353541194627,0.11240756560649012,3,0.6206887668458999,0.17052256583693132,3,0.6206887668458999,0.17052256583693132,3,0.7456095474436389,0.07708827276224042,3,0.6679121579361053,0.07266497037812675,3,0.580625090695304,0.04445595224611517,3,6.8384,0.4087285529541582,3,3,3,0,1.0,True
MagicTelescope,geometric_attention_ssl,250,0.8054679284963197,0.016110992056829216,3,0.758623406883693,0.01928628277039928,3,0.7719750479347945,0.01995748177574507,3,0.7719750479347945,0.01995748177574507,3,0.8416855381671046,0.028216217445263946,3,0.7907200918837286,0.031972793251927104,3,0.45447891773414534,0.028451985135398723,3,8.0056,0.29775834161279147,3,3,3,0,1.0,True
MagicTelescope,geometric_attention_ssl,500,0.815019277953032,0.021397515931948465,3,0.7743660570000133,0.031309747687593356,3,0.7857868197382807,0.028964508995225905,3,0.7857868197382807,0.028964508995225905,3,0.8717865411045121,0.021222191918694466,3,0.8176064991016722,0.024731055054774218,3,0.4309173240632327,0.039724261981927904,3,10.3475,1.7932754417545562,3,3,3,0,1.0,True
MagicTelescope,laplacian_ssl,50,0.7214335786890992,0.03184481144500377,3,0.6253208054049271,0.06127401697329266,3,0.6152300322199795,0.08506356078713993,3,0.6152300322199795,0.08506356078713993,3,0.7580478665304039,0.08008932718550765,3,0.6568996644584889,0.06073191976575847,3,0.5871003870843712,0.058228179373476734,3,4.5137,0.25233224130102766,3,3,3,0,1.0,True
MagicTelescope,laplacian_ssl,100,0.7507886435331231,0.03468338337176626,3,0.6728615296583612,0.05060062430732072,3,0.6802465844530415,0.061255053742077,3,0.6802465844530415,0.061255053742077,3,0.764273289633889,0.07127509061238209,3,0.697143945595503,0.07280252243669778,3,0.5412613473323207,0.0525049198262033,3,5.1140333333333325,0.0985501056992507,3,3,3,0,1.0,True
MagicTelescope,laplacian_ssl,250,0.8106379249912373,0.011135534153794672,3,0.7648900987662403,0.009777377295340327,3,0.7785009960177525,0.011482074223884534,3,0.7785009960177525,0.011482074223884534,3,0.8629812889275209,0.014274406618729928,3,0.8049653082850542,0.025397491931164903,3,0.43393828933487893,0.018773907211283636,3,5.6687666666666665,0.02984230777492501,3,3,3,0,1.0,True
MagicTelescope,laplacian_ssl,500,0.8223799509288469,0.008640490158836077,3,0.7835189367626931,0.010801686050212152,3,0.7953265627418151,0.01061218768409142,3,0.7953265627418151,0.01061218768409142,3,0.8840627148047527,0.008591503820745078,3,0.8304015779241828,0.011718861751170994,3,0.400603797921489,0.011476444988179464,3,8.057166666666667,0.09852519136410395,3,3,3,0,1.0,True
MagicTelescope,tabiclv2_self_training,50,0.7762881177707676,0.026848650679099716,3,0.7446070747517508,0.0234328804944703,3,0.7491865827045574,0.025881867889007766,3,0.7491865827045574,0.025881867889007766,3,0.8440655394683086,0.018086086264787752,3,0.7621434863237934,0.03128427590514041,3,0.4713708380392678,0.03001001452279477,3,6.288900000000001,2.165284018321845,3,3,3,0,1.0,True
MagicTelescope,tabiclv2_self_training,100,0.8157202944269191,0.013962430835845948,3,0.7831685814976052,0.026007260903707387,3,0.7907859355860268,0.02096173142641408,3,0.7907859355860268,0.02096173142641408,3,0.8730575386795042,0.02112664193346672,3,0.8211212620485409,0.019263400006179227,3,0.42332584520409905,0.027236392472144506,3,7.2071,0.7561024004723166,3,3,3,0,1.0,True
MagicTelescope,tabiclv2_self_training,250,0.8555906063792499,0.00856417225578025,3,0.8272530328764166,0.008012690766976043,3,0.8366231359354598,0.009169581529092885,3,0.8366231359354598,0.009169581529092885,3,0.9115667143909536,0.005147240057638326,3,0.873326571724276,0.013412523141167068,3,0.349986189312854,0.014411941526138288,3,6.289966666666667,0.12066235259323163,3,3,3,0,1.0,True
MagicTelescope,tabiclv2_self_training,500,0.8654048370136698,0.0094087960926253,3,0.8381273814156535,0.01050703152432681,3,0.8477476920540745,0.010709204186658425,3,0.8477476920540745,0.010709204186658425,3,0.9237668161434978,0.004478594122291584,3,0.8892526973323136,0.0058386156074908225,3,0.3279552904431797,0.0077720591113738,3,6.961233333333333,0.025391796575534486,3,3,3,0,1.0,True
MagicTelescope,tabpfn3_self_training,50,0.7792674377847879,0.01582827050814659,3,0.7405804138071495,0.0065806841957074275,3,0.7483053748228891,0.010829751789607265,3,0.7483053748228891,0.010829751789607265,3,0.8454647379750759,0.0028448901118611728,3,0.7718143815906594,0.004137176312873245,3,0.4702883377751222,0.015941368856440888,3,9.616033333333334,2.880978039370195,3,3,3,0,1.0,True
MagicTelescope,tabpfn3_self_training,100,0.8220294426919033,0.02439418349830762,3,0.7862114594054628,0.03678436663393904,3,0.7958308820199967,0.033338270999772004,3,0.7958308820199967,0.033338270999772004,3,0.8730088445509653,0.030499270724713284,3,0.8268324259989668,0.034927270323897544,3,0.42168281254795276,0.04036994244531222,3,10.284166666666666,1.1644324812256546,3,3,3,0,1.0,True
MagicTelescope,tabpfn3_self_training,250,0.8571678934454959,0.010496609841836209,3,0.8273869922424798,0.008437956340786408,3,0.8377980803031219,0.010473878976615942,3,0.8377980803031219,0.010473878976615942,3,0.9117010778576683,0.00927334984642085,3,0.8774702802872115,0.014795822835741119,3,0.349357091778483,0.021306353347459686,3,10.712133333333334,0.035309677615823355,3,3,3,0,1.0,True
MagicTelescope,tabpfn3_self_training,500,0.8687346652646338,0.007892274973149467,3,0.8393281665023998,0.009638844440373794,3,0.8506237833962992,0.009296754026801994,3,0.8506237833962992,0.009296754026801994,3,0.9264076139028404,0.005399308388314819,3,0.8962363036525621,0.005642796530468462,3,0.31926654138373545,0.011760101267345655,3,11.208,0.08472850759927299,3,3,3,0,1.0,True
MagicTelescope,unlabeled_attention_ssl,50,0.7498247458815283,0.018739082983711765,3,0.6916046271141031,0.03418970124143067,3,0.6987903721035159,0.03223570474921138,3,0.6987903721035159,0.03223570474921138,3,0.8038485333772994,0.03427725703226907,3,0.686143345150505,0.08218544559476727,3,0.5236170818325914,0.025275560615504445,3,3.4797999999999996,0.6982083070259186,3,3,3,0,1.0,True
MagicTelescope,unlabeled_attention_ssl,100,0.7827725201542236,0.00819722920973315,3,0.7504630993469329,0.017436787139267128,3,0.7553085495305948,0.012134143452994704,3,0.7553085495305948,0.012134143452994704,3,0.8377756117982843,0.02029869402149216,3,0.7628300665549256,0.04492818807167977,3,0.5198237619771778,0.07361884404055283,3,3.8809,0.12957237359869597,3,3,3,0,1.0,True
MagicTelescope,unlabeled_attention_ssl,250,0.8194006309148265,0.008937960042061016,3,0.7789418907303755,0.023516805233231745,3,0.7903372450145798,0.01786807470125475,3,0.7903372450145798,0.01786807470125475,3,0.8696195513593744,0.014708380361706295,3,0.8215718685769922,0.009667189007956664,3,0.43103647511444804,0.015588692993398292,3,3.7840333333333334,0.14425007221257574,3,3,3,0,1.0,True
MagicTelescope,unlabeled_attention_ssl,500,0.8349982474588153,0.004322244113262698,3,0.8018550038369358,0.012113518296555837,3,0.8118379680582346,0.008010085822857636,3,0.8118379680582346,0.008010085822857636,3,0.8869107151732925,0.007904942510601245,3,0.8388721633546341,0.009812976446956,3,0.41870648119217413,0.013409401853189958,3,5.055933333333333,0.1529086437495716,3,3,3,0,1.0,True
adult,embedding_alignment_ssl,50,0.7932575835124714,0.0141282958663909,3,0.5958780096342678,0.0586636076200554,3,0.5969974470167715,0.08071226804304878,3,0.5969974470167715,0.08071226804304878,3,0.8465489959389524,0.016000213302701675,3,0.6312518032231953,0.00923612798224568,3,0.4452912299263645,0.03338586823657633,3,3.5470333333333333,0.3860928558434269,3,3,3,0,1.0,True
adult,embedding_alignment_ssl,100,0.8198723854369264,0.010407685271567595,3,0.6670666107660105,0.03717709738195589,3,0.6920015346523406,0.04095810223414861,3,0.6920015346523406,0.04095810223414861,3,0.8610793868747884,0.0036215488762562495,3,0.670498341546612,0.01301202265375216,3,0.3896255417974192,0.0070227386949696284,3,4.046566666666666,0.12707416469657903,3,3,3,0,1.0,True
adult,embedding_alignment_ssl,250,0.7937694066264033,0.0327458545768153,3,0.588934680382588,0.09328361426167944,3,0.5763710849859042,0.13896758133805345,3,0.5763710849859042,0.13896758133805345,3,0.8740771719916377,0.0037756961783156733,3,0.6811518461922713,0.00334971768558463,3,0.40058125684740326,0.024210630433349176,3,3.938333333333333,0.33831561201536847,3,3,3,0,1.0,True
adult,embedding_alignment_ssl,500,0.8209301532057188,0.0009511283901297401,3,0.6589675580879688,0.006527951687751422,3,0.6868469940188491,0.006916133018256487,3,0.6868469940188491,0.006916133018256487,3,0.8773876876655976,0.006194007006505598,3,0.6907226932518912,0.010755098034014315,3,0.37954151290095894,0.007794097959804135,3,4.055366666666667,0.08171782751232012,3,3,3,0,1.0,True
adult,geometric_attention_ssl,50,0.7606715119254787,0.0,3,0.5,0.0,3,0.4320348837209302,0.0,3,0.4320348837209302,0.0,3,0.6394472431226134,0.09362086468702696,3,0.354645727197134,0.08632619329967703,3,0.5462470039699198,0.010547443263842415,3,9.148366666666666,0.09589250926601897,3,3,3,0,1.0,True
adult,geometric_attention_ssl,100,0.7801207902548879,0.03368713823708532,3,0.5497693599094754,0.08620306002339286,3,0.5134472958733884,0.14101043421479562,3,0.5134472958733884,0.14101043421479562,3,0.7696553851943918,0.16452333625035442,3,0.5431294290386631,0.22272854886633897,3,0.47162523904204656,0.07041622489229744,3,10.587066666666667,0.3450470451015822,3,3,3,0,1.0,True
adult,geometric_attention_ssl,250,0.816221380557546,0.012086974926982326,3,0.6968638035845567,0.0662750786843298,3,0.7090684972492838,0.05341324897688419,3,0.7090684972492838,0.05341324897688419,3,0.8749567017415657,0.006114645327695962,3,0.6688892501252518,0.02330010244829102,3,0.3771623413297618,0.006463744258055226,3,12.392566666666667,0.1889044555677112,3,3,3,0,1.0,True
adult,geometric_attention_ssl,500,0.8364554543283175,0.002618480914859905,3,0.7466115887109991,0.013983888031838209,3,0.7608424596841856,0.005993412242450114,3,0.7608424596841856,0.005993412242450114,3,0.886882683486287,0.005839448590908403,3,0.7092528300137468,0.013888874060865641,3,0.3599641732837231,0.010416710972059935,3,15.544166666666667,1.4666892797499183,3,3,3,0,1.0,True
adult,laplacian_ssl,50,0.7630258982495649,0.004077916733962972,3,0.5049187339606501,0.008519497128760508,3,0.44217039495536326,0.01755522041872323,3,0.44217039495536326,0.01755522041872323,3,0.7717528013738176,0.08713630103263814,3,0.5406023386267212,0.13231009301345054,3,0.5065021526366246,0.052262504786963544,3,8.4725,0.670496331086158,3,3,3,0,1.0,True
adult,laplacian_ssl,100,0.765107312246221,0.005614523039514207,3,0.5093648947946812,0.011681873183201396,3,0.45125274845037083,0.023652952675819645,3,0.45125274845037083,0.023652952675819645,3,0.8565387824040482,0.01377730491044489,3,0.6647655769011639,0.03477853774108979,3,0.43794329078911504,0.01277775741242612,3,9.406766666666668,0.1264087154168309,3,3,3,0,1.0,True
adult,laplacian_ssl,250,0.8044835704780429,0.035132994044393,3,0.6349654824576197,0.11903422861120998,3,0.627780461228619,0.16032600168924294,3,0.627780461228619,0.16032600168924294,3,0.8785870211247152,0.008486451788659175,3,0.6924369967842109,0.023879649662867923,3,0.37941553481375623,0.00706223741743421,3,10.820033333333333,0.05344289787552104,3,3,3,0,1.0,True
adult,laplacian_ssl,500,0.8384345037021873,0.0031003696568329604,3,0.7483521623918666,0.018738810169796363,3,0.7630735312467148,0.01080396852989347,3,0.7630735312467148,0.01080396852989347,3,0.8885834172054223,0.005949827279499889,3,0.7172668590717418,0.019278723343393218,3,0.3507570813509345,0.010390400829034469,3,15.293999999999999,1.0914310376748502,3,3,3,0,1.0,True
adult,tabiclv2_self_training,50,0.7818609888422561,0.022982396653112677,3,0.6890820412350221,0.01606188717143987,3,0.6930805184970893,0.017778090410478793,3,0.6930805184970893,0.017778090410478793,3,0.8158014286516266,0.010843336443169036,3,0.5893542899101517,0.024474661674390802,3,0.47830995024356326,0.01877623546979511,3,10.351566666666667,1.5530043346151143,3,3,3,0,1.0,True
adult,tabiclv2_self_training,100,0.82427406421674,0.004336121601088637,3,0.7297125379362198,0.003132450659586347,3,0.7432077354608433,0.001914814047117261,3,0.7432077354608433,0.001914814047117261,3,0.8628990457096458,0.013219622702279214,3,0.6780316036141009,0.016448925115142968,3,0.3928899656977914,0.03787170849864065,3,12.089233333333333,0.3999344612975152,3,3,3,0,1.0,True
adult,tabiclv2_self_training,250,0.830723035452281,0.0133879986924031,3,0.7282352168991889,0.030399493221327352,3,0.7456084780085747,0.024644937779176538,3,0.7456084780085747,0.024644937779176538,3,0.878340863306741,0.008258311364776137,3,0.690659172567397,0.037305165808800896,3,0.36549357289146917,0.014708480503160058,3,11.554066666666666,0.30863404435242364,3,3,3,0,1.0,True
adult,tabiclv2_self_training,500,0.8446787456921555,0.005205855857589364,3,0.7513328687991877,0.0010195320642090778,3,0.7696544521889724,0.0037875270142740725,3,0.7696544521889724,0.0037875270142740725,3,0.8955469302470093,0.002762051678453916,3,0.7404288823191708,0.010204294417045725,3,0.33859175612517506,0.00730836784916197,3,12.440533333333335,0.33253433406692495,3,3,3,0,1.0,True
adult,tabpfn3_self_training,50,0.7845907121165592,0.02245155907574855,3,0.6522300958188972,0.10823523128427488,3,0.6393758900625585,0.1293510301120482,3,0.6393758900625585,0.1293510301120482,3,0.837958289545829,0.016249035165283403,3,0.6258328229071901,0.038161817658707624,3,0.4448375890157901,0.031590664321516,3,16.372366666666668,3.4823988303084037,3,3,3,0,1.0,True
adult,tabpfn3_self_training,100,0.8258777766403931,0.006319305695178844,3,0.7276398046899836,0.012852084424088838,3,0.742927430806208,0.011112050727093621,3,0.742927430806208,0.011112050727093621,3,0.8587577617896068,0.01801765503468936,3,0.6731822691163566,0.0300460681573938,3,0.4115353607027951,0.05632047546204139,3,17.892066666666665,1.5436148558929235,3,3,3,0,1.0,True
adult,tabpfn3_self_training,250,0.8260142628041082,0.016107825038470185,3,0.7238697816317305,0.02963631799509461,3,0.7397677197709184,0.024268998930875533,3,0.7397677197709184,0.024268998930875533,3,0.8755979975378079,0.0111683523782748,3,0.6828453374977611,0.0336454416035772,3,0.3694849692006392,0.01990325302095006,3,15.260533333333333,0.6625482422686916,3,3,3,0,1.0,True
adult,tabpfn3_self_training,500,0.8411642269764902,0.0027263089849439578,3,0.7460912805375274,0.006692155285670852,3,0.764112400190644,0.001961022138220872,3,0.764112400190644,0.001961022138220872,3,0.8908959288873662,0.003844277979877968,3,0.7314033184465125,0.004017877835520946,3,0.3470992707521317,0.010166346325306557,3,16.841333333333335,1.4661082986373608,3,3,3,0,1.0,True
adult,unlabeled_attention_ssl,50,0.7798478179274576,0.029147206657041937,3,0.6561479958359997,0.13526125045412202,3,0.6264344962654843,0.16917988533634393,3,0.6264344962654843,0.16917988533634393,3,0.8336171918615429,0.00609641418290376,3,0.5734677391044897,0.06396380506245643,3,0.44869408269198585,0.03889382904582244,3,4.9463333333333335,0.28178944858410376,3,3,3,0,1.0,True
adult,unlabeled_attention_ssl,100,0.7927798819394685,0.02131602457195969,3,0.7565981135370414,0.02114694946617288,3,0.7351115670336018,0.004392512141561493,3,0.7351115670336018,0.004392512141561493,3,0.8430337356699408,0.009222240446208568,3,0.6298803578276027,0.00860154125671002,3,0.6363757585647929,0.20203647289897766,3,5.2357000000000005,0.2503430246681542,3,3,3,0,1.0,True
adult,unlabeled_attention_ssl,250,0.7989217593066503,0.030607935150435594,3,0.737623403633934,0.010020211156406894,3,0.7312187287822658,0.01988699688011373,3,0.7312187287822658,0.01988699688011373,3,0.8431188836353477,0.026160355486689033,3,0.6407147579752824,0.03795052718211725,3,0.6548693679635677,0.13036534970852942,3,5.928833333333333,0.05613709409413116,3,3,3,0,1.0,True
adult,unlabeled_attention_ssl,500,0.8080322107346367,0.00853645670580676,3,0.7424881095029696,0.0075022983383262664,3,0.7394567124907755,0.005162584963296125,3,0.7394567124907755,0.005162584963296125,3,0.8478300622355266,0.01685130914958497,3,0.6648557136446508,0.006190935821807837,3,0.6965798189679885,0.024870433599136457,3,7.4192,0.34020864186554656,3,3,3,0,1.0,True
bank-marketing,embedding_alignment_ssl,50,0.8809760772604962,0.003511474599737887,3,0.5317864624084462,0.05505576788430702,3,0.5184061805800221,0.0856891595293786,3,0.5184061805800221,0.0856891595293786,3,0.5853481973722784,0.20159518334405951,3,0.2019242323009108,0.12166576824727697,3,0.4399935750501687,0.06607596291661119,3,3.6652666666666662,0.1811786503242955,3,3,3,0,1.0,True
bank-marketing,embedding_alignment_ssl,100,0.875557521471488,0.012896688529946342,3,0.5507200607313887,0.08784972214974428,3,0.53110451688751,0.1076833231855442,3,0.53110451688751,0.1076833231855442,3,0.7186033279948738,0.1031494494336351,3,0.2876639729813037,0.08055373791936458,3,0.4197392606353208,0.12441772115148443,3,3.8821333333333334,0.0696132410776378,3,3,3,0,1.0,True
bank-marketing,embedding_alignment_ssl,250,0.883224593608316,0.00038306995633500727,3,0.5528750149441356,0.09158221233420648,3,0.5390481681865772,0.12144213083313896,3,0.5390481681865772,0.12144213083313896,3,0.7376458656136525,0.12209064863879307,3,0.30895554439344897,0.10510188295809404,3,0.42234940396217696,0.13368430806447448,3,3.919366666666667,0.15066188414238463,3,3,3,0,1.0,True
bank-marketing,embedding_alignment_ssl,500,0.883630063769398,0.0010853648762825768,3,0.5536512419513747,0.09292667694895168,3,0.540011284140912,0.12311029659962734,3,0.540011284140912,0.12311029659962734,3,0.7277668549134542,0.1379591928634664,3,0.31253685044941854,0.11296047646957669,3,0.42167413602326076,0.12776023447803206,3,3.8145000000000002,0.05804937553497007,3,3,3,0,1.0,True
bank-marketing,geometric_attention_ssl,50,0.8830034280659073,0.0,3,0.5,0.0,3,0.4689335212591026,0.0,3,0.4689335212591026,0.0,3,0.540613524334182,0.015062858693596996,3,0.13172142097874553,0.0061944593403289085,3,0.38336899356088855,0.007383431245532456,3,8.0834,0.1466611400473904,3,3,3,0,1.0,True
bank-marketing,geometric_attention_ssl,100,0.8830034280659073,0.0,3,0.5,0.0,3,0.4689335212591026,0.0,3,0.4689335212591026,0.0,3,0.6781138153256006,0.08467062423479729,3,0.22941347528525946,0.07046936361939968,3,0.34817486809005666,0.008934919354778924,3,9.4252,0.31628615208383704,3,3,3,0,1.0,True
bank-marketing,geometric_attention_ssl,250,0.8841829776254193,0.002043039767120167,3,0.519116676313772,0.03311105464730164,3,0.5038266026844153,0.06043658986127948,3,0.5038266026844153,0.06043658986127948,3,0.8346439586827695,0.032600809089647104,3,0.40873147155113965,0.03765816630232875,3,0.2940556153067198,0.020849906032859685,3,11.545,0.32294459277095844,3,3,3,0,1.0,True
bank-marketing,geometric_attention_ssl,500,0.8890486195584062,0.002877986110205777,3,0.5873307662958154,0.03625333504134764,3,0.611813418038953,0.044643930120200834,3,0.611813418038953,0.044643930120200834,3,0.8694473806629396,0.01891629125735676,3,0.45491451287083157,0.01611229187833178,3,0.2611285224582888,0.008144491532911316,3,14.275233333333333,0.5820230780075075,3,3,3,0,1.0,True
bank-marketing,laplacian_ssl,50,0.8830034280659073,0.0,3,0.5,0.0,3,0.4689335212591026,0.0,3,0.4689335212591026,0.0,3,0.6786378760743502,0.05966302206578851,3,0.22826253054710274,0.054603728565432184,3,0.3589052986429743,0.017267010828678944,3,7.537733333333333,0.3727440453358488,3,3,3,0,1.0,True
bank-marketing,laplacian_ssl,100,0.8830034280659073,0.0,3,0.5,0.0,3,0.4689335212591026,0.0,3,0.4689335212591026,0.0,3,0.7666548297276043,0.025967442783009147,3,0.34207871330682377,0.033980859869983455,3,0.3236069185518622,0.005498848337268432,3,7.871833333333334,0.09229693024869952,3,3,3,0,1.0,True
bank-marketing,laplacian_ssl,250,0.8834088982269895,0.0012768998544501525,3,0.5103422493103996,0.007686315850828764,3,0.49110513801487893,0.015108074359001848,3,0.49110513801487893,0.015108074359001848,3,0.8443969454384185,0.028379986459161094,3,0.42792291546657985,0.03523996072732662,3,0.28149010200306596,0.00887960111537622,3,9.469,0.2008971627475116,3,3,3,0,1.0,True
bank-marketing,laplacian_ssl,500,0.8868369641343211,0.003057235325997057,3,0.5531439699278617,0.04102315007490284,3,0.5614284806874973,0.06901571584894525,3,0.5614284806874973,0.06901571584894525,3,0.8729946548328842,0.014813564876632218,3,0.4688583254086131,0.012553812193644208,3,0.26345584778283904,0.006847437985245356,3,13.451333333333332,0.5947670328232174,3,3,3,0,1.0,True
bank-marketing,tabiclv2_self_training,50,0.8090235541302665,0.05397662757876339,3,0.5954497030703837,0.024458376457018403,3,0.5867342843904799,0.03998566330609127,3,0.5867342843904799,0.03998566330609127,3,0.7159985306412978,0.07345502770079859,3,0.2503892249598703,0.09940425799942403,3,0.4371011069659883,0.09242358787556738,3,11.101333333333335,3.1861536471635095,3,3,3,0,1.0,True
bank-marketing,tabiclv2_self_training,100,0.8730141177337903,0.01536119016317134,3,0.652319586306871,0.012652496224914685,3,0.6656036191086757,0.016506174346295876,3,0.6656036191086757,0.016506174346295876,3,0.8129096419365389,0.0418237068410468,3,0.39638276953319956,0.049792424029028656,3,0.3284410053816087,0.05794579651882797,3,13.245199999999999,2.325450603646527,3,3,3,0,1.0,True
bank-marketing,tabiclv2_self_training,250,0.8929190165505547,0.005544966103696506,3,0.6399489788469953,0.022576796891679,3,0.6716203344970381,0.021610918010136725,3,0.6716203344970381,0.021610918010136725,3,0.8775841123025647,0.013417903921469751,3,0.4955248150378106,0.04437156143513252,3,0.2596364095359271,0.005131075347848557,3,13.0638,2.365993708782844,3,3,3,0,1.0,True
bank-marketing,tabiclv2_self_training,500,0.8955730030594568,0.0016037679175647328,3,0.6517011062408683,0.006323481709094515,3,0.6849669363334371,0.003776832216909367,3,0.6849669363334371,0.003776832216909367,3,0.9015245780229865,0.004258483102737242,3,0.5228770610011532,0.012177234794817101,3,0.23493701414896492,0.0054748770459501685,3,14.270766666666667,2.0117834931555967,3,3,3,0,1.0,True
bank-marketing,tabpfn3_self_training,50,0.8344575915072432,0.07466040655686997,3,0.5550520647764653,0.0485429667141227,3,0.5449893572879997,0.07116058134864027,3,0.5449893572879997,0.07116058134864027,3,0.7132203418586913,0.07474961812462307,3,0.24306554389013066,0.08905211802815764,3,0.40968077637613803,0.1314314348775563,3,10.014533333333333,0.2515391487091688,3,3,3,0,1.0,True
bank-marketing,tabpfn3_self_training,100,0.8729772568100557,0.007050753792014513,3,0.6339866140001792,0.012914903035954857,3,0.6504336371232343,0.0073264934336763924,3,0.6504336371232343,0.0073264934336763924,3,0.8081632463831246,0.03660383213886406,3,0.3866288196255776,0.015117481815683852,3,0.32481765436401383,0.05316598929577874,3,15.267866666666668,1.1202603105231086,3,3,3,0,1.0,True
bank-marketing,tabpfn3_self_training,250,0.893324486711637,0.003742427703637337,3,0.627059459706862,0.03712647863785735,3,0.6584474990790323,0.03640315611018751,3,0.6584474990790323,0.03640315611018751,3,0.8710285392546436,0.020722681613837095,3,0.49418327959426706,0.028397432651305975,3,0.25893105158905766,0.0069841551956057735,3,18.067533333333333,3.7550142214555358,3,3,3,0,1.0,True
bank-marketing,tabpfn3_self_training,500,0.894798923661027,0.0014089361829493505,3,0.6529026739250777,0.03163212947092394,3,0.68364167723765,0.026628737401036086,3,0.68364167723765,0.026628737401036086,3,0.8948820232011897,0.00982965481271532,3,0.513398911807121,0.02004423597526365,3,0.2389743586252543,0.005593158176267426,3,14.8668,0.15445818204290696,3,3,3,0,1.0,True
bank-marketing,unlabeled_attention_ssl,50,0.8675955619447824,0.026687206958007685,3,0.5171035680874545,0.029624248918184822,3,0.49811434780592756,0.05054267418595552,3,0.49811434780592756,0.05054267418595552,3,0.650260629669919,0.22632059999047383,3,0.24361300595085866,0.1541770831671499,3,0.3533824496831181,0.06413151207296888,3,4.861,0.2069265811827958,3,3,3,0,1.0,True
bank-marketing,unlabeled_attention_ssl,100,0.8653839065206975,0.024993011069559132,3,0.6049518848155352,0.09098047452403667,3,0.5943751249310388,0.1100803854976469,3,0.5943751249310388,0.1100803854976469,3,0.781485449048093,0.04407037109372977,3,0.3562225911516494,0.02301999650741957,3,0.40757482134308826,0.1655920518732427,3,4.997966666666667,0.20387178160141106,3,3,3,0,1.0,True
bank-marketing,unlabeled_attention_ssl,250,0.8753363559290795,0.0068179756543848,3,0.6358690818757129,0.12293673840538683,3,0.6203957645775375,0.13259355948332133,3,0.6203957645775375,0.13259355948332133,3,0.8028091621064859,0.02472319710504747,3,0.3987075661641639,0.06636827399377963,3,0.37695736745704655,0.06445779136442668,3,5.497233333333334,0.48485212522307614,3,3,3,0,1.0,True
bank-marketing,unlabeled_attention_ssl,500,0.8793173356924324,0.0015690808104827135,3,0.670921099304422,0.008475781439009593,3,0.6841597761635141,0.0048009652303129475,3,0.6841597761635141,0.0048009652303129475,3,0.8027748547114371,0.02035047271470094,3,0.41938232751558235,0.013549248551312313,3,0.6531883648036979,0.08139287828949321,3,6.975933333333333,0.11172131995878537,3,3,3,0,1.0,True
electricity,embedding_alignment_ssl,50,0.5770348302622383,0.002822458353444395,3,0.5305732155564371,0.034697243538211776,3,0.46972880236219633,0.08829837409987056,3,0.46972880236219633,0.08829837409987056,3,0.6036926455550616,0.013319972737708428,3,0.5096280705461133,0.0036269303589485605,3,0.6836389898586294,0.00889344979952262,3,3.4489,0.24781361948044725,3,3,3,0,1.0,True
electricity,embedding_alignment_ssl,100,0.5964912280701754,0.039332472151332835,3,0.5552453358661412,0.09708727285161621,3,0.4592274407369299,0.15672050550048053,3,0.4592274407369299,0.15672050550048053,3,0.5939277641458849,0.21152362315492654,3,0.5343779430314216,0.18738425410877244,3,0.6659427975554155,0.03797190890503134,3,3.257633333333333,0.20772819580724552,3,3,3,0,1.0,True
electricity,embedding_alignment_ssl,250,0.5976681746294458,0.0385409812269363,3,0.5554278714513613,0.09600388950915437,3,0.4571335103294312,0.15915169997635986,3,0.4571335103294312,0.15915169997635986,3,0.609515778223832,0.22034191161750422,3,0.5500568988478275,0.19296019135664128,3,0.6637065750178466,0.038381519289118815,3,3.319733333333333,0.1697257886513812,3,3,3,0,1.0,True
electricity,embedding_alignment_ssl,500,0.5951671631909964,0.037499591107496566,3,0.5525166788589607,0.09355911461506852,3,0.4561661747326225,0.15714319775102947,3,0.4561661747326225,0.15714319775102947,3,0.5726972012206911,0.20312442599793723,3,0.5155798851541533,0.18523276142055686,3,0.6692967311854737,0.036790682951083266,3,3.311,0.2745744161425096,3,3,3,0,1.0,True
electricity,geometric_attention_ssl,50,0.607635440803266,0.03827084521371262,3,0.5531213518629626,0.07023364482801893,3,0.4744223049807417,0.1408097604196047,3,0.4744223049807417,0.1408097604196047,3,0.6992334136629438,0.008233096926382513,3,0.6416201038518498,0.0007398574038436768,3,0.6592786165687651,0.014998793797338488,3,9.4313,0.841208630483544,3,3,3,0,1.0,True
electricity,geometric_attention_ssl,100,0.6653058222075104,0.05921319337498439,3,0.6292666717163361,0.08848369218805566,3,0.5981301380618017,0.14656443117790466,3,0.5981301380618017,0.14656443117790466,3,0.7422342893819404,0.03740135366808093,3,0.6901184470251348,0.05267811071095838,3,0.6050979241182114,0.059344755604448095,3,10.240033333333335,0.17044548493091088,3,3,3,0,1.0,True
electricity,geometric_attention_ssl,250,0.7145536797969768,0.030131770505177922,3,0.6941537119389469,0.02583593544913757,3,0.6966499532460319,0.026442848627566178,3,0.6966499532460319,0.026442848627566178,3,0.7801162619954566,0.033608830666887295,3,0.7424043255431623,0.041162275778189594,3,0.5639549504380211,0.025684127918569215,3,11.673233333333334,0.5875263767128529,3,3,3,0,1.0,True
electricity,geometric_attention_ssl,500,0.7538710507926,0.007936978820126202,3,0.7394216567035358,0.010771349602828918,3,0.7422186915445611,0.010056131552495356,3,0.7422186915445611,0.010056131552495356,3,0.8183107078241306,0.005117677021669235,3,0.7848736515468699,0.01023274644917359,3,0.5167066276093587,0.011258591224272073,3,14.691933333333333,0.8036321878405163,3,3,3,0,1.0,True
electricity,laplacian_ssl,50,0.6668873441465298,0.01870200956021822,3,0.642720984499508,0.019603295816197328,3,0.6392375898298436,0.023303531590493372,3,0.6392375898298436,0.023303531590493372,3,0.7295662632910954,0.02380066194812313,3,0.6800201302812151,0.024110743523586955,3,0.6383501380942548,0.03509281301602547,3,8.862433333333334,0.7708682399303617,3,3,3,0,1.0,True
electricity,laplacian_ssl,100,0.6739122439221744,0.05123619912634632,3,0.633781848630842,0.07407405813938402,3,0.6085867621706297,0.11950350944301201,3,0.6085867621706297,0.11950350944301201,3,0.7504658735363433,0.034057590974012585,3,0.707309240964746,0.03311469040826554,3,0.6025842571772756,0.050783175286277814,3,9.130366666666667,0.6659073308902176,3,3,3,0,1.0,True
electricity,laplacian_ssl,250,0.7149214755967487,0.03135452182277799,3,0.697130010385044,0.03651767582124529,3,0.699428693563457,0.03703213390901969,3,0.699428693563457,0.03703213390901969,3,0.7770596588549609,0.02758383007349301,3,0.7366244912518818,0.034680932768508255,3,0.5571639650249652,0.026500142863029964,3,10.717366666666665,1.1475790793375993,3,3,3,0,1.0,True
electricity,laplacian_ssl,500,0.7539813895325316,0.006949005011889454,3,0.7373830852018771,0.007089498077560409,3,0.7412946771608793,0.007229781439267874,3,0.7412946771608793,0.007229781439267874,3,0.8235433696843093,0.00932012811773704,3,0.7913377445518539,0.011828553687121173,3,0.5070201537044464,0.009264602711998528,3,16.619033333333334,1.2835951126945506,3,3,3,0,1.0,True
electricity,tabiclv2_self_training,50,0.6804222295781382,0.06328100690158532,3,0.6773137203506331,0.051594052257676166,3,0.6745311009611182,0.05737569587669653,3,0.6745311009611182,0.05737569587669653,3,0.7551847979700329,0.042549526024662644,3,0.7121843631534913,0.04389063165213798,3,0.6932530713581362,0.10676710585141486,3,8.330866666666667,1.6633572566749857,3,3,3,0,1.0,True
electricity,tabiclv2_self_training,100,0.7302585604472397,0.014824178413100512,3,0.7175869190969862,0.021166497748125627,3,0.7192528212071424,0.020238512683143868,3,0.7192528212071424,0.020238512683143868,3,0.7979737536784516,0.006261030459010052,3,0.7584568002092315,0.01093303655900079,3,0.559944749831535,0.03682811724332148,3,8.951233333333333,1.2684262861251867,3,3,3,0,1.0,True
electricity,tabiclv2_self_training,250,0.7693552539629996,0.006866167397280202,3,0.7566684872053999,0.006509581643782031,3,0.75988674128415,0.0066842965839459525,3,0.75988674128415,0.0066842965839459525,3,0.8405554569984099,0.007639285238064584,3,0.8001608340475498,0.016581357386964465,3,0.4938303683019971,0.01430126211234417,3,9.826066666666668,0.5958018154834152,3,3,3,0,1.0,True
electricity,tabiclv2_self_training,500,0.7828533598146309,0.007723711795211283,3,0.7698507158238702,0.008473480436850485,3,0.7735087466894482,0.008325513581304147,3,0.7735087466894482,0.008325513581304147,3,0.8595907010336541,0.005991095728386323,3,0.8280220832186632,0.003907486380155575,3,0.4591782949254098,0.007038477042133822,3,10.128066666666667,0.11549113963128733,3,3,3,0,1.0,True
electricity,tabpfn3_self_training,50,0.7197396005737614,0.014823630890351894,3,0.7110011451454404,0.012283641191456647,3,0.7114029976999858,0.012881142537468476,3,0.7114029976999858,0.012881142537468476,3,0.7866390396591738,0.02460062082902537,3,0.7636603194011999,0.01085719305148292,3,0.5744951989154922,0.04928795618483126,3,13.252866666666668,0.7237491439258036,3,3,3,0,1.0,True
electricity,tabpfn3_self_training,100,0.7471036080767958,0.011071875418665963,3,0.729839958699019,0.008608821034252636,3,0.7322975899847464,0.007855319355117402,3,0.7322975899847464,0.007855319355117402,3,0.8136734252506065,0.008487104083892713,3,0.7857325699154748,0.011540209253294867,3,0.5280119419120518,0.02589168362355981,3,13.031933333333333,3.325670009687271,3,3,3,0,1.0,True
electricity,tabpfn3_self_training,250,0.7649417043657362,0.006621550268398402,3,0.7472361448032588,0.005756178725420366,3,0.7518052028016382,0.006193185448718606,3,0.7518052028016382,0.006193185448718606,3,0.842776547474534,0.008447399512896112,3,0.8050111845439499,0.012050993744061893,3,0.49645405603677856,0.004839008533233031,3,12.967566666666665,0.6120734133527881,3,3,3,0,1.0,True
electricity,tabpfn3_self_training,500,0.7835521718341977,0.005615725190428242,3,0.7691295848175043,0.005741060143552802,3,0.7734029476793968,0.005870610381149431,3,0.7734029476793968,0.005870610381149431,3,0.860400624830155,0.005649047025428092,3,0.8274360307330187,0.004128315970763917,3,0.460540530560763,0.00632355448179945,3,14.047766666666666,0.8025092169771842,3,3,3,0,1.0,True
electricity,unlabeled_attention_ssl,50,0.664680569347898,0.020491243831488457,3,0.6597864089474829,0.014216486838207653,3,0.6562292025666786,0.012972085244757188,3,0.6562292025666786,0.012972085244757188,3,0.7333511566733043,0.016786232466429477,3,0.6824954392672508,0.03611935495395314,3,0.6377609701199662,0.03841905912301573,3,4.534199999999999,0.1917725997112205,3,3,3,0,1.0,True
electricity,unlabeled_attention_ssl,100,0.6779947772996433,0.08902403693590498,3,0.644822585510505,0.1255653115900035,3,0.6013193264356592,0.20453492613667243,3,0.6013193264356592,0.20453492613667243,3,0.7207599885452235,0.10793407695196269,3,0.6715854973593078,0.1341517215393338,3,0.7147553929095919,0.04638354436429268,3,4.6325,0.14112515721869037,3,3,3,0,1.0,True
electricity,unlabeled_attention_ssl,250,0.7440141233587113,0.00823410932662727,3,0.7205931002910869,0.01460305290958228,3,0.7242820338396978,0.0153736566930053,3,0.7242820338396978,0.0153736566930053,3,0.8025393442339751,0.015163148892903289,3,0.7669281228260187,0.013212021035176266,3,0.5755337880580202,0.024014323861456785,3,5.6875,0.15416303058775144,3,3,3,0,1.0,True
electricity,unlabeled_attention_ssl,500,0.7335319430652102,0.009561346830360805,3,0.7264372538701398,0.005958890662886323,3,0.7265553368887159,0.0072971325849944,3,0.7265553368887159,0.0072971325849944,3,0.8066188625752383,0.008368778247792344,3,0.7688632418802399,0.011816330010745365,3,0.625828967980787,0.027786364721933406,3,6.623366666666667,0.04802294590436229,3,3,3,0,1.0,True
jannis,embedding_alignment_ssl,50,0.4537131028442905,0.09186881239453987,3,0.32641474828603106,0.02369652686591851,3,0.3048291516013819,0.05716061149416262,3,0.3048291516013819,0.05716061149416262,3,0.651620089483056,0.03437292814513236,3,,,0,1.1781899531263675,0.09954691550206875,3,4.164333333333333,0.3710456755351468,3,3,3,0,1.0,True
jannis,embedding_alignment_ssl,100,0.5137238510379969,0.04953097438557948,3,0.36671736909763997,0.025827485195644838,3,0.35025091500806643,0.020091460328529504,3,0.35025091500806643,0.020091460328529504,3,0.6985687936804044,0.034841168607774045,3,,,0,1.0705974429907574,0.07069313366857934,3,4.370866666666667,0.19430168124165403,3,3,3,0,1.0,True
jannis,embedding_alignment_ssl,250,0.5219840369419398,0.060058271368520405,3,0.3607900558010393,0.03243470034150047,3,0.3466878738451135,0.04167011906698308,3,0.3466878738451135,0.04167011906698308,3,0.7106042844897192,0.03670943936341518,3,,,0,1.0371679624245926,0.07139156659320557,3,4.297899999999999,0.11934659609724953,3,3,3,0,1.0,True
jannis,embedding_alignment_ssl,500,0.5540693855615931,0.015217472558147028,3,0.3499280759086513,0.01583379331505231,3,0.3409123954954663,0.02186177444373418,3,0.3409123954954663,0.02186177444373418,3,0.7240091252955345,0.01402817747265693,3,,,0,0.9972568904556284,0.00893937792122051,3,4.127066666666667,0.2591316332162733,3,3,3,0,1.0,True
jannis,geometric_attention_ssl,50,0.49666606954479403,0.02876803625098492,3,0.287955236474571,0.033983353099550626,3,0.2321547795709004,0.05938786716294324,3,0.2321547795709004,0.05938786716294324,3,0.655030901278868,0.019741165356865757,3,,,0,1.102805389170454,0.035157404301777176,3,14.733666666666666,0.42099817497624986,3,3,3,0,1.0,True
jannis,geometric_attention_ssl,100,0.5361955375092057,0.006510089095771085,3,0.3277849752006024,0.010833232031476533,3,0.2954064518248096,0.014413084077978967,3,0.2954064518248096,0.014413084077978967,3,0.7060782785974805,0.003088753839750496,3,,,0,1.0026501387727345,0.017461670953905606,3,14.907066666666665,0.343311845605905,3,3,3,0,1.0,True
jannis,geometric_attention_ssl,250,0.5540892896240123,0.011500501125402145,3,0.3501019540845362,0.01753867495098622,3,0.3333260402984288,0.033970042840869644,3,0.3333260402984288,0.033970042840869644,3,0.719789133726478,0.009484991625724951,3,,,0,0.9666553103530373,0.013994265237419042,3,17.1477,0.3651669618133595,3,3,3,0,1.0,True
jannis,geometric_attention_ssl,500,0.5686391592524034,0.024066011665800077,3,0.3685867524924078,0.029856743666792317,3,0.3564642433369878,0.05016058809159545,3,0.3564642433369878,0.05016058809159545,3,0.7298177130542499,0.02643094766045573,3,,,0,0.9368559894868943,0.024345784703236936,3,18.625733333333333,1.3667449445062292,3,3,3,0,1.0,True
jannis,laplacian_ssl,50,0.5198144941382536,0.0069230952999847824,3,0.32317455016365876,0.018272870867027308,3,0.28916821025912903,0.01740660393070105,3,0.28916821025912903,0.01740660393070105,3,0.6850201489251667,0.012880642310868013,3,,,0,1.1027936175760418,0.02667505605892718,3,12.979933333333333,0.2923689849032103,3,3,3,0,1.0,True
jannis,laplacian_ssl,100,0.5306423040942656,0.012633373561719386,3,0.3232057953217686,0.0021871037783193384,3,0.29017266140612524,0.006131620442914863,3,0.29017266140612524,0.006131620442914863,3,0.7121134132886344,0.0022335763686846893,3,,,0,1.041881141058351,0.009152034085845744,3,13.503066666666667,0.20455982824917873,3,3,3,0,1.0,True
jannis,laplacian_ssl,250,0.5731772854839673,0.007907976930961225,3,0.3858443733597349,0.009081323846144927,3,0.38814411212631333,0.01103282205202656,3,0.38814411212631333,0.01103282205202656,3,0.7237602560842532,0.010450130637464644,3,,,0,0.9567103566027507,0.011723133359472624,3,15.7296,0.39586256453471264,3,3,3,0,1.0,True
jannis,laplacian_ssl,500,0.5859357894946359,0.011649897213419056,3,0.3856657701318437,0.006881852460216808,3,0.38554203381991115,0.007269575012603071,3,0.38554203381991115,0.007269575012603071,3,0.7478283245315677,0.009805928224897035,3,,,0,0.9212261312000128,0.01616473100981083,3,20.9648,0.9457997303869371,3,3,3,0,1.0,True
jannis,tabiclv2_self_training,50,0.5192372763280986,0.011451099629630724,3,0.3851687085584765,0.014811476107945165,3,0.37900054922459714,0.016079103558722024,3,0.37900054922459714,0.016079103558722024,3,0.670223073947993,0.04375468560388969,3,,,0,1.1695172247853736,0.04987433473038155,3,36.2753,13.913731698936848,3,3,3,0,1.0,True
jannis,tabiclv2_self_training,100,0.537668438128222,0.016058730285856727,3,0.3913891829304343,0.023039042967318235,3,0.3868867973940799,0.017058611773399034,3,0.3868867973940799,0.017058611773399034,3,0.6967650058424728,0.030979870732630005,3,,,0,1.0605923751244217,0.08297982862043157,3,37.028933333333335,8.319283244567005,3,3,3,0,1.0,True
jannis,tabiclv2_self_training,250,0.6147170637527118,0.025788291966568153,3,0.4452784217119085,0.016738508884410655,3,0.44740654646016065,0.017950024246960586,3,0.44740654646016065,0.017950024246960586,3,0.7730227501810886,0.019140128788372925,3,,,0,0.8902135620514633,0.03711230978991355,3,45.17316666666667,0.6763447740119926,3,3,3,0,1.0,True
jannis,tabiclv2_self_training,500,0.6459465376883422,0.012251964982913713,3,0.46713650508417354,0.008906141152577245,3,0.47171910588420024,0.01053663175454799,3,0.47171910588420024,0.01053663175454799,3,0.805583658429429,0.010616862291801601,3,,,0,0.8421565425582335,0.048713558064990045,3,41.256499999999996,7.027670455421201,3,3,3,0,1.0,True
jannis,tabpfn3_self_training,50,0.5302442228458828,0.01142189726972737,3,0.35468651295085846,0.016714906027774527,3,0.34788879291319413,0.013686419549512252,3,0.34788879291319413,0.013686419549512252,3,0.6714585530198517,0.06038833578956101,3,,,0,1.0712534203334254,0.038819078564997486,3,17.5598,0.4840422605516996,3,3,3,0,1.0,True
jannis,tabpfn3_self_training,100,0.5652355645787305,0.005149462151394359,3,0.39675294766262015,0.03383381420758424,3,0.3857632091826064,0.022399585635040117,3,0.3857632091826064,0.022399585635040117,3,0.7144996602305156,0.019356691365226688,3,,,0,0.9882073829662144,0.027332283354392948,3,26.661433333333335,8.385914996786775,3,3,3,0,1.0,True
jannis,tabpfn3_self_training,250,0.5995899763141658,0.022336854622424716,3,0.4281769476612236,0.015135383630598343,3,0.4280698243451653,0.017757168776996287,3,0.4280698243451653,0.017757168776996287,3,0.7589397005238324,0.010010088359248246,3,,,0,0.897625849803089,0.0186953812220926,3,26.372566666666668,0.10187248565404278,3,3,3,0,1.0,True
jannis,tabpfn3_self_training,500,0.640512728647917,0.0034536846363319314,3,0.45597743324426193,0.0055087153712903136,3,0.46009181516724706,0.001831269143218406,3,0.46009181516724706,0.001831269143218406,3,0.8028207798981318,0.0018125095838811953,3,,,0,0.8323168855088606,0.0042915380634285785,3,27.30916666666667,0.218550734003192,3,3,3,0,1.0,True
jannis,unlabeled_attention_ssl,50,0.500069664218467,0.029077403282173335,3,0.31274257727069305,0.02691974113490861,3,0.2921451882694875,0.03509404477919181,3,0.2921451882694875,0.03509404477919181,3,0.6442672182627279,0.04612654891659281,3,,,0,1.0814310949604797,0.033182147620680516,3,7.316299999999999,0.4281031534572012,3,3,3,0,1.0,True
jannis,unlabeled_attention_ssl,100,0.5074341673135486,0.018079584232641867,3,0.3613993291158876,0.0217908523161533,3,0.36038375702372544,0.01892640942990271,3,0.36038375702372544,0.01892640942990271,3,0.6560648910911276,0.04042016476234416,3,,,0,1.2128404611808508,0.13189396044690185,3,8.0859,0.17023046143390438,3,3,3,0,1.0,True
jannis,unlabeled_attention_ssl,250,0.5211082581954977,0.012018181012278837,3,0.37609468746948255,0.005889038949082277,3,0.3726275468859018,0.008852920688417911,3,0.3726275468859018,0.008852920688417911,3,0.6646854975556405,0.02184896508496288,3,,,0,1.7904563395050734,0.27438425897563773,3,9.050866666666666,0.16914302626278638,3,3,3,0,1.0,True
jannis,unlabeled_attention_ssl,500,0.5313190422165164,0.019683386868397473,3,0.384095135998096,0.012605294612472858,3,0.3857836035325453,0.012558351932023258,3,0.3857836035325453,0.012558351932023258,3,0.6793376779239263,0.015654685319340708,3,,,0,2.1740119697641824,0.43545968988101347,3,11.481066666666669,0.19025368152373132,3,3,3,0,1.0,True
phoneme,embedding_alignment_ssl,50,0.7360468701819304,0.0383913080517293,3,0.6723771064902747,0.05540538498738772,3,0.6705457329182618,0.05216054723589536,3,0.6705457329182618,0.05216054723589536,3,0.7940869627451952,0.01965969962531625,3,0.5671549275167801,0.03130058100157684,3,0.5206779617840215,0.05675682214649825,3,3.3359666666666663,0.019289980127862674,3,3,3,0,1.0,True
phoneme,embedding_alignment_ssl,100,0.7446808510638299,0.010425002469551034,3,0.6551067765537516,0.029066043348722096,3,0.6640108925972582,0.02702770259294025,3,0.6640108925972582,0.02702770259294025,3,0.8037158460920167,0.010711092129557745,3,0.5722452939946393,0.007079094707070893,3,0.4799644851014961,0.016023150275737735,3,3.2101666666666664,0.3089155601994394,3,3,3,0,1.0,True
phoneme,embedding_alignment_ssl,250,0.7434474252235584,0.0026704452783978946,3,0.6317784806293734,0.004620523922553917,3,0.6424585811976845,0.004833529333688641,3,0.6424585811976845,0.004833529333688641,3,0.8045320164500306,0.01347598035193442,3,0.57941990872895,0.02704360810406305,3,0.4831685829431227,0.015442486293941791,3,3.404533333333333,0.0014011899704655776,3,3,3,0,1.0,True
phoneme,embedding_alignment_ssl,500,0.7446808510638298,0.005550416281221104,3,0.6304977951013262,0.017080531909958417,3,0.639974227954188,0.01855740549920522,3,0.639974227954188,0.01855740549920522,3,0.8069846565478058,0.012084209269322091,3,0.588317440623892,0.01764491579174192,3,0.4829578089933791,0.018099622277878816,3,3.3894333333333333,0.06270999388720526,3,3,3,0,1.0,True
phoneme,geometric_attention_ssl,50,0.7126117792167745,0.010958591208089324,3,0.5121427706299789,0.02079989899901215,3,0.44037528345742377,0.04319497151898685,3,0.44037528345742377,0.04319497151898685,3,0.7953972396099999,0.004946822602505328,3,0.5811113551171497,0.03773096796513062,3,0.5652194593163625,0.0736614621495272,3,4.627133333333333,0.1876395036588334,3,3,3,0,1.0,True
phoneme,geometric_attention_ssl,100,0.7711995066296639,0.0291995821181871,3,0.6923244201474336,0.10096986089437635,3,0.687930846505097,0.09833622564437823,3,0.687930846505097,0.09833622564437823,3,0.8127831822110646,0.014628287506200092,3,0.5987273750738811,0.014207258508274425,3,0.4715677791205078,0.017013584074244893,3,5.6251,0.10283671523342232,3,3,3,0,1.0,True
phoneme,geometric_attention_ssl,250,0.7789084181313598,0.0115910861111394,3,0.7310002972897088,0.017677597778496444,3,0.7319445229632309,0.01567072062399119,3,0.7319445229632309,0.01567072062399119,3,0.8213977020606581,0.024012188806364004,3,0.6004144715520502,0.039147556454212265,3,0.4557985469488473,0.021991766842830898,3,7.858933333333334,0.9095393577703683,3,3,3,0,1.0,True
phoneme,geometric_attention_ssl,500,0.786308973172988,0.018056633946293386,3,0.7254694699985135,0.03229659527133475,3,0.7323357977652822,0.02910137829312319,3,0.7323357977652822,0.02910137829312319,3,0.8522332513033953,0.01073379435228017,3,0.6614139859990943,0.046876494343250585,3,0.431184529576966,0.016643999980942827,3,10.727233333333333,0.5893393278352745,3,3,3,0,1.0,True
phoneme,laplacian_ssl,50,0.759790317607154,0.01532193431859985,3,0.6737940498015317,0.041815914202573655,3,0.6829928413007775,0.04047516204207462,3,0.6829928413007775,0.04047516204207462,3,0.80855230922534,0.014648953598810164,3,0.5927015845694733,0.0393853572878125,3,0.4978759758109223,0.016220140387209675,3,3.7386,0.20865303736106972,3,3,3,0,1.0,True
phoneme,laplacian_ssl,100,0.7588652482269503,0.028756616545258767,3,0.6722167627352856,0.07332223634276737,3,0.6777568676589086,0.06503494766185505,3,0.6777568676589086,0.06503494766185505,3,0.814624726796263,0.014598096889851368,3,0.5950376105532661,0.01747019574420172,3,0.4695617830470972,0.01793994370045676,3,3.7705,0.24056340120641792,3,3,3,0,1.0,True
phoneme,laplacian_ssl,250,0.7764415664508171,0.006018877982097787,3,0.7237180757648328,0.01075617762422866,3,0.7264782588889925,0.007730546175460835,3,0.7264782588889925,0.007730546175460835,3,0.8300480067826097,0.015137769313776448,3,0.6005462470191962,0.040239546049767455,3,0.447170249611055,0.01417027435257984,3,3.570766666666666,0.07006014083152655,3,3,3,0,1.0,True
phoneme,laplacian_ssl,500,0.7856922602528522,0.0075342532981008715,3,0.722572271678751,0.01597737996082428,3,0.7304960942939621,0.011748915315137397,3,0.7304960942939621,0.011748915315137397,3,0.8502155350388954,0.01566973972629507,3,0.6568101093742201,0.05005131473643362,3,0.4296835163864521,0.01988690485794495,3,4.705466666666667,0.23858887931614367,3,3,3,0,1.0,True
phoneme,tabiclv2_self_training,50,0.7761332099907493,0.011215870169271162,3,0.7296521710406791,0.032283054598693066,3,0.727638911280743,0.01840085448566243,3,0.727638911280743,0.01840085448566243,3,0.8376550448411977,0.023991841899241823,3,0.6363807357669243,0.05294185863137217,3,0.4968288064581286,0.075386608463183,3,4.6558,0.4914683204439529,3,3,3,0,1.0,True
phoneme,tabiclv2_self_training,100,0.7967930928152945,0.01619091654989223,3,0.7574955544177802,0.01720190465300132,3,0.7558305253070268,0.014107598289519128,3,0.7558305253070268,0.014107598289519128,3,0.8671816935603746,0.021708258147830176,3,0.701917641291799,0.04427290108979747,3,0.43021848852128447,0.04494482224225061,3,5.2069,0.4045442744620171,3,3,3,0,1.0,True
phoneme,tabiclv2_self_training,250,0.8193031144002467,0.00874341466466719,3,0.7851097769776647,0.002025386453232599,3,0.7833726006151819,0.0066037114443975664,3,0.7833726006151819,0.0066037114443975664,3,0.8894385078258763,0.009057811736581186,3,0.7405710570594856,0.0032186212356657747,3,0.3838857503095133,0.025537261701519702,3,5.462866666666667,0.41956670903842336,3,3,3,0,1.0,True
phoneme,tabiclv2_self_training,500,0.8304039469626888,0.010520334325767522,3,0.7926555678508707,0.00847524173292599,3,0.7943279967414822,0.010964281749197873,3,0.7943279967414822,0.010964281749197873,3,0.9059408393479447,0.00623454144820141,3,0.773346407179735,0.013792396550934297,3,0.3493634481575853,0.005237707547525804,3,5.209266666666667,0.3656346035775788,3,3,3,0,1.0,True
phoneme,tabpfn3_self_training,50,0.7644156645081716,0.005874979612475332,3,0.7041361807081001,0.05920803869398195,3,0.7026325596258439,0.044556142200271986,3,0.7026325596258439,0.044556142200271986,3,0.8214830352178198,0.024856532314179915,3,0.6014991802326076,0.029982645349521164,3,0.5080663255173025,0.04237476653324656,3,9.719933333333334,1.881190964079228,3,3,3,0,1.0,True
phoneme,tabpfn3_self_training,100,0.797718162195498,0.02144352593365861,3,0.7729153935510155,0.008528892407518049,3,0.7632275342047655,0.010543689341579064,3,0.7632275342047655,0.010543689341579064,3,0.8656002774703948,0.01691775255798075,3,0.6957406144949645,0.03323432659250519,3,0.43646485715101385,0.03819779681008212,3,9.6193,0.06635932489108093,3,3,3,0,1.0,True
phoneme,tabpfn3_self_training,250,0.8162195497995683,0.012961979375259761,3,0.7856967865184622,0.004719489179364151,3,0.7815520746694706,0.010907912787044956,3,0.7815520746694706,0.010907912787044956,3,0.8917727825766208,0.007297297289579909,3,0.7401811832905955,0.025502665578527747,3,0.3802015080070429,0.01792092006598884,3,9.980566666666666,1.0942072579421744,3,3,3,0,1.0,True
phoneme,tabpfn3_self_training,500,0.8325624421831638,0.0057770564277506,3,0.7969511288750888,0.007564896886791979,3,0.7975303514687243,0.005341653087515285,3,0.7975303514687243,0.005341653087515285,3,0.9098124872688436,0.0004439484638821351,3,0.7772279620331687,0.027465920449126453,3,0.3505218347172916,0.006981187298408592,3,10.049666666666667,0.36789286937005583,3,3,3,0,1.0,True
phoneme,unlabeled_attention_ssl,50,0.7637989515880358,0.027353494953617098,3,0.6984704719749395,0.08396354265366442,3,0.6969828301689741,0.06882470971941587,3,0.6969828301689741,0.06882470971941587,3,0.814452684140695,0.014672908252127819,3,0.5790210525172187,0.015754623104270272,3,0.4809858452975324,0.01067790370633968,3,4.9492,2.8430111906216617,3,3,3,0,1.0,True
phoneme,unlabeled_attention_ssl,100,0.7733580018501387,0.021871582641141352,3,0.7439922704675707,0.04885169992634405,3,0.7329544779087683,0.03358289022236448,3,0.7329544779087683,0.03358289022236448,3,0.8179430855368556,0.018219206220231397,3,0.6109740568977998,0.016001805216671775,3,0.5108739437903714,0.08035946597626398,3,4.951366666666666,2.9026711186996943,3,3,3,0,1.0,True
phoneme,unlabeled_attention_ssl,250,0.7897008942337341,0.005260167162883791,3,0.7657054299414779,0.006853183239914831,3,0.7552467595883768,0.001706441924034817,3,0.7552467595883768,0.001706441924034817,3,0.836070876068729,0.015454813019100974,3,0.6203116845704949,0.05250537112767396,3,0.4559589233804478,0.009390495904099582,3,4.058533333333333,0.8486781506161998,3,3,3,0,1.0,True
phoneme,unlabeled_attention_ssl,500,0.799568300955905,0.016164467988999245,3,0.7748395186108863,0.021798133204732353,3,0.7653412249091147,0.01637892527286804,3,0.7653412249091147,0.01637892527286804,3,0.8666710709586493,0.015748761942092418,3,0.6892300658755524,0.024268863854469896,3,0.431536972930775,0.01883741005026688,3,4.677966666666666,0.676953893063134,3,3,3,0,1.0,True
satimage,embedding_alignment_ssl,50,0.7594608605495076,0.03811322204808975,3,0.6664463295561038,0.04728889548116434,3,0.6244793034895316,0.06700019585386577,3,0.6244793034895316,0.06700019585386577,3,0.9492728300134058,0.009584879367161117,3,,,0,0.759991158632099,0.05228678240110773,3,3.562,0.27497207130906953,3,3,3,0,1.0,True
satimage,embedding_alignment_ssl,100,0.7558320373250389,0.017578000863852764,3,0.6640714050096513,0.025410857857190276,3,0.626789099109653,0.030389074547998392,3,0.626789099109653,0.030389074547998392,3,0.9543070231857045,0.0031184858849417256,3,,,0,0.7330505896860685,0.03736638135444297,3,3.5013666666666663,0.2895959656717155,3,3,3,0,1.0,True
satimage,embedding_alignment_ssl,250,0.7669777086573354,0.00448950442604687,3,0.6808362949130058,0.004028604377954967,3,0.6453987975984364,0.0024250316849824824,3,0.6453987975984364,0.0024250316849824824,3,0.955027638611968,0.002832049134082682,3,,,0,0.729427872351188,0.036855860082977615,3,3.5899666666666668,0.2880896793245695,3,3,3,0,1.0,True
satimage,embedding_alignment_ssl,500,0.7573872472783826,0.012729942102445452,3,0.6679852005240005,0.016302193320276916,3,0.631283514730621,0.016264980581163116,3,0.631283514730621,0.016264980581163116,3,0.9549703829261565,0.003087726130093997,3,,,0,0.7283639141796816,0.03169097841492621,3,3.6048333333333336,0.21776736057851592,3,3,3,0,1.0,True
satimage,geometric_attention_ssl,50,0.6324520476931053,0.08734249804809043,3,0.5406836898313698,0.06802396486640641,3,0.47480552940426857,0.08027130367914946,3,0.47480552940426857,0.08027130367914946,3,0.9057205147658935,0.024037140822490106,3,,,0,1.4112196234799061,0.04849686682547366,3,5.624466666666667,0.7869001037827694,3,3,3,0,1.0,True
satimage,geometric_attention_ssl,100,0.6868843960601348,0.05616727104523313,3,0.5859187856407164,0.04596940387867049,3,0.5302674135562603,0.05129674587314843,3,0.5302674135562603,0.05129674587314843,3,0.9148450268545222,0.029087380761435837,3,,,0,0.9475355037627589,0.05878442961917445,3,6.077466666666666,0.715160823405011,3,3,3,0,1.0,True
satimage,geometric_attention_ssl,250,0.8089683773976154,0.01508500210155669,3,0.7201577573139839,0.02927303695403525,3,0.7020646501806308,0.0370092140700221,3,0.7020646501806308,0.0370092140700221,3,0.9563471877573808,0.0029609314024631886,3,,,0,0.5368108753610871,0.031225183244018347,3,7.9876000000000005,0.08811293889094872,3,3,3,0,1.0,True
satimage,geometric_attention_ssl,500,0.8240020736132712,0.00921169292064113,3,0.7584784866943547,0.016543370635904026,3,0.7532911308736424,0.016722217977988528,3,0.7532911308736424,0.016722217977988528,3,0.9659909862658114,0.00353401415699097,3,,,0,0.46375554535336283,0.04191195061964678,3,10.228666666666667,0.9886694155951905,3,3,3,0,1.0,True
satimage,laplacian_ssl,50,0.6905132192846034,0.0747593484866037,3,0.5948747804759308,0.06594942138711422,3,0.5372543991471822,0.08227402997645838,3,0.5372543991471822,0.08227402997645838,3,0.9243181533357255,0.029066424084069273,3,,,0,1.0715311899816553,0.07010945574080492,3,3.694433333333333,0.4125332269446103,3,3,3,0,1.0,True
satimage,laplacian_ssl,100,0.713063763608087,0.059077511394160426,3,0.6123832658083249,0.05187713410680318,3,0.5573431067855156,0.06800177604142287,3,0.5573431067855156,0.06800177604142287,3,0.923677511914384,0.022902960416724617,3,,,0,1.0075303733498513,0.07682350181315419,3,3.8096333333333336,0.0807563207020562,3,3,3,0,1.0,True
satimage,laplacian_ssl,250,0.8087091757387247,0.017509067261582717,3,0.7121486079652235,0.027457935744042396,3,0.6850188014808732,0.02997326334698682,3,0.6850188014808732,0.02997326334698682,3,0.957801859742081,0.0060425675014204325,3,,,0,0.6145223567289051,0.0715531253312317,3,3.7085333333333335,0.3354890360851353,3,3,3,0,1.0,True
satimage,laplacian_ssl,500,0.8258164852255053,0.006734256639070304,3,0.7448038572984371,0.00841184483823567,3,0.7280807814402485,0.006564794543576212,3,0.7280807814402485,0.006564794543576212,3,0.9712501643171363,0.0003577921678977823,3,,,0,0.4833006102258375,0.020855573911525815,3,4.726666666666667,0.29442836706630926,3,3,3,0,1.0,True
satimage,tabiclv2_self_training,50,0.8123379989631934,0.018748720912415903,3,0.7666636575707181,0.03351579767089438,3,0.7628516624304371,0.034339484555563383,3,0.7628516624304371,0.034339484555563383,3,0.9605685546864926,0.007657504071205336,3,,,0,0.49491921806174344,0.055467650487938766,3,7.037866666666666,1.1451863007097722,3,3,3,0,1.0,True
satimage,tabiclv2_self_training,100,0.836962156557802,0.007390657039597331,3,0.8083767649188306,0.009594472227588522,3,0.8037201308562167,0.008010853888342247,3,0.8037201308562167,0.008010853888342247,3,0.9726470564657029,0.001503898741692072,3,,,0,0.41229199658545207,0.00896015733100931,3,6.3657,0.28939248435299775,3,3,3,0,1.0,True
satimage,tabiclv2_self_training,250,0.8574390876101607,0.014596068662831632,3,0.8214659563958587,0.0164964584384273,3,0.8244125162729886,0.013607311403270974,3,0.8244125162729886,0.013607311403270974,3,0.9744537226772162,0.002809464729086117,3,,,0,0.3808126529758901,0.028228953700373823,3,6.253866666666667,0.4291085798878105,3,3,3,0,1.0,True
satimage,tabiclv2_self_training,500,0.8818040435458787,0.014896768320892742,3,0.8552338815890469,0.019546059377231056,3,0.8572503169966373,0.020887302202070426,3,0.8572503169966373,0.020887302202070426,3,0.9826685965831663,0.0034531357596765456,3,,,0,0.3068726286360565,0.030138198223052123,3,7.510866666666666,1.1209432203877823,3,3,3,0,1.0,True
satimage,tabpfn3_self_training,50,0.8216692586832556,0.014883231954334435,3,0.7747625414509377,0.022510396944450423,3,0.7722198159485035,0.03056021854271602,3,0.7722198159485035,0.03056021854271602,3,0.9617246219583847,0.007431498500651859,3,,,0,0.48046294043950294,0.0418444699838613,3,10.440333333333333,0.2175898052146135,3,3,3,0,1.0,True
satimage,tabpfn3_self_training,100,0.8354069466044582,0.009374360456207922,3,0.8003039545204526,0.010931969874736814,3,0.7995999024400406,0.01201746710095562,3,0.7995999024400406,0.01201746710095562,3,0.9713195986055788,0.0004980367098520999,3,,,0,0.4229158575861048,0.02632449339121759,3,11.462666666666669,1.1352504407985635,3,3,3,0,1.0,True
satimage,tabpfn3_self_training,250,0.8535510627268015,0.010148663530560854,3,0.8149174949502518,0.01369057568513525,3,0.8167850406375069,0.008168679048994515,3,0.8167850406375069,0.008168679048994515,3,0.9740210676251477,0.0027694773662182075,3,,,0,0.38639603603446493,0.03156043601834002,3,10.3291,0.6396295724870759,3,3,3,0,1.0,True
satimage,tabpfn3_self_training,500,0.874805598755832,0.010969468102384033,3,0.8420566083535036,0.014344479489704992,3,0.8450225206147556,0.016664715901667942,3,0.8450225206147556,0.016664715901667942,3,0.9825511233968302,0.00341929267274155,3,,,0,0.31171741475264003,0.02940644493377905,3,13.407133333333334,2.097987057475172,3,3,3,0,1.0,True
satimage,unlabeled_attention_ssl,50,0.71850699844479,0.05724250185934598,3,0.5777354091279882,0.08721712945342759,3,0.5099663665340056,0.1007264348619618,3,0.5099663665340056,0.1007264348619618,3,0.9283521026469623,0.01581799468544311,3,,,0,1.3471250237319055,0.02608273741783136,3,3.3267333333333333,0.13119681144499434,3,3,3,0,1.0,True
satimage,unlabeled_attention_ssl,100,0.7858994297563505,0.021526225709688505,3,0.6845346567572622,0.038753398604122476,3,0.6502584603579872,0.04573244540317187,3,0.6502584603579872,0.04573244540317187,3,0.939974556758944,0.00997285248231637,3,,,0,0.8126196334779715,0.07454094217178453,3,3.3982666666666668,0.3672076569644665,3,3,3,0,1.0,True
satimage,unlabeled_attention_ssl,250,0.8128564022809747,0.02557047683802703,3,0.750124335316666,0.024451311598515435,3,0.7398623800425607,0.03114159045135002,3,0.7398623800425607,0.03114159045135002,3,0.9491465136753369,0.010773997984154479,3,,,0,0.5879659011163817,0.0841142073466627,3,3.950066666666667,0.07321648266157937,3,3,3,0,1.0,True
satimage,unlabeled_attention_ssl,500,0.8434421980300675,0.003506415048851391,3,0.8089412016725411,0.011028578156094395,3,0.8112414855297981,0.007570887253235836,3,0.8112414855297981,0.007570887253235836,3,0.9613479116814085,0.0034368523099138283,3,,,0,0.5645335190358507,0.03344451430562059,3,4.438933333333334,0.38468014418908225,3,3,3,0,1.0,True
segment,embedding_alignment_ssl,50,0.6240981240981242,0.04022326079297644,3,0.6240981240981242,0.04022326079297644,3,0.558114801750575,0.05800128010465574,3,0.558114801750575,0.05800128010465574,3,0.9284110950777618,0.012806984621957758,3,,,0,1.2431405670064255,0.07741105984656879,3,3.333,0.0437125840004913,3,3,3,0,1.0,True
segment,embedding_alignment_ssl,100,0.6551226551226551,0.057931610869107746,3,0.6551226551226551,0.057931610869107746,3,0.5891125096463488,0.06250782783866894,3,0.5891125096463488,0.06250782783866894,3,0.9435115950267464,0.01655040779085735,3,,,0,1.1917913748891362,0.08378969461256361,3,3.4118,0.025646637206464307,3,3,3,0,1.0,True
segment,embedding_alignment_ssl,250,0.6825396825396824,0.05343003919646068,3,0.6825396825396827,0.053430039196460666,3,0.6246810730471049,0.04745582501633009,3,0.6246810730471049,0.04745582501633009,3,0.9548825192764587,0.01323298064720947,3,,,0,1.1344051252228493,0.07951491664780545,3,3.1412333333333335,0.3673560443674956,3,3,3,0,1.0,True
segment,embedding_alignment_ssl,500,0.7034632034632035,0.007804223539965331,3,0.7034632034632035,0.0078042235399652885,3,0.6488641772743737,0.03353413016056294,3,0.6488641772743737,0.03353413016056294,3,0.9576245864124653,0.007485993204485624,3,,,0,1.1296465345347926,0.07732841518860306,3,3.3986666666666667,0.03957705564254777,3,3,3,0,1.0,True
segment,geometric_attention_ssl,50,0.5086580086580086,0.12912847392445595,3,0.5086580086580086,0.12912847392445584,3,0.43143486108038753,0.11980413439087195,3,0.43143486108038753,0.11980413439087195,3,0.8561517046365531,0.034754504976318566,3,,,0,1.7420847121324627,0.0071648261712688194,3,4.669766666666667,0.5182309362951361,3,3,3,0,1.0,True
segment,geometric_attention_ssl,100,0.5165945165945166,0.07127536150802213,3,0.5165945165945166,0.07127536150802212,3,0.4012611611366268,0.06916800741922231,3,0.4012611611366268,0.06916800741922231,3,0.8987129593190198,0.02077459903499965,3,,,0,1.3078124772891162,0.04738870309063591,3,6.138533333333334,0.48016220523207903,3,3,3,0,1.0,True
segment,geometric_attention_ssl,250,0.7792207792207791,0.03576344511224749,3,0.7792207792207791,0.03576344511224741,3,0.7394999537171875,0.049409122435880005,3,0.7394999537171875,0.049409122435880005,3,0.9593773230136865,0.0063542355773808686,3,,,0,0.6848448957056558,0.05653088348461185,3,7.7209,0.8670452583343041,3,3,3,0,1.0,True
segment,geometric_attention_ssl,500,0.8809523809523809,0.011453468879067508,3,0.880952380952381,0.011453468879067476,3,0.8747045774904946,0.01714855123112957,3,0.8747045774904946,0.01714855123112957,3,0.9851673298642996,0.0037003447624490296,3,,,0,0.3435647905127633,0.03264843529533849,3,11.394366666666665,1.0926665197274659,3,3,3,0,1.0,True
segment,laplacian_ssl,50,0.6291486291486291,0.05536783562178833,3,0.6291486291486291,0.05536783562178833,3,0.5591864218657142,0.030415056761140796,3,0.5591864218657142,0.030415056761140796,3,0.9002452373664495,0.03290525295028453,3,,,0,1.48737844923868,0.01753210614738157,3,4.240366666666667,0.8253365636716534,3,3,3,0,1.0,True
segment,laplacian_ssl,100,0.6406926406926406,0.054242268771176015,3,0.6406926406926406,0.054242268771175974,3,0.5595371607433335,0.05570174480689824,3,0.5595371607433335,0.05570174480689824,3,0.9332739370618158,0.012880967023521516,3,,,0,1.419168998917571,0.009112093992633522,3,3.699066666666667,0.2009734393728017,3,3,3,0,1.0,True
segment,laplacian_ssl,250,0.7972582972582972,0.02882393124882856,3,0.7972582972582972,0.02882393124882856,3,0.7703645362732688,0.041039628529375774,3,0.7703645362732688,0.041039628529375774,3,0.9648924308015218,0.0034783621830214947,3,,,0,0.7951449484488721,0.012176321883628825,3,3.7324333333333333,0.04877851302913358,3,3,3,0,1.0,True
segment,laplacian_ssl,500,0.8852813852813853,0.008658008658008656,3,0.8852813852813851,0.008658008658008587,3,0.8794323326444964,0.012662691784443639,3,0.8794323326444964,0.012662691784443639,3,0.9847537423294997,0.0026199602010177083,3,,,0,0.4829797876352959,0.00871142862033185,3,4.093733333333334,0.08355730568498096,3,3,3,0,1.0,True
segment,tabiclv2_self_training,50,0.8917748917748917,0.010822510822510845,3,0.8917748917748917,0.010822510822510914,3,0.8885059618790864,0.01503775546105423,3,0.8885059618790864,0.01503775546105423,3,0.9869018467503317,0.005519318924948909,3,,,0,0.3457483353944313,0.048041395660324455,3,5.645366666666667,0.9344870696448042,3,3,3,0,1.0,True
segment,tabiclv2_self_training,100,0.9184704184704184,0.009760280850265967,3,0.9184704184704185,0.009760280850265987,3,0.9167221804784133,0.008581057242173859,3,0.9167221804784133,0.008581057242173859,3,0.993493739705861,0.0007550154126927654,3,,,0,0.2178865269028478,0.017150318369122217,3,4.8227,0.06569117140072922,3,3,3,0,1.0,True
segment,tabiclv2_self_training,250,0.9567099567099566,0.01718020331860128,3,0.9567099567099567,0.017180203318601334,3,0.9571754381054619,0.016802036043000946,3,0.9571754381054619,0.016802036043000946,3,0.9969554855918493,0.0017143900040646348,3,,,0,0.14273552681064836,0.047604637643512505,3,5.677866666666667,0.8343376794400053,3,3,3,0,1.0,True
segment,tabiclv2_self_training,500,0.9675324675324676,0.00780422353996535,3,0.9675324675324676,0.007804223539965581,3,0.9678459049395581,0.007390467430213039,3,0.9678459049395581,0.007390467430213039,3,0.9984914075823165,0.000509328219448739,3,,,0,0.1014047065494922,0.02628739697749408,3,5.113833333333333,0.29122933116932737,3,3,3,0,1.0,True
segment,tabpfn3_self_training,50,0.9004329004329005,0.01874513861005271,3,0.9004329004329005,0.01874513861005271,3,0.898824270989904,0.01849923048938926,3,0.898824270989904,0.01849923048938926,3,0.9888641100762312,0.0011573979963593079,3,,,0,0.29908248772995616,0.02344450174693719,3,9.013366666666668,0.2712299639297488,3,3,3,0,1.0,True
segment,tabpfn3_self_training,100,0.9112554112554113,0.01849351460025445,3,0.9112554112554113,0.01849351460025445,3,0.9081494761168639,0.020998431054224245,3,0.9081494761168639,0.020998431054224245,3,0.9917628667628668,0.0017479905875836302,3,,,0,0.23907851039337513,0.005453536406211743,3,10.193900000000001,1.161485518635509,3,3,3,0,1.0,True
segment,tabpfn3_self_training,250,0.9581529581529581,0.006612663340484526,3,0.9581529581529583,0.006612663340484633,3,0.9583794606325915,0.006173204412865989,3,0.9583794606325915,0.006173204412865989,3,0.9968206596994476,0.001017927840345347,3,,,0,0.13712907978291816,0.021558757305798554,3,9.0187,0.3170874800429694,3,3,3,0,1.0,True
segment,tabpfn3_self_training,500,0.9668109668109667,0.007601481784165115,3,0.9668109668109669,0.007601481784164949,3,0.9669753745275163,0.007295438520529464,3,0.9669753745275163,0.007295438520529464,3,0.9980632442753654,0.0006823496182253751,3,,,0,0.11145411583145141,0.02654662061948887,3,9.722266666666666,0.02322936360155696,3,3,3,0,1.0,True
segment,unlabeled_attention_ssl,50,0.6435786435786436,0.019400187099204554,3,0.6435786435786436,0.019400187099204633,3,0.5837449342928213,0.03145216325648355,3,0.5837449342928213,0.03145216325648355,3,0.9215969215969216,0.0313032029521212,3,,,0,1.598109217578987,0.033403839383656694,3,3.587066666666667,0.12534661277167913,3,3,3,0,1.0,True
segment,unlabeled_attention_ssl,100,0.7041847041847041,0.08914841426307916,3,0.7041847041847041,0.08914841426307915,3,0.6672774646120881,0.11026043908427517,3,0.6672774646120881,0.11026043908427517,3,0.9623853979914586,0.007780378184622308,3,,,0,1.0928739392100149,0.09489284821710023,3,3.6206,0.17302401567412534,3,3,3,0,1.0,True
segment,unlabeled_attention_ssl,250,0.8759018759018758,0.0033063316702423027,3,0.8759018759018758,0.0033063316702423456,3,0.8752033837529929,0.002880446270722782,3,0.8752033837529929,0.002880446270722782,3,0.9786920430859825,0.0007842079515057809,3,,,0,0.4159846780648692,0.03333781367990221,3,3.395,0.07294134629961237,3,3,3,0,1.0,True
segment,unlabeled_attention_ssl,500,0.924963924963925,0.01762884808495035,3,0.924963924963925,0.01762884808495035,3,0.9248827271475314,0.017363963085781677,3,0.9248827271475314,0.017363963085781677,3,0.986797994373752,0.00773463863383073,3,,,0,0.30373549399674576,0.08448382054004909,3,4.4261,0.11167470617825712,3,3,3,0,1.0,True
spambase,embedding_alignment_ssl,50,0.8461816865725661,0.03324201955325371,3,0.8169006783376286,0.04101204473524982,3,0.8290801679949839,0.03960528393967565,3,0.8290801679949839,0.03960528393967565,3,0.9189253236174059,0.020024688447388223,3,0.8825524563858308,0.018354604542154106,3,0.4155643143182191,0.022953906238989113,3,3.453466666666667,0.03473216568734699,3,3,3,0,1.0,True
spambase,embedding_alignment_ssl,100,0.8689829895041621,0.018308562967704223,3,0.8540093012233774,0.03359906969562616,3,0.8590322399587089,0.02532320436873783,3,0.8590322399587089,0.02532320436873783,3,0.9335140258893925,0.0030447807449194304,3,0.8916053457224321,0.013051740909804146,3,0.38336578062044263,0.025997497268536583,3,3.4704,0.03677594322379802,3,3,3,0,1.0,True
spambase,embedding_alignment_ssl,250,0.8874411871154542,0.020089307399750803,3,0.8764625729435114,0.034229411637048165,3,0.8797302437261078,0.025500629965969135,3,0.8797302437261078,0.025500629965969135,3,0.9432414730557448,0.011131915613612276,3,0.9032614572255072,0.01799241274510734,3,0.3560390074472135,0.04807091815261753,3,3.3343000000000003,0.0675629336248805,3,3,3,0,1.0,True
spambase,embedding_alignment_ssl,500,0.8827361563517915,0.015771812211003128,3,0.8674452244833476,0.02422220036610442,3,0.8740636341909026,0.019428345500196155,3,0.8740636341909026,0.019428345500196155,3,0.9443967205453031,0.011197839464580854,3,0.9030037192752488,0.022861914481338463,3,0.3490919309473484,0.0446762137252031,3,3.3461,0.0034394767043840185,3,3,3,0,1.0,True
spambase,geometric_attention_ssl,50,0.7267462902642056,0.0759215722197744,3,0.6607324466562003,0.10223114160314195,3,0.6413346594482766,0.1497208307615704,3,0.6413346594482766,0.1497208307615704,3,0.892338997666466,0.018417549370878278,3,0.8450861451130921,0.0096910321123604,3,0.553095707193695,0.022842897312615486,3,5.012066666666667,0.15331067586222874,3,3,3,0,1.0,True
spambase,geometric_attention_ssl,100,0.8606587043069128,0.01906560577787319,3,0.8646286916081638,0.015448848911180776,3,0.8568329885369117,0.01861013759753647,3,0.8568329885369117,0.01861013759753647,3,0.926552919221541,0.00672990100505349,3,0.8739592155895655,0.0108994915278355,3,0.36629683443056504,0.028162684759909237,3,5.8765,0.4722624588086587,3,3,3,0,1.0,True
spambase,geometric_attention_ssl,250,0.8946796959826275,0.005428881650380024,3,0.8944701166108792,0.0028805927204354972,3,0.890723032177812,0.005071015215451487,3,0.890723032177812,0.005071015215451487,3,0.9437713729013826,0.007002562773462165,3,0.9000133427117033,0.016243139897039575,3,0.3143381811205544,0.035232465638690647,3,7.397366666666667,0.5850578205043782,3,3,3,0,1.0,True
spambase,geometric_attention_ssl,500,0.9153094462540716,0.003914822231774149,3,0.9140624228600768,0.004740728310276845,3,0.9117920588667956,0.004069008162499686,3,0.9117920588667956,0.004069008162499686,3,0.9581362665429136,0.006332580409045954,3,0.9140369346291735,0.022280833959136784,3,0.26373816288850466,0.012195892078768096,3,10.203233333333333,1.0322375372622978,3,3,3,0,1.0,True
spambase,laplacian_ssl,50,0.8479913137893594,0.02195846733567502,3,0.821603128054741,0.02547918598872647,3,0.8329231420880138,0.02506965400661807,3,0.8329231420880138,0.02506965400661807,3,0.9172747349677945,0.006831756470545264,3,0.8692718056747467,0.00935813159166414,3,0.4323026782575711,0.04128093220839062,3,3.2897,0.14064266777902062,3,3,3,0,1.0,True
spambase,laplacian_ssl,100,0.8783930510314875,0.0032573289902280145,3,0.8678722710980775,0.008715061604922681,3,0.8712925200453027,0.004981243187263239,3,0.8712925200453027,0.004981243187263239,3,0.9333823737538302,0.006436824555519722,3,0.8895796465867822,0.007280465686543892,3,0.3816287745370688,0.03991592814332417,3,3.761433333333333,0.5790553888302338,3,3,3,0,1.0,True
spambase,laplacian_ssl,250,0.9073470865001809,0.0027324771752699067,3,0.9044427658797161,0.003991530474943669,3,0.9032588800752138,0.002824438485557458,3,0.9032588800752138,0.002824438485557458,3,0.951122499020837,0.0054928242180789615,3,0.9077574484365214,0.015798262047962478,3,0.28963084042783743,0.019697054987399036,3,3.563466666666667,0.6781604923123532,3,3,3,0,1.0,True
spambase,laplacian_ssl,500,0.916033297140789,0.01008857029660974,3,0.9114507736208616,0.011196823931102369,3,0.9119683472341819,0.010692796643350811,3,0.9119683472341819,0.010692796643350811,3,0.9578630883616222,0.011897828216827134,3,0.9181394994642136,0.019378154948575328,3,0.26329737799947667,0.040608467224242,3,4.370933333333333,0.7352919782870838,3,3,3,0,1.0,True
spambase,tabiclv2_self_training,50,0.8859934853420195,0.01035764605230126,3,0.8771932422958816,0.021060214958730394,3,0.8793882123229765,0.013677478461519177,3,0.8793882123229765,0.013677478461519177,3,0.9490604974475944,0.011414445146077194,3,0.9315505411490235,0.00944060214893009,3,0.29370110775766683,0.028402517658388547,3,6.176833333333334,0.3689885409241502,3,3,3,0,1.0,True
spambase,tabiclv2_self_training,100,0.9077090119435396,0.010470847731805602,3,0.9063459620644373,0.013593046960763073,3,0.9038613603568803,0.011217838474695931,3,0.9038613603568803,0.011217838474695931,3,0.9653985274708637,0.008287999764271395,3,0.9549415549217374,0.01171051109142835,3,0.24027352321251202,0.03331940777102218,3,6.869599999999999,0.7165744832185974,3,3,3,0,1.0,True
spambase,tabiclv2_self_training,250,0.9319580166485703,0.005571771378335382,3,0.9282833219783365,0.008603144288951854,3,0.928664945333157,0.006220241541935186,3,0.928664945333157,0.006220241541935186,3,0.9740645292942457,0.0061396080077049334,3,0.9652924649222255,0.005432060374224209,3,0.20514416531120194,0.031658823802943215,3,6.084666666666666,0.4617245318729911,3,3,3,0,1.0,True
spambase,tabiclv2_self_training,500,0.9435396308360477,0.0032573289902280422,3,0.9394457774223172,0.0028144931005603157,3,0.9407181155191817,0.0033311056474853514,3,0.9407181155191817,0.0033311056474853514,3,0.9812593185027202,0.0029819699126807874,3,0.9734095987381131,0.003245677328744304,3,0.16804863748415277,0.011409321664606542,3,6.547066666666666,0.0807317368408074,3,3,3,0,1.0,True
spambase,tabpfn3_self_training,50,0.8972131740861382,0.0027324771752699067,3,0.8909451306812012,0.005073674415506316,3,0.8920445731901562,0.0031484927208405822,3,0.8920445731901562,0.0031484927208405822,3,0.9562799714314867,0.00646831055238613,3,0.9412809929924002,0.00569498255370565,3,0.2708999940032732,0.012323470725322968,3,10.650599999999999,0.07028805019347115,3,3,3,0,1.0,True
spambase,tabpfn3_self_training,100,0.9073470865001809,0.009486313732957772,3,0.9068495314829627,0.009402803910385211,3,0.9036436400167008,0.009191169745829385,3,0.9036436400167008,0.009191169745829385,3,0.9671741856492589,0.005220915784155053,3,0.9565993449637178,0.0073464600747623985,3,0.23762267355037228,0.014911443067311932,3,10.869333333333335,0.09765020907982407,3,3,3,0,1.0,True
spambase,tabpfn3_self_training,250,0.9319580166485703,0.007229455068924425,3,0.9292460282196352,0.008072683583205145,3,0.9288164984718131,0.007517944478151051,3,0.9288164984718131,0.007517944478151051,3,0.9749136855686219,0.004423771635330536,3,0.9658578356145346,0.00409468439887823,3,0.20082509285382855,0.020698854300717065,3,10.636366666666667,0.1633375747748609,3,3,3,0,1.0,True
spambase,tabpfn3_self_training,500,0.9402823018458196,0.0021715526601520097,3,0.9359553501782241,0.003085430053644829,3,0.9372815297137863,0.0023450696186968108,3,0.9372815297137863,0.0023450696186968108,3,0.9801090079682454,0.002498157812576203,3,0.9729016447511784,0.00342482072173884,3,0.17057797713942202,0.01065923661340894,3,11.998,1.7125508430408716,3,3,3,0,1.0,True
spambase,unlabeled_attention_ssl,50,0.8534201954397395,0.024544309566682562,3,0.8461397948201467,0.035091495850954633,3,0.8458037985515423,0.02910665881154201,3,0.8458037985515423,0.02910665881154201,3,0.9166938199196264,0.02169632917140869,3,0.876055284551429,0.0430674982571196,3,0.36974277185988447,0.045763568749491015,3,3.249633333333333,0.40707744144490915,3,3,3,0,1.0,True
spambase,unlabeled_attention_ssl,100,0.8646398841838581,0.010983706771982174,3,0.8650261164923921,0.013922828471969063,3,0.8598393800833241,0.011461693468449514,3,0.8598393800833241,0.011461693468449514,3,0.9305798289180497,0.015211118611257636,3,0.8868482283924942,0.016681828109747766,3,0.5449621486437267,0.05457789894207314,3,3.5768,0.12021634664220997,3,3,3,0,1.0,True
spambase,unlabeled_attention_ssl,250,0.8939558450959102,0.008003381971587403,3,0.8951563533674971,0.006935591257106567,3,0.8902345642697886,0.0078079698599804,3,0.8902345642697886,0.0078079698599804,3,0.9422738298593627,0.008214592328794987,3,0.9178220894756667,0.015022688581013806,3,0.5319797812839387,0.055046596864840404,3,3.9317333333333333,0.05335881682846192,3,3,3,0,1.0,True
spambase,unlabeled_attention_ssl,500,0.9004705030763662,0.010712014901881105,3,0.898125931850272,0.012237087716406444,3,0.8962490461935976,0.011321470488537395,3,0.8962490461935976,0.011321470488537395,3,0.9533819787974237,0.01011109654550262,3,0.9312133898619507,0.021022469899601746,3,0.4918672151735064,0.11319287923439784,3,4.183233333333334,0.3436092887762687,3,3,3,0,1.0,True
steel-plates-fault,embedding_alignment_ssl,50,0.5038560411311054,0.0378686885929466,3,0.34550463247727237,0.048404066389350894,3,0.3339128103035507,0.057115634302127335,3,0.3339128103035507,0.057115634302127335,3,0.8369578756399307,0.025692139928316496,3,,,0,1.3964648236244326,0.14156515942844716,3,3.384066666666667,0.11557726131611412,3,3,3,0,1.0,True
steel-plates-fault,embedding_alignment_ssl,100,0.5329905741216795,0.037459285337436796,3,0.3663249070308385,0.06069184549531759,3,0.34843956777930823,0.06972763483947655,3,0.34843956777930823,0.06972763483947655,3,0.8645091862784963,0.019813507439232242,3,,,0,1.3291139777652996,0.05609302777737232,3,3.325466666666667,0.11565903913371142,3,3,3,0,1.0,True
steel-plates-fault,embedding_alignment_ssl,250,0.5115681233933161,0.03707507738266317,3,0.27802650024872244,0.03044520935306738,3,0.23958655839252566,0.03374734086977453,3,0.23958655839252566,0.03374734086977453,3,0.854671294085681,0.019517168696003135,3,,,0,1.28524701531613,0.05079301919963198,3,3.4774999999999996,0.10106943158047348,3,3,3,0,1.0,True
steel-plates-fault,embedding_alignment_ssl,500,0.491859468723222,0.018055961872926726,3,0.261895717451273,0.015598362994066075,3,0.21866018292437425,0.01711167406049548,3,0.21866018292437425,0.01711167406049548,3,0.8540428518133149,0.011785019438887814,3,,,0,1.2480014375120971,0.0509378113110413,3,3.458133333333333,0.07225305068530558,3,3,3,0,1.0,True
steel-plates-fault,geometric_attention_ssl,50,0.49271636675235647,0.02186349755299583,3,0.2525256636367747,0.012032577217539659,3,0.20209422698033286,0.016984555973674178,3,0.20209422698033286,0.016984555973674178,3,0.7601082869198145,0.018724819773361098,3,,,0,1.6200367789878733,0.034034184774051957,3,5.1742,0.46211447715906956,3,3,3,0,1.0,True
steel-plates-fault,geometric_attention_ssl,100,0.4815766923736075,0.010389336463566518,3,0.2564392938661944,0.011082601648666165,3,0.2009094328439569,0.010578373291446303,3,0.2009094328439569,0.010578373291446303,3,0.8159759463604158,0.023074877354650192,3,,,0,1.398184315161882,0.0530255753320119,3,5.913866666666666,0.7067129143671663,3,3,3,0,1.0,True
steel-plates-fault,geometric_attention_ssl,250,0.5364181662382177,0.03763528921336372,3,0.3079726857504635,0.05243211130998994,3,0.282777937491302,0.06552010028954694,3,0.282777937491302,0.06552010028954694,3,0.8501896668203986,0.034133827424900516,3,,,0,1.2066691645679917,0.08448266388121504,3,7.333266666666667,0.08391640681853153,3,3,3,0,1.0,True
steel-plates-fault,geometric_attention_ssl,500,0.6503856041131105,0.020077762662999134,3,0.515684627302213,0.06050217177082181,3,0.5073008031159753,0.07987062476474373,3,0.5073008031159753,0.07987062476474373,3,0.8996188591070556,0.006208626672506127,3,,,0,0.9315589016231915,0.03656828828948983,3,9.8019,0.5204765796844267,3,3,3,0,1.0,True
steel-plates-fault,laplacian_ssl,50,0.493573264781491,0.05386202272431098,3,0.27644500020231016,0.05146796065745626,3,0.24137915443548177,0.07829776046328665,3,0.24137915443548177,0.07829776046328665,3,0.8162384974441018,0.025157234544979395,3,,,0,1.4836560651688988,0.04530193823302449,3,5.760466666666667,1.4941538921186577,3,3,3,0,1.0,True
steel-plates-fault,laplacian_ssl,100,0.5089974293059126,0.03221070459162382,3,0.27435897435897433,0.017903166134816486,3,0.23454516494936242,0.027934547560844927,3,0.23454516494936242,0.027934547560844927,3,0.832494715398049,0.05191815603232964,3,,,0,1.4310486349797442,0.05196361929412057,3,7.3685,0.533932242892298,3,3,3,0,1.0,True
steel-plates-fault,laplacian_ssl,250,0.5441302485004285,0.024297252577134235,3,0.3089702830199906,0.0167398843277345,3,0.2868504197177366,0.02251394648074125,3,0.2868504197177366,0.02251394648074125,3,0.8786750173613699,0.02286189360509542,3,,,0,1.1629531282877024,0.07402013904307135,3,6.9879,1.4816708777592955,3,3,3,0,1.0,True
steel-plates-fault,laplacian_ssl,500,0.6426735218508998,0.04884318766066835,3,0.4884408632998858,0.0988209178402426,3,0.5036693159942645,0.10794626787873852,3,0.5036693159942645,0.10794626787873852,3,0.9002241532847858,0.01223942480135324,3,,,0,0.9768131798897207,0.05784242199295078,3,7.429833333333334,0.6161772905043915,3,3,3,0,1.0,True
steel-plates-fault,tabiclv2_self_training,50,0.570694087403599,0.03598971722365041,3,0.6240490636950536,0.025991757015294638,3,0.5944031651456988,0.03597100315194684,3,0.5944031651456988,0.03597100315194684,3,0.8690755008876557,0.01700751870329701,3,,,0,1.229208845787263,0.21299304184394394,3,6.130766666666666,0.5517327462941941,3,3,3,0,1.0,True
steel-plates-fault,tabiclv2_self_training,100,0.6366752356469579,0.06783580628282705,3,0.6898845467088993,0.06894916761664377,3,0.6642043376933242,0.06658351575704104,3,0.6642043376933242,0.06658351575704104,3,0.8993661315461369,0.010067772222935388,3,,,0,1.0013029367447845,0.16107080963855747,3,7.135866666666666,0.9760367633103444,3,3,3,0,1.0,True
steel-plates-fault,tabiclv2_self_training,250,0.726649528706084,0.01570720032546986,3,0.7578506030155988,0.01211854170913863,3,0.7517387839938361,0.009985446014676654,3,0.7517387839938361,0.009985446014676654,3,0.9435433312905054,0.0029323060832437847,3,,,0,0.7125544834295896,0.053689844908105785,3,6.561966666666667,0.44434204542596806,3,3,3,0,1.0,True
steel-plates-fault,tabiclv2_self_training,500,0.7669237360754071,0.010702652953553424,3,0.778393653748708,0.02735220652372922,3,0.7879738707768632,0.025119229565234852,3,0.7879738707768632,0.025119229565234852,3,0.9575252065767569,0.004390602673630385,3,,,0,0.6053287173216817,0.04975814084160126,3,7.221433333333334,0.48861638668114055,3,3,3,0,1.0,True
steel-plates-fault,tabpfn3_self_training,50,0.5972579263067694,0.048933304319688904,3,0.631640558457601,0.023540165500048196,3,0.6067034639790482,0.051914453631353955,3,0.6067034639790482,0.051914453631353955,3,0.8756767523337334,0.013560069341730414,3,,,0,1.143684788927505,0.14181850392734033,3,10.608233333333333,2.758959355143408,3,3,3,0,1.0,True
steel-plates-fault,tabpfn3_self_training,100,0.6246786632390745,0.07437262797680949,3,0.6583654336473885,0.09019720620737015,3,0.6344236072929973,0.07283442088438062,3,0.6344236072929973,0.07283442088438062,3,0.8934198222316029,0.01324135793463551,3,,,0,0.9739562095074811,0.13431290338394083,3,12.007566666666667,0.6042588049282639,3,3,3,0,1.0,True
steel-plates-fault,tabpfn3_self_training,250,0.7223650385604113,0.01853753869133154,3,0.7666368419553464,0.010129209463149305,3,0.7567755542503759,0.011292971727390628,3,0.7567755542503759,0.011292971727390628,3,0.9419957279077927,0.002665263365233893,3,,,0,0.7122696432245208,0.03253494630034873,3,13.053899999999999,0.2946919917473164,3,3,3,0,1.0,True
steel-plates-fault,tabpfn3_self_training,500,0.7566409597257927,0.001484190923366702,3,0.7861389285626963,0.03510343702406481,3,0.784239072186908,0.02647139418847587,3,0.784239072186908,0.02647139418847587,3,0.955602890684813,0.0005020105316761777,3,,,0,0.6198789301308,0.00953198893291351,3,12.667166666666667,0.2993869792314511,3,3,3,0,1.0,True
steel-plates-fault,unlabeled_attention_ssl,50,0.5347043701799485,0.02104203797396515,3,0.30044032207774896,0.03871092079460422,3,0.2746992518457121,0.06244573991830922,3,0.2746992518457121,0.06244573991830922,3,0.8532105786069121,0.011309128126901382,3,,,0,1.4986895922985728,0.07510194683448942,3,3.3099666666666665,0.1609747288655376,3,3,3,0,1.0,True
steel-plates-fault,unlabeled_attention_ssl,100,0.5149957155098543,0.03214224393061018,3,0.288206032650477,0.024117514326727263,3,0.25528141831817375,0.020436802549156242,3,0.25528141831817375,0.020436802549156242,3,0.8537409228349676,0.015656453633194244,3,,,0,1.2892475625005946,0.03717812619134275,3,3.655466666666667,0.8562795824573496,3,3,3,0,1.0,True
steel-plates-fault,unlabeled_attention_ssl,250,0.5775492716366752,0.03490216256112481,3,0.4433977058246064,0.08161819320033946,3,0.4463573087674395,0.09295442271937739,3,0.4463573087674395,0.09295442271937739,3,0.8702160639574461,0.015830358694036584,3,,,0,1.106793256492204,0.11091758846012703,3,3.8329,0.22913018133803334,3,3,3,0,1.0,True
steel-plates-fault,unlabeled_attention_ssl,500,0.6829477292202228,0.028199627543966318,3,0.6865391081504281,0.03666209028037246,3,0.6901030439481758,0.035407437212605426,3,0.6901030439481758,0.035407437212605426,3,0.9174326347164324,0.014510592529767047,3,,,0,0.9762780513355223,0.16986976894139605,3,4.0202333333333335,0.19289267309396008,3,3,3,0,1.0,True
