method,n_labeled,metric_accuracy_mean,metric_accuracy_std,metric_accuracy_count,metric_balanced_accuracy_mean,metric_balanced_accuracy_std,metric_balanced_accuracy_count,metric_macro_f1_mean,metric_macro_f1_std,metric_macro_f1_count,metric_f1_macro_mean,metric_f1_macro_std,metric_f1_macro_count,metric_roc_auc_mean,metric_roc_auc_std,metric_roc_auc_count,metric_average_precision_mean,metric_average_precision_std,metric_average_precision_count,metric_log_loss_mean,metric_log_loss_std,metric_log_loss_count,runtime_seconds_mean,runtime_seconds_std,runtime_seconds_count,n_pseudo_added_total_mean,n_pseudo_added_total_std,n_pseudo_added_total_count,pseudo_label_fraction_mean,pseudo_label_fraction_std,pseudo_label_fraction_count
catboost,50,0.6354723720200719,0.2425166912585491,9,0.6042451100777373,0.22701315518956883,9,0.5967947253298578,0.24540165944754436,9,0.5967947253298578,0.24540165944754436,9,0.8431206570803306,0.05593064494047336,9,0.7164379817114478,0.18371595777394475,6,1.2464691596238038,0.9914895053773212,9,4.2835777777777775,2.086474608507001,9,,,0,,,0
catboost,100,0.7240581906194238,0.14416820814273495,9,0.6977215764413156,0.1372330173077694,9,0.7011083958891703,0.13840559370504948,9,0.7011083958891703,0.13840559370504948,9,0.8913945440370369,0.04653941408477096,9,0.7556992291521145,0.1786051824132888,6,1.0364008568950807,0.6644603113809522,9,5.1924,3.1151799257827792,9,,,0,,,0
catboost,250,0.7846642255671588,0.12699730819108582,9,0.7643242518542743,0.12250432516053282,9,0.7683581587327053,0.1235906449003819,9,0.7683581587327053,0.1235906449003819,9,0.9308111224194566,0.04082828292094957,9,0.8303402698879148,0.1391190552030693,6,0.7400165006098667,0.5610128116093979,9,6.016344444444445,3.0678365178538733,9,,,0,,,0
catboost,500,0.8334478572629886,0.09317851204273303,9,0.8157531868765793,0.09448171918620982,9,0.819282043356702,0.09392642893147957,9,0.819282043356702,0.09392642893147957,9,0.950294779490052,0.03754061784256088,9,0.8673205621689588,0.10770525859141201,6,0.5595934679204506,0.4109356593084726,9,6.822633333333333,3.324991603748797,9,,,0,,,0
label_propagation,50,0.4566394542090657,0.28771204387276994,6,0.4102497863106107,0.23986587603739312,6,0.3944595467893591,0.24884596087299804,6,0.3944595467893591,0.24884596087299804,6,0.7812960192775856,0.04025402805522942,6,0.5014569932283195,0.07986007644652508,3,2.2103860768149324,1.6899133411821923,6,42.49386666666667,49.73150519160532,6,,,0,,,0
label_propagation,100,0.5370812096474893,0.2264751530242885,8,0.47690100933405516,0.1821496770323304,8,0.4530925082334911,0.18478641097046358,8,0.4530925082334911,0.18478641097046358,8,0.850618796675905,0.03608641702021045,8,0.676273829545822,0.12855069750632492,5,1.455139725915377,0.9959071741526062,8,34.236937499999996,41.744349810857635,8,,,0,,,0
label_propagation,250,0.602911998241375,0.16341670936742933,9,0.5394513626507713,0.12180492352244411,9,0.522510459235567,0.12886721007020238,9,0.522510459235567,0.12886721007020238,9,0.8822443457340259,0.036169738018072224,9,0.7454104608733974,0.12840129429459804,6,1.1119215589923506,0.7485296200228008,9,29.617800000000003,38.30143716853194,9,,,0,,,0
label_propagation,500,0.659167871606084,0.14569967396095376,9,0.6111072707293882,0.11725907085841125,9,0.6149578557903358,0.11685784425692505,9,0.6149578557903358,0.11685784425692505,9,0.9123805575467914,0.03554239930756182,9,0.7925698001675379,0.09801518204649816,6,0.8765155924312613,0.603977422730507,9,27.17962222222222,35.83989865735455,9,,,0,,,0
label_spreading,50,0.5843826086956522,0.1926776414982956,5,0.5448330622614777,0.16004202244326293,5,0.5383982847218305,0.1611328337297044,5,0.5383982847218305,0.1611328337297044,5,0.7896388567881794,0.04657629375209075,5,0.49689012369991087,0.058617964843154576,3,2.764142281824976,2.3205151641900317,5,6.55728,5.5601697111688955,5,,,0,,,0
label_spreading,100,0.6682969556830497,0.13278797527032454,8,0.6381744529821884,0.11684195655402761,8,0.6407932270070008,0.11356177708553207,8,0.6407932270070008,0.11356177708553207,8,0.8598233373792123,0.04361774615773942,8,0.6685060744496869,0.15068858124592538,5,1.7116617917503936,1.0668513480336064,8,6.2317374999999995,5.665829060740865,8,,,0,,,0
label_spreading,250,0.7385973557122225,0.10966864695716265,9,0.7101263573376,0.09785279383584747,9,0.7162273078974181,0.09912299055341796,9,0.7162273078974181,0.09912299055341796,9,0.8992090456595988,0.0415203413118719,9,0.769049442867038,0.12580518585066164,6,0.9727577643944021,0.7018673019283445,9,5.9675777777777785,5.170730537065769,9,,,0,,,0
label_spreading,500,0.7823591807583783,0.07809356403435841,9,0.757889502155426,0.06748226677078077,9,0.7636926560542904,0.06975023397272018,9,0.7636926560542904,0.06975023397272018,9,0.9251795329443964,0.03865867054728091,9,0.8116460633779554,0.09545521866329683,6,0.692579290083765,0.4013328838296155,9,5.5183333333333335,4.443059180902275,9,,,0,,,0
lightgbm,50,0.5506686339596775,0.2481625494052563,9,0.4678140598366833,0.2080181808769787,9,0.4280274784884703,0.21618555527504102,9,0.4280274784884703,0.21618555527504102,9,0.6863674969355741,0.13170427676428445,9,0.4777833644734528,0.19856420317576007,6,1.6366538948802087,1.6158297089033695,9,3.9557444444444445,5.147129927957694,9,,,0,,,0
lightgbm,100,0.6990585123681297,0.15529002505093414,9,0.677879664705081,0.14458388710664707,9,0.678716674686488,0.14585610373634608,9,0.678716674686488,0.14585610373634608,9,0.8647849628963775,0.04504342369742205,9,0.735831382170681,0.1633940743492666,6,1.38273060755291,1.1117957389333522,9,5.657855555555555,7.267702110383844,9,,,0,,,0
lightgbm,250,0.768220415133952,0.1287369289630505,9,0.7489993575256668,0.12267731421598672,9,0.7513615880359091,0.124312839882943,9,0.7513615880359091,0.124312839882943,9,0.915690130950626,0.0447740915014944,9,0.8143578666536749,0.14394709344277265,6,1.148128258871851,0.7790462994862576,9,8.823766666666666,9.89082803421938,9,,,0,,,0
lightgbm,500,0.8258410115263711,0.09582049409835831,9,0.8091975568849923,0.09499259758226743,9,0.8116056215664726,0.09489832461322244,9,0.8116056215664726,0.09489832461322244,9,0.9440615445569134,0.038023108729352016,9,0.8547638757389328,0.11608218531765495,6,0.8574659398491015,0.5323571015122615,9,15.557955555555557,17.198427576897192,9,,,0,,,0
logistic_regression,50,0.6315915660769503,0.24261174307725228,9,0.6010991888115021,0.2323856874541268,9,0.5915446968510149,0.24363215382187875,9,0.5915446968510149,0.24363215382187875,9,0.8290943070476716,0.06454757777548496,9,0.6741932129952639,0.19088914937428997,6,1.1923393143547907,1.0815715455947983,9,0.3970444444444445,0.36603116025521354,9,,,0,,,0
logistic_regression,100,0.7186431297946333,0.1591390810135514,9,0.6922033889875754,0.1552545569477073,9,0.6941400006430707,0.15627114644060688,9,0.6941400006430707,0.15627114644060688,9,0.8756911783237452,0.06721411433231372,9,0.7121441917836685,0.17516018944695122,6,0.9212364984883202,0.7073132553948595,9,0.4635444444444444,0.4339533733914023,9,,,0,,,0
logistic_regression,250,0.7456471343830399,0.1314697281885886,9,0.7150073709034073,0.13748563108202502,9,0.7180317732120832,0.1366309139376843,9,0.7180317732120832,0.1366309139376843,9,0.8957132742903493,0.06813889222562573,9,0.7397281146809519,0.1667913899900702,6,0.7894531554645963,0.5742038617792564,9,0.3741666666666667,0.2860643764959209,9,,,0,,,0
logistic_regression,500,0.7713318329832934,0.10704430364272079,9,0.7399805021311837,0.12138770194152888,9,0.7431736475400876,0.11952868408058076,9,0.7431736475400876,0.11952868408058076,9,0.9059385789229761,0.0746720666332654,9,0.7457579705534646,0.18420373241516602,6,0.6821283797423044,0.44970863430834074,9,0.5235666666666667,0.5632581956793883,9,,,0,,,0
mlp,50,0.5004574759087448,0.3351472700707647,9,0.4313905788019466,0.29462427162892896,9,0.4083860765623808,0.3060434420127053,9,0.4083860765623808,0.3060434420127053,9,0.666003369287504,0.1386112433089134,9,0.5709958930194947,0.20669259255775693,6,1.4815529187520344,1.3290605247997322,9,0.43224444444444443,0.26862788440103863,9,,,0,,,0
mlp,100,0.5131105070929239,0.326693271707124,9,0.455043060183451,0.29960323088136237,9,0.4407903693037788,0.31460101958960085,9,0.4407903693037788,0.31460101958960085,9,0.6933990830910659,0.18789410527691078,9,0.583144242241423,0.2511748866191431,6,1.43818970852428,1.3068214777118534,9,0.8647666666666667,0.7739042285709519,9,,,0,,,0
mlp,250,0.5898900734609325,0.2971904860730201,9,0.5269280034115358,0.266939287990587,9,0.5129040097458902,0.2914899354283067,9,0.5129040097458902,0.2914899354283067,9,0.8269927109480258,0.07348940058879609,9,0.7264602438118204,0.1579674695610603,6,1.3001964224709406,1.1994820967543967,9,1.017311111111111,1.03630724382835,9,,,0,,,0
mlp,500,0.7402666100676877,0.14566038865311282,9,0.7043974554708351,0.14599236298022486,9,0.7048230685241321,0.1525686680245689,9,0.7048230685241321,0.1525686680245689,9,0.8956646863584914,0.07650113986672871,9,0.7519308073767518,0.1777543224048439,6,0.8099562128384908,0.6047127063910038,9,1.640188888888889,1.6994792639544358,9,,,0,,,0
random_forest,50,0.6436880547807583,0.2543896614803033,9,0.6095955961060303,0.23916231749285716,9,0.6016436129298914,0.2585873230278074,9,0.6016436129298914,0.2585873230278074,9,0.8470722560152952,0.07001086464726436,9,0.7368198224671042,0.20397672660991042,6,1.440719961789763,1.5145499501711015,9,3.3502444444444444,1.9387486809222534,9,,,0,,,0
random_forest,100,0.7296319470182666,0.16749028403323732,9,0.6986283749284988,0.1599978214127128,9,0.7036091362746463,0.16388422769722544,9,0.7036091362746463,0.16388422769722544,9,0.8955567526527006,0.05524140078694323,9,0.7763065877670674,0.19249484996269808,6,1.029013733891455,0.9488713453447659,9,3.2437666666666667,1.5909498420754817,9,,,0,,,0
random_forest,250,0.7829395489368844,0.12868143499291027,9,0.7588666105230585,0.12494915848930209,9,0.7630787358828726,0.12754352243303338,9,0.7630787358828726,0.12754352243303338,9,0.9260299386254519,0.04058634924837053,9,0.8347994442117105,0.1385190906204491,6,0.8810010919898539,0.8008402729763385,9,3.3736555555555556,1.6146673249551369,9,,,0,,,0
random_forest,500,0.8323664448241145,0.08994380069370281,9,0.8143785481541725,0.08930326731270864,9,0.8178773356259,0.09025090898887211,9,0.8178773356259,0.09025090898887211,9,0.946471199062125,0.033639817200157414,9,0.8655648808402634,0.11002884369107037,6,0.6636197088527511,0.5284843945262813,9,2.6395666666666666,1.1009841211389015,9,,,0,,,0
rpl_lite_xgboost,50,0.6050080075864841,0.2826769017132529,9,0.5875361888948731,0.2728087427981257,9,0.5660738195985703,0.302364833560747,9,0.5660738195985703,0.302364833560747,9,0.7979621873778551,0.0924616185858248,9,0.7218348490051358,0.17192283003344616,6,1.7140959766176012,1.294008724652526,9,13.161,11.336269262416097,9,1722.5555555555557,376.0243047700212,9,0.3475423373711304,0.19653323903582484,9
rpl_lite_xgboost,100,0.6912863692382792,0.16978228283784635,9,0.6777647240827185,0.16192265195357275,9,0.6722370701570045,0.1653386568692204,9,0.6722370701570045,0.1653386568692204,9,0.8652150737109516,0.04393484948563755,9,0.7548550797531098,0.16597649684975407,6,1.347773810227712,0.9062178086232036,9,28.217555555555556,39.6731706346402,9,2695.3333333333335,1207.4378866012114,9,0.4142123313803895,0.10837387909566648,9
rpl_lite_xgboost,250,0.7659413665994488,0.12801150370332068,9,0.7534900151240919,0.12218100582866262,9,0.7516529609628633,0.12431056293747826,9,0.7516529609628633,0.12431056293747826,9,0.9098544537222958,0.03646983503200381,9,0.8148747662499676,0.13518520609501689,6,0.9585953917768266,0.6550513304987184,9,21.94031111111111,21.754336146814754,9,3221.0,2088.7083927633366,9,0.4524456209009038,0.05362007820953516,9
rpl_lite_xgboost,500,0.8136882675779643,0.09909585028963269,9,0.7995888505329758,0.09630169982583643,9,0.7999637917416739,0.09717038991285179,9,0.7999637917416739,0.09717038991285179,9,0.9404452338880014,0.03301587776102985,9,0.8561939058621908,0.10787108854752434,6,0.6788802146911621,0.44904474297607366,9,25.810966666666666,25.745981345930474,9,3139.6666666666665,2149.5818779474303,9,0.4545023384726823,0.0505543509758392,9
rpl_lr,50,0.6146205703612413,0.27156971499631105,9,0.5763504067153087,0.25949409988229233,9,0.5592045877204344,0.27846083700855373,9,0.5592045877204344,0.27846083700855373,9,0.8113962437924598,0.08592970219922676,9,0.6839002365290622,0.20883033411719004,6,2.115257332722346,1.3650551237393875,9,0.7749,0.35882023354320475,9,,,0,,,0
rpl_lr,100,0.6905135350406437,0.20308185889155658,9,0.663785127059827,0.193403390090176,9,0.6628332032409889,0.2008773727244313,9,0.6628332032409889,0.2008773727244313,9,0.8651940349875825,0.0657193810327922,9,0.7224484262959386,0.1818314032397191,6,1.5446354846159618,0.9135423412581634,9,0.8199333333333334,0.47162737409951094,9,,,0,,,0
rpl_lr,250,0.727380593062214,0.15893155290777936,9,0.6928023998221909,0.16068828993152423,9,0.6915920715465371,0.1661738564847724,9,0.6915920715465371,0.1661738564847724,9,0.8903607946255789,0.06608133626779582,9,0.7500742992561005,0.16840911780938456,6,1.078725238641103,0.7016398305227418,9,1.1483555555555556,0.6021874399037046,9,,,0,,,0
rpl_lr,500,0.7542220093413147,0.12274123346458796,9,0.7171391502977427,0.13758804633400462,9,0.7166389401090999,0.13935049125516177,9,0.7166389401090999,0.13935049125516177,9,0.9030276863435626,0.07634021492254196,9,0.7478225842617774,0.19345861131108755,6,0.7981382144822015,0.4938200370868676,9,1.4237333333333333,0.49768222793264366,9,,,0,,,0
self_training_catboost,50,0.6167153995425879,0.26282619294602616,9,0.5863603461110289,0.2515494786409319,9,0.5728519933243814,0.27040763488879554,9,0.5728519933243814,0.27040763488879554,9,0.840171814437759,0.05709334472978228,9,0.7272962990489394,0.1827759050684459,6,1.2862354820897606,1.182956222698382,9,7.582922222222221,5.814045101471474,9,448.44444444444446,672.9509846770252,9,0.12353841444750535,0.18538594619201795,9
self_training_catboost,100,0.7085552355366814,0.16213439369654487,9,0.6754235284884151,0.15709608320049348,9,0.678224505046337,0.15782514050554325,9,0.678224505046337,0.15782514050554325,9,0.8872825618837968,0.039968006481848076,9,0.7657239550329419,0.16916873732637908,6,1.1225392213504484,1.0001574915448572,9,7.977244444444444,5.524703197030386,9,477.3333333333333,716.0,9,0.13333333333333336,0.2,9
self_training_catboost,250,0.7633699298770849,0.13353778088044121,9,0.7385465262892102,0.1284132633346085,9,0.7428435825665212,0.1297391203227413,9,0.7428435825665212,0.1297391203227413,9,0.9206464172325239,0.04019342612384639,9,0.8164500727022089,0.14351676036485647,6,0.8907622908483125,0.8355094576401632,9,10.785722222222223,6.1183124633712875,9,694.5555555555555,595.1586156460962,9,0.1915759609351556,0.17385655939454236,9
self_training_catboost,500,0.8081539737471805,0.10774960482839033,9,0.7868064760865667,0.10686473584845703,9,0.7911389819963434,0.10707066645060742,9,0.7911389819963434,0.10707066645060742,9,0.9415214845670479,0.03891665275928839,9,0.8557066563171908,0.11616291679308294,6,0.7120760929034924,0.6436259685569838,9,10.474377777777779,6.009394365029178,9,674.0,553.7336905047407,9,0.19872700322608772,0.17321560602835237,9
self_training_lightgbm,50,0.5649464117374553,0.22601995875542957,9,0.4822037086214389,0.18812438666482928,9,0.4375542144797559,0.204783710865361,9,0.4375542144797559,0.204783710865361,9,0.6656933969702001,0.12141829456199331,9,0.4777833644734528,0.19856420317576007,6,2.741744840354912,3.272835223479963,9,47.41548888888889,71.79286078328828,9,1711.7777777777778,2584.4646340092263,9,0.10732149076976663,0.16203540025136215,9
self_training_lightgbm,100,0.7083324926072012,0.14919594894787877,9,0.6932545703372145,0.14046776298840288,9,0.6884749124945362,0.14531233342048733,9,0.6884749124945362,0.14531233342048733,9,0.8716555832692211,0.04517288079779815,9,0.7623776297138868,0.17318997436929184,6,2.2177580352863475,1.1447230481101969,9,58.54155555555556,77.47290033040764,9,3261.8888888888887,2057.443950903915,9,0.4493810085174876,0.05414608155511233,9
self_training_lightgbm,250,0.7780335751972929,0.12858090649835005,9,0.7650346585727646,0.12261815698447771,9,0.7639199505882007,0.12516718852849032,9,0.7639199505882007,0.12516718852849032,9,0.9167683037831897,0.037670151839632425,9,0.8286405757553106,0.1355095562610078,6,1.4815998431290285,0.8495685631286847,9,78.01753333333333,104.79862754468687,9,3221.0,2088.7083927633366,9,0.4524456209009038,0.05362007820953516,9
self_training_lightgbm,500,0.8235855196453643,0.10131715426495512,9,0.8096176109670751,0.10001658600050108,9,0.8104966547584892,0.10008539096981627,9,0.8104966547584892,0.10008539096981627,9,0.9431501010018581,0.03357449057717406,9,0.8660692113176222,0.10822286934915396,6,1.053798242056003,0.58751181942407,9,115.42800000000001,196.28923726859682,9,3139.6666666666665,2149.5818779474303,9,0.4545023384726823,0.0505543509758392,9
self_training_lr,50,0.6312874621850408,0.24380604224302746,9,0.595605288418083,0.23449477887126186,9,0.5858119975976247,0.24572675198163713,9,0.5858119975976247,0.24572675198163713,9,0.8376206356936351,0.07088204473381886,9,0.6901475291119445,0.20310928579694265,6,1.3419895205232832,0.9964877023556026,9,0.4377,0.4267874675995067,9,1345.6666666666667,952.9584198694085,9,0.3347108748173977,0.24673186588141954,9
self_training_lr,100,0.7081197373356507,0.17706023299848486,9,0.6819827196950441,0.17264127340760052,9,0.6833301264658671,0.1738000290066117,9,0.6833301264658671,0.1738000290066117,9,0.8741830572130302,0.06474158611360735,9,0.7168970631156041,0.17788471395645425,6,1.1051178110970392,0.7507383079742748,9,0.5292111111111111,0.4350784367342412,9,1707.888888888889,454.38652170933847,9,0.3589262917969596,0.2120327159639474,9
self_training_lr,250,0.7346116468846455,0.1447393889466929,9,0.7024694858618692,0.15185521387103948,9,0.7031781649351798,0.1523598639587985,9,0.7031781649351798,0.1523598639587985,9,0.8904836494336048,0.07144921986889743,9,0.7320988913311196,0.18003736131681145,6,0.8811132907867432,0.6139490138593631,9,1.0026666666666668,1.2540095504022288,9,1851.4444444444443,211.5573864883422,9,0.35920169949566794,0.17578498479911997,9
self_training_lr,500,0.7623045611813032,0.11494636132100934,9,0.7291066686384615,0.1309212440669983,9,0.7306379580455072,0.13008842893595762,9,0.7306379580455072,0.13008842893595762,9,0.9020390405915624,0.07981235891025734,9,0.7362363350748379,0.19848683625136354,6,0.7157310810354021,0.46053909972181856,9,0.8872555555555556,0.9853153494073752,9,1911.7777777777778,572.9829355612997,9,0.35381740587296096,0.14546142454462652,9
self_training_xgboost,50,0.6094416391595519,0.27325999138985274,9,0.587478521054066,0.2622741929304444,9,0.5665089472275142,0.29192639635616585,9,0.5665089472275142,0.29192639635616585,9,0.8011468059337735,0.08700564889093562,9,0.7147063163789701,0.17779727040686588,6,1.5574743549029033,1.0625591103269623,9,16.6149,20.735543569074817,9,1297.6666666666667,829.4528316908684,9,0.314469078739151,0.22750926505199698,9
self_training_xgboost,100,0.6894017999903799,0.17124254475063838,9,0.6745326939039236,0.16263732614977508,9,0.6713323134190049,0.1637862691675572,9,0.6713323134190049,0.1637862691675572,9,0.8739220174317659,0.04349533672427402,9,0.7504199248024456,0.17076580306489134,6,1.1945393880208333,0.6877000662935617,9,30.805733333333333,37.44282325139225,9,1597.888888888889,456.18511715213936,9,0.34265937845695416,0.2081793657148598,9
self_training_xgboost,250,0.762865935304962,0.13082810760858474,9,0.7497553147891727,0.12430015246954616,9,0.7481516213493388,0.12694533387438078,9,0.7481516213493388,0.12694533387438078,9,0.9090291941494066,0.03735184424943487,9,0.8119715081597422,0.13745922780597908,6,0.9513544340928396,0.6397880569039969,9,41.223077777777775,49.78314518794935,9,2991.3333333333335,1761.7194725608274,9,0.4370748257432194,0.07503727550757716,9
self_training_xgboost,500,0.8153875323380886,0.09850210201951272,9,0.8017950316585605,0.09544804557338016,9,0.8020277625339755,0.0964633796121157,9,0.8020277625339755,0.0964633796121157,9,0.940112302363884,0.033166083300969124,9,0.8552643961148206,0.10874111625256087,6,0.6795176615317663,0.44752367932388065,9,48.31856666666667,60.85018739673281,9,3139.6666666666665,2149.5818779474303,9,0.4545023384726823,0.0505543509758392,9
xgboost,50,0.6138862035482978,0.2745863367566797,9,0.583173099917036,0.26253469439936916,9,0.5629035774368505,0.29294908904143485,9,0.5629035774368505,0.29294908904143485,9,0.8033833499733579,0.08842227904839313,9,0.7098079834607796,0.19348582311692114,6,1.2745925386746724,1.1510587546177555,9,5.676722222222222,6.487958422874214,9,,,0,,,0
xgboost,100,0.7011035506024335,0.16496856492607045,9,0.6743466678118802,0.1551787357490689,9,0.676605090973254,0.15753722749080232,9,0.676605090973254,0.15753722749080232,9,0.8778363698967561,0.050043091256948107,9,0.7524081082395678,0.18117080568381352,6,0.9724703696038988,0.7282463957262373,9,6.985733333333333,8.287305456087642,9,,,0,,,0
xgboost,250,0.7700325295977003,0.13341181437609773,9,0.7487244886120787,0.12684049643851933,9,0.7524056338370304,0.1289419275831708,9,0.7524056338370304,0.1289419275831708,9,0.9183774442077647,0.04189823728059403,9,0.8198516467204472,0.13936709063140398,6,0.7565579116344452,0.5563799609131599,9,7.592266666666666,9.27735543191054,9,,,0,,,0
xgboost,500,0.8195384277659647,0.09754709536032723,9,0.8031869881924437,0.0960266646125518,9,0.8051998336143232,0.09615208482280534,9,0.8051998336143232,0.09615208482280534,9,0.9429606046726242,0.03536022605424036,9,0.855883240720492,0.11016395096592935,6,0.5873076783286201,0.4034115621155275,9,10.098244444444445,11.741653118504132,9,,,0,,,0
