dataset,dataset_id,method,n_labeled,metric_accuracy_mean,metric_accuracy_std,metric_accuracy_count,metric_balanced_accuracy_mean,metric_balanced_accuracy_std,metric_balanced_accuracy_count,metric_macro_f1_mean,metric_macro_f1_std,metric_macro_f1_count,metric_f1_macro_mean,metric_f1_macro_std,metric_f1_macro_count,metric_roc_auc_mean,metric_roc_auc_std,metric_roc_auc_count,metric_average_precision_mean,metric_average_precision_std,metric_average_precision_count,metric_log_loss_mean,metric_log_loss_std,metric_log_loss_count,runtime_seconds_mean,runtime_seconds_std,runtime_seconds_count,n_pseudo_added_total_mean,n_pseudo_added_total_std,n_pseudo_added_total_count,pseudo_label_fraction_mean,pseudo_label_fraction_std,pseudo_label_fraction_count,n_expected_seeds,n_success_seeds,n_failed_seeds,success_rate,is_complete
letter,6,catboost,50,0.3205,0.03925000000000001,3,0.3189306141160459,0.04089486842364968,3,0.2863023517836331,0.05266429169863415,3,0.2863023517836331,0.05266429169863415,3,0.8309173100912872,0.034024118404189715,3,,,0,2.5537321571347893,0.12090765145605367,3,6.843700000000001,0.770138455084539,3,,,0,,,0,3,3,0,1.0,True
letter,6,catboost,100,0.5425833333333334,0.011292512268460592,3,0.5412492771341653,0.011456106357442375,3,0.5423685339578009,0.007523020985048686,3,0.5423685339578009,0.007523020985048686,3,0.9163819526325776,0.005374873916155961,3,,,0,1.9008305422462486,0.013581603380619027,3,9.149266666666668,0.7321355771531209,3,,,0,,,0,3,3,0,1.0,True
letter,6,catboost,250,0.6295833333333333,0.02173466892624161,3,0.6284201043438976,0.02132734437817406,3,0.6306738608763914,0.020008033886968608,3,0.6306738608763914,0.020008033886968608,3,0.948728402155453,0.011000427143007866,3,,,0,1.4719884218493322,0.07819872915240018,3,9.573166666666667,2.355435537927824,3,,,0,,,0,3,3,0,1.0,True
letter,6,catboost,500,0.7270833333333333,0.017917054259373448,3,0.7263049304493393,0.018028286780243458,3,0.7278266042300562,0.019464601902045887,3,0.7278266042300562,0.019464601902045887,3,0.9729086624778006,0.0028556307684024797,3,,,0,1.0917091714351645,0.03323763290003243,3,10.633866666666666,1.6897835196655615,3,,,0,,,0,3,3,0,1.0,True
letter,6,label_propagation,50,0.1945,0.008019507466172728,3,0.1935609959782828,0.010229344707598193,3,0.16863537785853025,0.02198937431369136,3,0.16863537785853025,0.02198937431369136,3,0.8026521020870833,0.027817095156227593,3,,,0,3.734727614009401,0.3966513374068229,3,82.17563333333334,38.19054792253357,3,,,0,,,0,3,3,0,1.0,True
letter,6,label_propagation,100,0.27175,0.018786630884754196,3,0.2714588305224775,0.01886067997181508,3,0.2725588086357792,0.03011592978745334,3,0.2725588086357792,0.03011592978745334,3,0.8763637882877351,0.0026366220813879467,3,,,0,2.594608840208249,0.03318101546276834,3,83.20933333333333,18.00288136891797,3,,,0,,,0,3,3,0,1.0,True
letter,6,label_propagation,250,0.39841666666666664,0.018175074506954124,3,0.39709962208252486,0.01902158339430686,3,0.40946221731002436,0.019610962876719363,3,0.40946221731002436,0.019610962876719363,3,0.912612165357833,0.012091748449740048,3,,,0,2.091985723258586,0.07560221498929641,3,80.43,6.74626052935995,3,,,0,,,0,3,3,0,1.0,True
letter,6,label_propagation,500,0.47641666666666665,0.013077493388770395,3,0.4752008362695983,0.013632110859869678,3,0.5017105561552322,0.018972140828224127,3,0.5017105561552322,0.018972140828224127,3,0.9491380129925878,0.0017019443052672023,3,,,0,1.6778260542117203,0.027055362944471688,3,74.75246666666668,6.131221204077799,3,,,0,,,0,3,3,0,1.0,True
letter,6,label_spreading,50,0.374,0.008485281374238578,2,0.3734684385991747,0.009076916359335373,2,0.3632350460142285,0.011985503218337561,2,0.3632350460142285,0.011985503218337561,2,0.8333789808724585,0.019102641948639792,2,,,0,5.257352921213678,0.8810764991159774,2,12.639,0.06590235200658776,2,,,0,,,0,3,2,1,0.6666666666666666,False
letter,6,label_spreading,100,0.513,0.010720890821195778,3,0.5123547806749426,0.010299660532874571,3,0.5184059634029112,0.01603632129941894,3,0.5184059634029112,0.01603632129941894,3,0.8943246793950048,0.007849272879549413,3,,,0,2.92027145182784,0.26050820564436106,3,12.948633333333333,1.5769245395177713,3,,,0,,,0,3,3,0,1.0,True
letter,6,label_spreading,250,0.5978333333333333,0.00418578945162479,3,0.5966513777210795,0.004028462412126018,3,0.6004617988438475,0.005499869850302904,3,0.6004617988438475,0.005499869850302904,3,0.9345983080264508,0.013328199438357313,3,,,0,1.8743702526584107,0.30094470390172967,3,12.6738,2.0206271031538696,3,,,0,,,0,3,3,0,1.0,True
letter,6,label_spreading,500,0.6815000000000001,0.006144102863722296,3,0.6801474825411059,0.006060531168043294,3,0.6825108220224472,0.007549150121521918,3,0.6825108220224472,0.007549150121521918,3,0.9641951911796607,0.002702078341287283,3,,,0,1.223196912698587,0.03669894825397948,3,11.211799999999998,0.4188433119914893,3,,,0,,,0,3,3,0,1.0,True
letter,6,lightgbm,50,0.22791666666666666,0.05050082507576815,3,0.22672880924829264,0.049132031698465924,3,0.20304685441633782,0.042177087600670106,3,0.20304685441633782,0.042177087600670106,3,0.7583412799601029,0.031345265837022476,3,,,0,3.7646010157724556,0.49461786979730443,3,10.766799999999998,1.1357065510069053,3,,,0,,,0,3,3,0,1.0,True
letter,6,lightgbm,100,0.49524999999999997,0.008011710179480982,3,0.4943553905997593,0.0075192243508369755,3,0.4935526200452219,0.01145940765462688,3,0.4935526200452219,0.01145940765462688,3,0.8820728307827559,0.00542824703329443,3,,,0,2.8617772031715187,0.0863438456183247,3,15.300166666666668,1.348164475623556,3,,,0,,,0,3,3,0,1.0,True
letter,6,lightgbm,250,0.60725,0.014551632210855203,3,0.606658128526189,0.014110148346417866,3,0.6070024252871002,0.013413858752550866,3,0.6070024252871002,0.013413858752550866,3,0.9327312875158086,0.009496470023739741,3,,,0,2.163182751223188,0.18633840403325289,3,21.972800000000003,1.0077771628688548,3,,,0,,,0,3,3,0,1.0,True
letter,6,lightgbm,500,0.71075,0.013536986370680845,3,0.7100562381382113,0.013696048896758127,3,0.7099291493207414,0.013567036917485814,3,0.7099291493207414,0.013567036917485814,3,0.963989651666968,0.0036163031900779477,3,,,0,1.5384433826270378,0.09817342704243279,3,38.326166666666666,4.080699180696042,3,,,0,,,0,3,3,0,1.0,True
letter,6,logistic_regression,50,0.3176666666666667,0.03707200201409861,3,0.3164657441519747,0.038558380101680494,3,0.2935300620169612,0.047411908578320484,3,0.2935300620169612,0.047411908578320484,3,0.8169678185362609,0.022073043510207068,3,,,0,2.6238977909088135,0.2137569976863551,3,0.8374666666666668,0.2702828210103878,3,,,0,,,0,3,3,0,1.0,True
letter,6,logistic_regression,100,0.5226666666666667,0.019125136165092604,3,0.5212372188139374,0.019491421586683853,3,0.5197335228666767,0.02239767981175063,3,0.5197335228666767,0.02239767981175063,3,0.9046392355736693,0.008187189274222788,3,,,0,1.858392874399821,0.05117007558137371,3,1.0173333333333334,0.18845918214120888,3,,,0,,,0,3,3,0,1.0,True
letter,6,logistic_regression,250,0.5979166666666668,0.01700428867472356,3,0.5960283488795813,0.01626461751357423,3,0.5964352031130088,0.01828099328153979,3,0.5964352031130088,0.01828099328153979,3,0.936292189613381,0.005352219881209744,3,,,0,1.5486012697219849,0.04994498016943986,3,0.7041000000000001,0.17024473560142764,3,,,0,,,0,3,3,0,1.0,True
letter,6,logistic_regression,500,0.6660833333333334,0.015145819005036757,3,0.6645785928279603,0.015214078830084918,3,0.6641184795311936,0.013785592533175838,3,0.6641184795311936,0.013785592533175838,3,0.9564461636638715,0.0038894078920965313,3,,,0,1.2721442778905232,0.039975274252728704,3,1.1639666666666668,0.5437155536981937,3,,,0,,,0,3,3,0,1.0,True
letter,6,mlp,50,0.057083333333333326,0.027550332726363456,3,0.05711672925428687,0.027500099024144794,3,0.030629503762982832,0.011834506793896618,3,0.030629503762982832,0.011834506793896618,3,0.5659396343513842,0.125404402106478,3,,,0,3.2503448327382407,0.11167128410629948,3,0.781,0.08081837662314179,3,,,0,,,0,3,3,0,1.0,True
letter,6,mlp,100,0.10191666666666666,0.07047886799128751,3,0.1015083757751871,0.07039657574683865,3,0.07110640953590826,0.061018576795508386,3,0.07110640953590826,0.061018576795508386,3,0.6339086969766713,0.14339563034400948,3,,,0,3.1754039923350015,0.14097693906029443,3,1.8693333333333335,0.3232723980381458,3,,,0,,,0,3,3,0,1.0,True
letter,6,mlp,250,0.20775,0.11962519592460444,3,0.20731188818311183,0.1187222309515456,3,0.16371624668784096,0.12028687944468565,3,0.16371624668784096,0.12028687944468565,3,0.7807510006832153,0.06004899556833884,3,,,0,2.88692839940389,0.2787571926846451,3,2.296533333333333,0.7814935977558186,3,,,0,,,0,3,3,0,1.0,True
letter,6,mlp,500,0.5650833333333333,0.029341026453301448,3,0.5638355723670828,0.02921972837048594,3,0.5540067465348592,0.034694150939363025,3,0.5540067465348592,0.034694150939363025,3,0.9384339424810731,0.0043765746547039545,3,,,0,1.6022514899571736,0.16066343030492775,3,3.8721666666666668,0.5668349877462868,3,,,0,,,0,3,3,0,1.0,True
letter,6,random_forest,50,0.3130833333333333,0.025105195345452566,3,0.31161215427651356,0.026756685195569726,3,0.27803536356090724,0.03544998861041066,3,0.27803536356090724,0.03544998861041066,3,0.8112252366268007,0.027122483446854896,3,,,0,3.4316336601612245,0.4840888578600115,3,5.3922,2.1736509126352375,3,,,0,,,0,3,3,0,1.0,True
letter,6,random_forest,100,0.5215833333333334,0.006756170019569777,3,0.5205650737380448,0.0069274826754385415,3,0.5188428726600158,0.009435518748391084,3,0.5188428726600158,0.009435518748391084,3,0.90020889099975,0.009369206369718629,3,,,0,2.289002996578932,0.09276874830860075,3,3.4293333333333336,1.0827708175478936,3,,,0,,,0,3,3,0,1.0,True
letter,6,random_forest,250,0.6269166666666667,0.021131039570578006,3,0.626059504613258,0.020909800420576195,3,0.6242981015024858,0.0219446826293703,3,0.6242981015024858,0.0219446826293703,3,0.9344939065432359,0.007149938008300078,3,,,0,1.9383937821358936,0.1639497790425165,3,5.367366666666666,0.8761666184769499,3,,,0,,,0,3,3,0,1.0,True
letter,6,random_forest,500,0.7278333333333333,0.011514483632943927,3,0.7269478079422216,0.011644789229198843,3,0.7271055063331269,0.012188940962979077,3,0.7271055063331269,0.012188940962979077,3,0.9640587201800092,0.0030242019375647466,3,,,0,1.3614721997157513,0.07002589684514873,3,3.5497,1.709191443343899,3,,,0,,,0,3,3,0,1.0,True
letter,6,rpl_lite_xgboost,50,0.23208333333333334,0.021507750540987147,3,0.230113142154738,0.0228377000943355,3,0.1696868579247742,0.022162470742699874,3,0.1696868579247742,0.022162470742699874,3,0.696859587273685,0.03441685535855108,3,,,0,3.3987335364023843,0.3414942603239486,3,27.89603333333333,1.2394032851874057,3,1402.0,521.486337309042,3,0.08789968652037612,0.032695068169845916,3,3,3,0,1.0,True
letter,6,rpl_lite_xgboost,100,0.4681666666666667,0.016233324777547367,3,0.4674417354243257,0.01566571531635706,3,0.45854074493798613,0.01755019435981264,3,0.45854074493798613,0.01755019435981264,3,0.8471436299583006,0.007943324202945468,3,,,0,2.5300281842549643,0.13434614294901054,3,68.90626666666667,50.640515518933384,3,4292.333333333333,161.0910715506396,3,0.26995807127882593,0.01013151393400252,3,3,3,0,1.0,True
letter,6,rpl_lite_xgboost,250,0.6049166666666667,0.014580237766694128,3,0.6040275894293273,0.014993146975613483,3,0.6026908357395614,0.01736563884543549,3,0.6026908357395614,0.01736563884543549,3,0.916460534746944,0.00622028929253652,3,,,0,1.8081445296605427,0.05536085720826864,3,50.93453333333333,1.0968767220309419,3,6000.0,0.0,3,0.3809523809523809,0.0,3,3,3,0,1.0,True
letter,6,rpl_lite_xgboost,500,0.6920000000000001,0.014422205101855889,3,0.691482822707436,0.014329587240015276,3,0.6904217683282156,0.01426720477195609,3,0.6904217683282156,0.01426720477195609,3,0.9580965386382472,0.0025880981036449364,3,,,0,1.258117953936259,0.036995772265990046,3,60.0693,2.814140257698612,3,6000.0,0.0,3,0.3870967741935483,0.0,3,3,3,0,1.0,True
letter,6,rpl_lr,50,0.2634166666666667,0.04167758190362456,3,0.2626721823725082,0.043725303576300056,3,0.2310295965297596,0.054525089048519694,3,0.2310295965297596,0.054525089048519694,3,0.7610906281789297,0.03233565019366945,3,,,0,3.797623634338379,0.5467469741984476,3,0.9413,0.11234860924817885,3,,,0,,,0,3,3,0,1.0,True
letter,6,rpl_lr,100,0.43133333333333335,0.013496141423878666,3,0.43078009969197883,0.013745171235393218,3,0.4180018417272708,0.006213525215223041,3,0.4180018417272708,0.006213525215223041,3,0.8691464477729132,0.01614255322535478,3,,,0,2.677647272745768,0.20116855692691568,3,1.2808333333333335,0.06836770680177397,3,,,0,,,0,3,3,0,1.0,True
letter,6,rpl_lr,250,0.5375,0.018829830057650484,3,0.5354926596116093,0.01925423667247358,3,0.521765973450588,0.023548215843266065,3,0.521765973450588,0.023548215843266065,3,0.9178642654156047,0.00437391255440445,3,,,0,1.9946465094884236,0.044558140991531374,3,1.3104666666666667,0.267378090600807,3,,,0,,,0,3,3,0,1.0,True
letter,6,rpl_lr,500,0.6268333333333334,0.0115713367133332,3,0.6251323667890974,0.011472678507615049,3,0.6134253082192246,0.011107249522069365,3,0.6134253082192246,0.011107249522069365,3,0.9514521492242326,0.004152739862513399,3,,,0,1.444018801053365,0.06635501417458238,3,1.5274333333333334,0.14239277837493503,3,,,0,,,0,3,3,0,1.0,True
letter,6,self_training_catboost,50,0.27216666666666667,0.033182575748927835,3,0.2706623558723202,0.03480298862588967,3,0.230378637688868,0.04664328051343125,3,0.230378637688868,0.04664328051343125,3,0.8083920922213014,0.03339840647198343,3,,,0,2.862028545517383,0.05237230642619787,3,13.7408,3.843474585580083,3,0.0,0.0,3,0.0,0.0,3,3,3,0,1.0,True
letter,6,self_training_catboost,100,0.5031666666666667,0.0021842237370135508,3,0.5015359049876765,0.002332848198763157,3,0.4991031331264,0.005642395026380741,3,0.4991031331264,0.005642395026380741,3,0.8961804202500133,0.006624978632650619,3,,,0,2.4537259745398488,0.008334391397779339,3,14.888733333333334,0.5248339959771398,3,0.0,0.0,3,0.0,0.0,3,3,3,0,1.0,True
letter,6,self_training_catboost,250,0.5966666666666667,0.021587515682295045,3,0.5950650482364714,0.021084722085641282,3,0.5950245870558057,0.020184289176629986,3,0.5950245870558057,0.020184289176629986,3,0.9351003282870513,0.011443598921461153,3,,,0,2.0006136722865464,0.051734998347834155,3,18.587833333333332,1.277239415040631,3,0.0,0.0,3,0.0,0.0,3,3,3,0,1.0,True
letter,6,self_training_catboost,500,0.6799166666666666,0.02316291936119743,3,0.6789400134794136,0.023096726019334116,3,0.6794868865636818,0.022418566295995028,3,0.6794868865636818,0.022418566295995028,3,0.9621249004995923,0.004594971836213145,3,,,0,1.5640053182995144,0.03332824177498194,3,16.327333333333332,7.406248647144742,3,0.0,0.0,3,0.0,0.0,3,3,3,0,1.0,True
letter,6,self_training_lightgbm,50,0.27075,0.01381122731693316,3,0.2698977556025594,0.0157946981120301,3,0.2316270623901946,0.032446158689349025,3,0.2316270623901946,0.032446158689349025,3,0.6963189800639812,0.010641504478468126,3,,,0,7.079873852196566,0.7011533377043513,3,140.98576666666665,30.272451211346155,3,5135.333333333333,588.3717645616022,3,0.32196447230929987,0.03688851188473995,3,3,3,0,1.0,True
letter,6,self_training_lightgbm,100,0.5139166666666667,0.010713115015406841,3,0.5130574145886008,0.010335941058548235,3,0.5037170821233315,0.01769405545214797,3,0.5037170821233315,0.01769405545214797,3,0.8527413261534921,0.00707654377252943,3,,,0,3.6426057576312,0.15742417326873698,3,155.98043333333334,51.146982032699974,3,6000.0,0.0,3,0.3773584905660377,0.0,3,3,3,0,1.0,True
letter,6,self_training_lightgbm,250,0.6164999999999999,0.020323939086702714,3,0.6157681268509725,0.019976587803088346,3,0.6139116855538708,0.018480999881841497,3,0.6139116855538708,0.018480999881841497,3,0.9152427550953952,0.007609315071656225,3,,,0,2.513864605089559,0.18330671617256228,3,205.03863333333334,87.0742651612021,3,6000.0,0.0,3,0.3809523809523809,0.0,3,3,3,0,1.0,True
letter,6,self_training_lightgbm,500,0.7008333333333333,0.004639055219905664,3,0.7001495765991385,0.0048026170583474375,3,0.700091383607901,0.004772417038478896,3,0.700091383607901,0.004772417038478896,3,0.9544130697452772,0.002893524235828639,3,,,0,1.7415340731181475,0.06374321853813265,3,315.4952,253.04859258259074,3,6000.0,0.0,3,0.3870967741935483,0.0,3,3,3,0,1.0,True
letter,6,self_training_lr,50,0.31925,0.03440839287150738,3,0.3180749930448904,0.03584747656923241,3,0.2937585853393188,0.04701790002967153,3,0.2937585853393188,0.04701790002967153,3,0.8167255923790805,0.022486912618192707,3,,,0,2.6336402098337808,0.22900726395283785,3,0.8453666666666667,0.5833962832700713,3,92.66666666666667,160.50337483471597,3,0.0058098223615464665,0.01006290751314828,3,3,3,0,1.0,True
letter,6,self_training_lr,100,0.4891666666666667,0.03703236197345949,3,0.48829487503118035,0.03730551924485845,3,0.48644004635060784,0.03958259585812708,3,0.48644004635060784,0.03958259585812708,3,0.8910728045148534,0.012164488935092291,3,,,0,2.074211835861206,0.15118986614666496,3,1.0517,0.32213548391942165,3,1222.6666666666667,467.8101466763343,3,0.07689727463312367,0.02942202180354301,3,3,3,0,1.0,True
letter,6,self_training_lr,250,0.57075,0.016585008290621973,3,0.5690253808881508,0.016136676344205406,3,0.5647582035944833,0.019046429455047358,3,0.5647582035944833,0.019046429455047358,3,0.9279986267760608,0.0062840389666334595,3,,,0,1.685522158940633,0.07270572038574524,3,2.540366666666667,0.9739701449907656,3,2005.3333333333333,331.1862517275337,3,0.1273227513227513,0.021027698522383113,3,3,3,0,1.0,True
letter,6,self_training_lr,500,0.65025,0.0193858840396821,3,0.648681214644474,0.01932410991657132,3,0.6443706789693697,0.01910434389831075,3,0.6443706789693697,0.01910434389831075,3,0.9548953488826474,0.0031996806001207464,3,,,0,1.3163141012191772,0.0474943154693725,3,2.134933333333333,0.5948615833396316,3,2653.3333333333335,254.07151224278041,3,0.1711827956989247,0.016391710467276135,3,3,3,0,1.0,True
letter,6,self_training_xgboost,50,0.24949999999999997,0.02434260668046871,3,0.24742151738514503,0.02598459873254683,3,0.18651229633136082,0.0241528605510402,3,0.18651229633136082,0.0241528605510402,3,0.7174537310412833,0.047341920421614815,3,,,0,2.9239730834960938,0.3421727585174586,3,40.3623,20.817421170500445,3,240.0,415.69219381653056,3,0.015047021943573666,0.02606220650887339,3,3,3,0,1.0,True
letter,6,self_training_xgboost,100,0.4644166666666667,0.018066428350211713,3,0.46408345702183845,0.01758619667784541,3,0.46030980424255513,0.020047565386711295,3,0.46030980424255513,0.020047565386711295,3,0.8770497706961705,0.00595647371804383,3,,,0,2.0807878971099854,0.06193906261361993,3,80.65236666666667,4.023612007057013,3,1043.6666666666667,299.4016254687562,3,0.06563941299790353,0.018830290909984653,3,3,3,0,1.0,True
letter,6,self_training_xgboost,250,0.5975,0.01718102150630164,3,0.5966838135037675,0.017633936476228913,3,0.5947750041240577,0.020111597786077302,3,0.5947750041240577,0.020111597786077302,3,0.9166506332239637,0.005914613739799398,3,,,0,1.779589056968689,0.055993585898601136,3,107.55256666666666,2.2305324797754795,3,5324.0,320.48556909789244,3,0.33803174603174596,0.020348290101453503,3,3,3,0,1.0,True
letter,6,self_training_xgboost,500,0.6944166666666667,0.016008461304364403,3,0.6938807367278357,0.016053989019057788,3,0.6929750429959097,0.0159441032273021,3,0.6929750429959097,0.0159441032273021,3,0.9579404718969764,0.0020056918612837878,3,,,0,1.2565149068832397,0.029627652298436512,3,129.39133333333334,4.633495969927384,3,6000.0,0.0,3,0.3870967741935483,0.0,3,3,3,0,1.0,True
letter,6,xgboost,50,0.2544166666666667,0.015992836938246234,3,0.2523191242007249,0.017600229251954883,3,0.1906342762281593,0.017013856892312173,3,0.1906342762281593,0.017013856892312173,3,0.7264593467062989,0.03218620929792858,3,,,0,2.798513491948446,0.12765497546858595,3,14.238633333333333,1.637227089726202,3,,,0,,,0,3,3,0,1.0,True
letter,6,xgboost,100,0.48825,0.007365459931328124,3,0.48772585953603703,0.007323362211971535,3,0.4855744015514965,0.01016400496702279,3,0.4855744015514965,0.01016400496702279,3,0.8898006323629621,0.0027723371363793875,3,,,0,1.934165636698405,0.004149351574359927,3,18.0175,0.3609219860302224,3,,,0,,,0,3,3,0,1.0,True
letter,6,xgboost,250,0.6028333333333333,0.005751811308912499,3,0.6022841831487976,0.0057099984095064435,3,0.6026120660885431,0.0048392886600041925,3,0.6026120660885431,0.0048392886600041925,3,0.9345553532960077,0.008745056034470695,3,,,0,1.4833712577819824,0.07368508448178422,3,19.9469,0.5377111864188792,3,,,0,,,0,3,3,0,1.0,True
letter,6,xgboost,500,0.7013333333333334,0.013000801257358472,3,0.7007049139503255,0.013199836026566464,3,0.7005158589847897,0.013504601310541011,3,0.7005158589847897,0.013504601310541011,3,0.9637193985921453,0.0032372550141367114,3,,,0,1.110205094019572,0.0428422685598972,3,25.735333333333333,0.5681289671661994,3,,,0,,,0,3,3,0,1.0,True
phoneme,1489,catboost,50,0.7502312673450509,0.016830162255929888,3,0.6762597651411301,0.022390809430730095,3,0.6809476306064407,0.012597429455847532,3,0.6809476306064407,0.012597429455847532,3,0.7942273495521386,0.020843597918327097,3,0.5553654588423492,0.05969122297275059,3,0.7216776506894712,0.0726259045975691,3,2.8892666666666664,1.1960366479892384,3,,,0,,,0,3,3,0,1.0,True
phoneme,1489,catboost,100,0.761332099907493,0.005150568328242394,3,0.6964176590087039,0.031141891163528307,3,0.7008616405643134,0.024208694602570382,3,0.7008616405643134,0.024208694602570382,3,0.8312199613523378,0.012068253643986586,3,0.5965451686625692,0.057604699400860736,3,0.7377705130707977,0.15291036514939693,3,2.7157,1.4254232038240433,3,,,0,,,0,3,3,0,1.0,True
phoneme,1489,catboost,250,0.8051187172371262,0.011304534554315923,3,0.7553876878017628,0.015451609303639797,3,0.7600730334657554,0.013017027193798488,3,0.7600730334657554,0.013017027193798488,3,0.8781690257155598,0.007981360155585036,3,0.7054014537248742,0.03804608514568574,3,0.49728270801699215,0.03393971058636393,3,3.5842333333333336,1.0973994821091058,3,,,0,,,0,3,3,0,1.0,True
phoneme,1489,catboost,500,0.8322540857230959,0.006296817100420008,3,0.7850437125979267,0.013176945285636591,3,0.7921490831224776,0.010401317009048157,3,0.7921490831224776,0.010401317009048157,3,0.9006790867700575,0.007256545513617396,3,0.769352017382508,0.008869874937634433,3,0.40419420553356417,0.016498543507489694,3,3.4123,0.4894616532477288,3,,,0,,,0,3,3,0,1.0,True
phoneme,1489,label_propagation,50,0.7187789084181313,0.02701772778262767,3,0.6269385766429386,0.053594413493904695,3,0.620283715720188,0.03657297095407929,3,0.620283715720188,0.03657297095407929,3,0.7599399364680882,0.04369129587056245,3,0.5014569932283195,0.07986007644652508,3,0.6860445396204627,0.10646174077144899,3,2.8120999999999996,0.7815072424488462,3,,,0,,,0,3,3,0,1.0,True
phoneme,1489,label_propagation,100,0.7471477027443725,0.01736405578205493,3,0.6550063036429,0.05361894220882728,3,0.6596368704422136,0.053371521701148325,3,0.6596368704422136,0.053371521701148325,3,0.813653718048238,0.03490573305007989,3,0.5879226903096321,0.05998048755285361,3,0.5468406246983103,0.053965431922560515,3,2.6473333333333335,0.879203829230363,3,,,0,,,0,3,3,0,1.0,True
phoneme,1489,label_propagation,250,0.7693493678692569,0.0029736820107902967,3,0.6765577430205735,0.017474726069514463,3,0.689991204522697,0.014429003644203768,3,0.689991204522697,0.014429003644203768,3,0.8442931386636277,0.014075449065839298,3,0.6296125466756821,0.013051584523410082,3,0.4893792312823255,0.025275721991927513,3,2.4299,1.01026497514266,3,,,0,,,0,3,3,0,1.0,True
phoneme,1489,label_propagation,500,0.7989515880357693,0.0047470873630406285,3,0.7313375008946218,0.010621970801840241,3,0.7430698757465959,0.008287191105504944,3,0.7430698757465959,0.008287191105504944,3,0.870991406125269,0.008490643671484516,3,0.7058414216070693,0.020309880669062877,3,0.42173498644713003,0.007702739829013294,3,1.8686666666666667,0.7281394120175979,3,,,0,,,0,3,3,0,1.0,True
phoneme,1489,label_spreading,50,0.7246376811594203,0.021101587555874976,3,0.659076144703013,0.0473565794649983,3,0.6551737771935652,0.026810826363059957,3,0.6551737771935652,0.026810826363059957,3,0.7604787740653266,0.03110599175624479,3,0.49689012369991087,0.058617964843154576,3,1.1020018555658415,0.1458350731346184,3,2.5028,0.4281035038399012,3,,,0,,,0,3,3,0,1.0,True
phoneme,1489,label_spreading,100,0.7508479802651866,0.021543063181879245,3,0.6917690664552607,0.0330504605418259,3,0.694277461709118,0.030780542247078196,3,0.694277461709118,0.030780542247078196,3,0.8118355712641968,0.02830945472187878,3,0.5608079930931241,0.0417389541983252,3,1.2328167725399135,0.3810659281583469,3,1.5580666666666667,0.1886128397891653,3,,,0,,,0,3,3,0,1.0,True
phoneme,1489,label_spreading,250,0.7782917052112243,0.007477246779514164,3,0.7161062205118888,0.015321356999298574,3,0.722919003648563,0.013334144555967905,3,0.722919003648563,0.013334144555967905,3,0.8504976849940267,0.008313317705666269,3,0.6563308067103497,0.019380211656787643,3,0.6237453777819096,0.11786775516922386,3,1.9156333333333333,0.440166529092494,3,,,0,,,0,3,3,0,1.0,True
phoneme,1489,label_spreading,500,0.8125192722787542,0.014954493559028241,3,0.7593928408233824,0.018685548065933696,3,0.7668340592228368,0.018809025565453354,3,0.7668340592228368,0.018809025565453354,3,0.8798165061852775,0.015464564282728683,3,0.726999005087964,0.016962397023985713,3,0.4730955676190467,0.04524042605792885,3,1.5460333333333331,0.11356550239105774,3,,,0,,,0,3,3,0,1.0,True
phoneme,1489,lightgbm,50,0.7067530064754856,0.0,3,0.5,0.0,3,0.41409214092140917,0.0,3,0.41409214092140917,0.0,3,0.5482400724506031,0.08355425644524823,3,0.32189173664017295,0.04961415044607965,3,0.5954881329286347,0.01672184409292797,3,0.5183333333333334,0.45780240643025605,3,,,0,,,0,3,3,0,1.0,True
phoneme,1489,lightgbm,100,0.7705827937095281,0.012237517627495772,3,0.7201884486432029,0.01986457901936717,3,0.7211044662863139,0.016208945937143258,3,0.7211044662863139,0.016208945937143258,3,0.8067548075599671,0.00700665957059375,3,0.5898668255242414,0.05251042252273235,3,0.6443292941507571,0.07543962007193648,3,0.6850333333333333,0.08237744432387623,3,,,0,,,0,3,3,0,1.0,True
phoneme,1489,lightgbm,250,0.7980265186555658,0.005576053444349362,3,0.7512930725992479,0.011569509458629681,3,0.7537125272027435,0.008504945960241766,3,0.7537125272027435,0.008504945960241766,3,0.8583923783727242,0.008865583513581967,3,0.6849002549189288,0.037700338188993855,3,0.7782792944380286,0.0435778384358296,3,2.2685,1.091366001852724,3,,,0,,,0,3,3,0,1.0,True
phoneme,1489,lightgbm,500,0.8362627197039778,0.0018501387604070718,3,0.7915710109501709,0.0022154578793141468,3,0.7979607527289335,0.0021598153342828564,3,0.7979607527289335,0.0021598153342828564,3,0.8942818526654225,0.007272628421074807,3,0.7491263589684442,0.007998899412913122,3,0.6741778963433752,0.01294069972040376,3,4.116233333333333,0.23244591485619479,3,,,0,,,0,3,3,0,1.0,True
phoneme,1489,logistic_regression,50,0.7363552266419982,0.01757631822386678,3,0.663982113069186,0.08582991119851764,3,0.6537055983269465,0.086105313805189,3,0.6537055983269465,0.086105313805189,3,0.7680273176210216,0.012358964015361674,3,0.505624928080248,0.013868699737914462,3,0.5374140938123068,0.013510294274775653,3,0.08833333333333333,0.03397445118516758,3,,,0,,,0,3,3,0,1.0,True
phoneme,1489,logistic_regression,100,0.7526981190255936,0.019543573083553274,3,0.6853876602749379,0.04129187246612348,3,0.6899568949007454,0.03561690854178026,3,0.6899568949007454,0.03561690854178026,3,0.7894789722584657,0.010559060396230809,3,0.5567858313193991,0.038324049821694024,3,0.511310080687205,0.023785331877237387,3,0.09343333333333333,0.020185225620075024,3,,,0,,,0,3,3,0,1.0,True
phoneme,1489,logistic_regression,250,0.7403638606228801,0.008082233994499583,3,0.6560516348181302,0.024407836491554553,3,0.6638674966312168,0.02210740183291655,3,0.6638674966312168,0.02210740183291655,3,0.8059950671929795,0.009906496319826954,3,0.5889597150967754,0.009193081552149387,3,0.4787563383579254,0.007597317031251131,3,0.08116666666666666,0.0037098966742125494,3,,,0,,,0,3,3,0,1.0,True
phoneme,1489,logistic_regression,500,0.7412889300030835,0.0010681781113591755,3,0.6542451869346678,0.001584880101073478,3,0.663399278648011,0.001590884838055007,3,0.663399278648011,0.001590884838055007,3,0.8068084848685043,0.012587091201167066,3,0.5780137567364495,0.01810513036638403,3,0.47643905878067017,0.01017587393283327,3,0.08246666666666667,0.012205463257629072,3,,,0,,,0,3,3,0,1.0,True
phoneme,1489,mlp,50,0.7008942337341968,0.007867623078737658,3,0.5223098034034166,0.02696988574167945,3,0.4742345231998544,0.06712147919895206,3,0.4742345231998544,0.06712147919895206,3,0.6265091581746413,0.07911361304308265,3,0.39884098757372555,0.06953929773071282,3,0.6434852679570516,0.018058506797084425,3,0.26686666666666664,0.0824770473121664,3,,,0,,,0,3,3,0,1.0,True
phoneme,1489,mlp,100,0.6321307431390688,0.13175122909729428,3,0.4868896614751074,0.08819352697123072,3,0.46626116173809357,0.07884965914098593,3,0.46626116173809357,0.07884965914098593,3,0.5773696467207293,0.21396176053355678,3,0.380797407146446,0.1702819017095985,3,0.6196300586064657,0.08830582367453892,3,0.3699333333333333,0.13193120682133297,3,,,0,,,0,3,3,0,1.0,True
phoneme,1489,mlp,250,0.7341967314215232,0.01373138703559188,3,0.5769388519111874,0.0337665172913815,3,0.5661297895047274,0.050214211058777006,3,0.5661297895047274,0.050214211058777006,3,0.7957358195561574,0.0063341381860243144,3,0.5984056966929546,0.011377301218023736,3,0.5405634442965189,0.028188666638256716,3,0.3533,0.030012663993721034,3,,,0,,,0,3,3,0,1.0,True
phoneme,1489,mlp,500,0.7588652482269503,0.012593634200840075,3,0.6654492928358685,0.059494959172990476,3,0.6704290219143677,0.06289189356142802,3,0.6704290219143677,0.06289189356142802,3,0.7985648889843152,0.04379714810488898,3,0.5915172298490151,0.03442049542540804,3,0.49548078576723736,0.06295773102788126,3,0.45766666666666667,0.09673393062071513,3,,,0,,,0,3,3,0,1.0,True
phoneme,1489,random_forest,50,0.7489978415047794,0.0005340890556795196,3,0.6723110421105366,0.058188484929175735,3,0.6713876886911647,0.05378876638700833,3,0.6713876886911647,0.05378876638700833,3,0.7935054585693758,0.022722011697368146,3,0.5528209964303982,0.04637215036538267,3,0.5196858997435374,0.0703913973607876,3,2.0172666666666665,0.5502637943144482,3,,,0,,,0,3,3,0,1.0,True
phoneme,1489,random_forest,100,0.7650323774283071,0.011367442856100349,3,0.6894994797430095,0.03223288857098543,3,0.6977219007825565,0.02852439254883214,3,0.6977219007825565,0.02852439254883214,3,0.8309095964016935,0.01849371965141387,3,0.6035215452656574,0.054632282612546115,3,0.478363605036986,0.037508790078223594,3,2.939766666666667,2.0956584939663556,3,,,0,,,0,3,3,0,1.0,True
phoneme,1489,random_forest,250,0.8008017267961763,0.007534253298100875,3,0.7397214835857543,0.0163856232591664,3,0.7487121690668938,0.009518132087764846,3,0.7487121690668938,0.009518132087764846,3,0.8759173314394878,0.004589286050884992,3,0.7093391709767215,0.026319844027223017,3,0.43567111513105233,0.03402945654162125,3,2.1061666666666667,0.5142081517569836,3,,,0,,,0,3,3,0,1.0,True
phoneme,1489,random_forest,500,0.8344125809435706,0.004239200457868508,3,0.7887240490858342,0.0010466220006556206,3,0.7954101441624234,0.0029985016478299934,3,0.7954101441624234,0.0029985016478299934,3,0.9021724170203864,0.0031300385256324294,3,0.7652642320777935,0.007781206098121491,3,0.3864348842834378,0.020415990570358193,3,2.1805333333333334,0.06539146223577899,3,,,0,,,0,3,3,0,1.0,True
phoneme,1489,rpl_lite_xgboost,50,0.7465309898242368,0.0009250693802035637,3,0.711785885345269,0.027985880250139587,3,0.7028589335389214,0.015264456338398794,3,0.7028589335389214,0.015264456338398794,3,0.7953036484053709,0.03792491087540759,3,0.5685573493427346,0.056331640514614874,3,1.1190165678660076,0.047713274984963236,3,7.5408,3.375462058740995,3,1993.6666666666667,159.92602456552632,3,0.46657305562056317,0.037427106146858465,3,3,3,0,1.0,True
phoneme,1489,rpl_lite_xgboost,100,0.7718162195497996,0.005652267277158061,3,0.7429015200312704,0.016027398840238773,3,0.7337969913052337,0.010788771994437812,3,0.7337969913052337,0.010788771994437812,3,0.8285312787311234,0.022841247296966297,3,0.60863787150921,0.06740464049960238,3,0.9353115757306417,0.15578950201842937,3,9.209666666666665,0.9259778957044996,3,2045.6666666666667,28.290163190291644,3,0.4844107664377615,0.006699067769427374,3,3,3,0,1.0,True
phoneme,1489,rpl_lite_xgboost,250,0.7989515880357693,0.011749959224950753,3,0.7734803816319004,0.014399917782507439,3,0.7647024702916703,0.013627564368619819,3,0.7647024702916703,0.013627564368619819,3,0.8662285772485286,0.011859122296799163,3,0.6935405778930334,0.03642452567433103,3,0.6968722144762675,0.053945199727928494,3,7.5500333333333325,0.4445370325780893,3,1989.0,0.0,3,0.4883378345200098,0.0,3,3,3,0,1.0,True
phoneme,1489,rpl_lite_xgboost,500,0.831945729263028,0.014694730258950224,3,0.7958996041642581,0.018956855688102632,3,0.7966876196169953,0.0183025044819247,3,0.7966876196169953,0.0183025044819247,3,0.8979484257408844,0.011982521729283163,3,0.758782767816898,0.02202311229313022,3,0.515203595161438,0.024735464418337853,3,9.498266666666668,0.7832976467048357,3,1867.0,0.0,3,0.4883599267590897,0.0,3,3,3,0,1.0,True
phoneme,1489,rpl_lr,50,0.7317298797409806,0.024631872258453952,3,0.6422531256709664,0.11604759546135694,3,0.6149672550978166,0.14943900478022792,3,0.6149672550978166,0.14943900478022792,3,0.756222438766578,0.02837681016069298,3,0.4985872189848261,0.004576691675390753,3,1.6508392492930095,0.15045429073652805,3,0.9055666666666667,0.45829837806098905,3,,,0,,,0,3,3,0,1.0,True
phoneme,1489,rpl_lr,100,0.7585568917668826,0.012445535658717598,3,0.6932238591507424,0.03516816886213503,3,0.6978005930565446,0.027879899930075922,3,0.6978005930565446,0.027879899930075922,3,0.7903790994323968,0.019527621491885482,3,0.5622240413033214,0.045309611069330895,3,1.2893460194269817,0.14921575574971846,3,0.7847666666666667,0.5269215627902634,3,,,0,,,0,3,3,0,1.0,True
phoneme,1489,rpl_lr,250,0.7434474252235583,0.010147692057911996,3,0.6490047676460712,0.038285680812261545,3,0.6569607031503516,0.03575401601258206,3,0.6569607031503516,0.03575401601258206,3,0.8051376065976296,0.011063286137987242,3,0.5976801300735574,0.010758551517460219,3,0.7619043389956156,0.046604333752547814,3,1.5740333333333334,0.6941224987949413,3,,,0,,,0,3,3,0,1.0,True
phoneme,1489,rpl_lr,500,0.7295713845205057,0.00839386838656559,3,0.6262682984568462,0.012924125652636252,3,0.6350329088414265,0.014071294358268892,3,0.6350329088414265,0.014071294358268892,3,0.8019376132040673,0.016436668675936336,3,0.571681675311077,0.021193051652179568,3,0.5785636901855469,0.017796599376691646,3,1.6202666666666665,0.7462107566454219,3,,,0,,,0,3,3,0,1.0,True
phoneme,1489,self_training_catboost,50,0.7375886524822696,0.0019256854759168494,3,0.6525502226920133,0.04734165690896592,3,0.6543570034691597,0.04540225413965516,3,0.6543570034691597,0.04540225413965516,3,0.800585357931304,0.018985084696365194,3,0.5630417739577749,0.049389973056893494,3,0.49255721023074867,0.019832772420929276,3,1.1462,0.7970304322922683,3,0.0,0.0,3,0.0,0.0,3,3,3,0,1.0,True
phoneme,1489,self_training_catboost,100,0.7542399013259328,0.008545424890873258,3,0.662177041526968,0.01616451149612268,3,0.6733111732879332,0.015430846090093498,3,0.6733111732879332,0.015430846090093498,3,0.8387629995430547,0.012221150043474405,3,0.6140017726696174,0.047975484575453343,3,0.4624796583538045,0.03227174343182414,3,2.561033333333333,1.626518322470833,3,0.0,0.0,3,0.0,0.0,3,3,3,0,1.0,True
phoneme,1489,self_training_catboost,250,0.7958680234350909,0.012073248196393428,3,0.7325397349717301,0.024939518204122484,3,0.7417989026688212,0.020764105760664862,3,0.7417989026688212,0.020764105760664862,3,0.8704807835235436,0.011772663461697284,3,0.6884818004857404,0.044077207973134046,3,0.4044303333585122,0.019585930184890677,3,5.728633333333334,2.5308257651077706,3,711.6666666666666,66.39528095680697,3,0.1747278828054668,0.016301321128604707,3,3,3,0,1.0,True
phoneme,1489,self_training_catboost,500,0.8183780450200432,0.010641649045166367,3,0.7623072434087018,0.019408350152324387,3,0.7718422964746269,0.01684337351390355,3,0.7718422964746269,0.01684337351390355,3,0.8906221612961831,0.010874806803034206,3,0.7505081528308414,0.020577662375276473,3,0.37264622690063187,0.015646235831889774,3,5.666033333333334,1.2951821351969512,3,750.0,0.0,3,0.1961810096782631,0.0,3,3,3,0,1.0,True
phoneme,1489,self_training_lightgbm,50,0.7067530064754856,0.0,3,0.5,0.0,3,0.41409214092140917,0.0,3,0.41409214092140917,0.0,3,0.5482400724506031,0.08355425644524823,3,0.32189173664017295,0.04961415044607965,3,0.5954881329286347,0.01672184409292797,3,0.3075333333333334,0.15320709296025864,3,0.0,0.0,3,0.0,0.0,3,3,3,0,1.0,True
phoneme,1489,self_training_lightgbm,100,0.7699660807893925,0.006159415465753379,3,0.7406697827032444,0.012711423102897086,3,0.7315670492642551,0.0063266884655735975,3,0.7315670492642551,0.0063266884655735975,3,0.8335273974488139,0.020037265322856455,3,0.6093120907886161,0.06776800709217427,3,1.9203298196328416,0.33807957665638233,3,7.166033333333334,2.098898173645719,3,2037.6666666666667,23.54428451521374,3,0.4825163785618439,0.005575250891596932,3,3,3,0,1.0,True
phoneme,1489,self_training_lightgbm,250,0.810977489978415,0.008342737748053438,3,0.7838339086439735,0.013829517849607884,3,0.7770445773940798,0.01129150156109806,3,0.7770445773940798,0.01129150156109806,3,0.8750942793752512,0.00888934443632855,3,0.7071505433003934,0.038416022946739244,3,1.3472009098223137,0.0786503183233282,3,15.2281,6.707845016844083,3,1989.0,0.0,3,0.4883378345200098,0.0,3,3,3,0,1.0,True
phoneme,1489,self_training_lightgbm,500,0.8368794326241135,0.01072176296682927,3,0.8000052300967292,0.01998551236057293,3,0.8017573847021695,0.015725735959320076,3,0.8017573847021695,0.015725735959320076,3,0.9004905280195551,0.006890552613072637,3,0.7675227281052853,0.008206050972091077,3,1.02971819700499,0.017310605641706747,3,13.688266666666665,3.4801230097991263,3,1867.0,0.0,3,0.4883599267590897,0.0,3,3,3,0,1.0,True
phoneme,1489,self_training_lr,50,0.7215541165587419,0.020033679766612147,3,0.6341313359869193,0.09023317508743645,3,0.6246544525253707,0.08259725712981182,3,0.6246544525253707,0.08259725712981182,3,0.7739896278923811,0.01537952264174504,3,0.5099768861724788,0.01654919073603984,3,0.8739850918451945,0.09649358549215707,3,0.17056666666666667,0.04192282592256077,3,2129.3333333333335,11.547005383792483,3,0.4983228020906467,0.0027023181333472035,3,3,3,0,1.0,True
phoneme,1489,self_training_lr,100,0.7499229108849831,0.02104066865153498,3,0.6825014726851316,0.049005300062894205,3,0.6858243186125002,0.04322655169761758,3,0.6858243186125002,0.04322655169761758,3,0.7948109182398246,0.011095211787665971,3,0.5594504733919337,0.0346149477850879,3,0.78624560435613,0.06514500292499474,3,0.1612,0.02345975276937077,3,2111.0,0.0,3,0.4998816007577552,0.0,3,3,3,0,1.0,True
phoneme,1489,self_training_lr,250,0.730804810360777,0.01620852494721116,3,0.640368226336565,0.038540673307521256,3,0.6468935112580613,0.03634839057493771,3,0.6468935112580613,0.03634839057493771,3,0.7970915156820322,0.013839726276230204,3,0.5694792750225971,0.016704875846776594,3,0.5896011590957642,0.016277221390377475,3,0.15073333333333336,0.023513046024140165,3,1834.0,73.7360156233031,3,0.45028234716425236,0.01810361296913897,3,3,3,0,1.0,True
phoneme,1489,self_training_lr,500,0.72895467160037,0.007225022826925658,3,0.6359832031314516,0.008211669330281389,3,0.644316852864505,0.009022646419961932,3,0.644316852864505,0.009022646419961932,3,0.7961184424221405,0.014504367862198277,3,0.5552726801614912,0.013157798218485462,3,0.5225827892621359,0.007742085203710629,3,0.18610000000000002,0.09116929307612294,3,1492.0,64.78425734698207,3,0.3902694219199581,0.016945921356783192,3,3,3,0,1.0,True
phoneme,1489,self_training_xgboost,50,0.7431390687634906,0.008082233994499633,3,0.6955436823184193,0.052545623966176236,3,0.6883401965770192,0.03755733887712258,3,0.6883401965770192,0.03755733887712258,3,0.7849948524837455,0.04594947818234527,3,0.5567207710576277,0.06301058574649583,3,1.122227390607198,0.05038341660910967,3,5.983433333333333,3.488164142257834,3,1881.0,230.81377775167581,3,0.4402059443014275,0.05401679797605329,3,3,3,0,1.0,True
phoneme,1489,self_training_xgboost,100,0.7702744372494603,0.004563258892059522,3,0.7375041978407958,0.018929777735740835,3,0.7301340197842907,0.012204288980873721,3,0.7301340197842907,0.012204288980873721,3,0.8245674159468401,0.02371168052937662,3,0.5997466395130028,0.06817078034891128,3,0.9219597180684408,0.17898699881333271,3,5.830099999999999,0.4348529521573929,3,2002.0,57.23635208501674,3,0.4740705659483779,0.013553481431450838,3,3,3,0,1.0,True
phoneme,1489,self_training_xgboost,250,0.7989515880357693,0.007758091659210068,3,0.7725575448274343,0.009714828237984348,3,0.7643213670318888,0.009152212356195767,3,0.7643213670318888,0.009152212356195767,3,0.8641213988031337,0.013922428263359099,3,0.688496955519,0.03627380171696139,3,0.7009871006011963,0.06512248577510941,3,9.143466666666667,2.312708231345522,3,1976.0,22.516660498395403,3,0.4851460839675914,0.005528274121874633,3,3,3,0,1.0,True
phoneme,1489,self_training_xgboost,500,0.8331791551032994,0.008984768599650611,3,0.7989254903903854,0.010834975721586003,3,0.798830286506929,0.010730760586748357,3,0.798830286506929,0.010730760586748357,3,0.8972974163322158,0.010589069808453849,3,0.7570148089680134,0.021267648518447615,3,0.5180726051330566,0.018507037408992556,3,7.6295,0.38277842154437036,3,1867.0,0.0,3,0.4883599267590897,0.0,3,3,3,0,1.0,True
phoneme,1489,xgboost,50,0.7363552266419982,0.01604935390647309,3,0.662136439460254,0.07569928939635089,3,0.6577418393133235,0.07378221445840584,3,0.6577418393133235,0.07378221445840584,3,0.7737728541463657,0.052876178785884055,3,0.5373627343180725,0.061689684504277746,3,0.6469907164573669,0.04497729981003534,3,1.5303333333333333,0.7918626227656747,3,,,0,,,0,3,3,0,1.0,True
phoneme,1489,xgboost,100,0.761640456367561,0.023280402205583535,3,0.6947901354870322,0.04199010459218735,3,0.7002806282374122,0.03922915026727885,3,0.7002806282374122,0.03922915026727885,3,0.8165894539228478,0.019845026901935882,3,0.5932294560144834,0.07677187697141516,3,0.595026950041453,0.08222173310628443,3,1.3231,0.6127386310654812,3,,,0,,,0,3,3,0,1.0,True
phoneme,1489,xgboost,250,0.8017267961763799,0.00834273774805345,3,0.749604301892194,0.017082908243252787,3,0.7549423354949126,0.013198279384503497,3,0.7549423354949126,0.013198279384503497,3,0.8648639349045645,0.0066605188717315505,3,0.6938583539452209,0.027889254483041314,3,0.5097437699635824,0.023501147502196434,3,1.109,0.19472644915367812,3,,,0,,,0,3,3,0,1.0,True
phoneme,1489,xgboost,500,0.8325624421831638,0.004032283944070884,3,0.7889532099030506,0.003678510607074222,3,0.7942125170601725,0.004186948979916746,3,0.7942125170601725,0.004186948979916746,3,0.8964372030543766,0.005927427974879074,3,0.7557831855417536,0.012520584195208555,3,0.4305952191352844,0.003216938688599374,3,1.8021,0.49490220246024363,3,,,0,,,0,3,3,0,1.0,True
spambase,44,catboost,50,0.8356858487151646,0.06884484098806515,3,0.8175449509760361,0.07638854947322066,3,0.8231341935994996,0.07668444691889768,3,0.8231341935994996,0.07668444691889768,3,0.9042173115975659,0.03889002929410536,3,0.8775105045805464,0.054614722207140816,3,0.46399767104715056,0.131932257142477,3,3.117766666666667,0.7769948798630099,3,,,0,,,0,3,3,0,1.0,True
spambase,44,catboost,100,0.8682591386174447,0.017586001611663113,3,0.8554977931810778,0.012752316248006365,3,0.8600950131453963,0.016402836801894125,3,0.8600950131453963,0.016402836801894125,3,0.9265817181261952,0.016245119969288683,3,0.9148532896416598,0.021004324750332443,3,0.47060151536819644,0.08742136363384449,3,3.7122333333333333,0.5262461052904176,3,,,0,,,0,3,3,0,1.0,True
spambase,44,catboost,250,0.919290626131017,0.004896036648016162,3,0.9091649634171629,0.006533304172208091,3,0.9143275818559689,0.005459222917469756,3,0.9143275818559689,0.005459222917469756,3,0.9655359393873568,0.006002914281314917,3,0.9552790860509554,0.010423572032067788,3,0.25077837196327535,0.02428482771381498,3,4.891633333333334,1.0711842107375058,3,,,0,,,0,3,3,0,1.0,True
spambase,44,catboost,500,0.941006152732537,0.00654474893956766,3,0.9359109175824719,0.011645431513448174,3,0.9378704427175721,0.007508866406722797,3,0.9378704427175721,0.007508866406722797,3,0.9772965892222979,0.004803777378350503,3,0.9652891069554096,0.011352305337403166,3,0.18287702679262297,0.016689147564967276,3,6.421733333333333,1.2854745984784501,3,,,0,,,0,3,3,0,1.0,True
spambase,44,label_propagation,100,0.6199782844733985,0.0199617549520632,2,0.5179063360881543,0.02532338334827858,2,0.41407651431697523,0.052035375751268376,2,0.41407651431697523,0.052035375751268376,2,0.8674489271996604,0.0032727697668886203,2,0.8088005384001069,0.019010023955795253,2,1.1083847063016692,0.5693169197283741,2,8.162749999999999,0.24345686476252834,2,,,0,,,0,3,2,1,0.6666666666666666,False
spambase,44,label_propagation,250,0.6409699601882012,0.0053560074509405526,3,0.5446967228492156,0.006635797948114505,3,0.4680779558739798,0.012055770987272,3,0.4680779558739798,0.012055770987272,3,0.8898277331806167,0.03547762137253495,3,0.8612083750711127,0.02862544820826276,3,0.75439972243614,0.1448169256212419,3,5.9935,1.6474227265641324,3,,,0,,,0,3,3,0,1.0,True
spambase,44,label_propagation,500,0.7021353601158161,0.050442851483048716,3,0.6267834750239443,0.07030421219767981,3,0.6000931354691795,0.1000325083673519,3,0.6000931354691795,0.1000325083673519,3,0.9170122535225177,0.018698220744121145,3,0.8792981787280064,0.0322414885364344,3,0.5299857366349335,0.06966626704020745,3,4.9177333333333335,0.8681807204340192,3,,,0,,,0,3,3,0,1.0,True
spambase,44,label_spreading,100,0.7774158523344191,0.07524046097316145,2,0.7465120412334488,0.11655249515425645,2,0.7441477703599595,0.11394204454099656,2,0.7441477703599595,0.11394204454099656,2,0.8800529735280469,0.017131858806407017,2,0.8300531964845314,0.018770669070741194,2,0.6170148304499443,0.27286907052866616,2,3.1669,0.026021529547664752,2,,,0,,,0,3,2,1,0.6666666666666666,False
spambase,44,label_spreading,250,0.8396670285921101,0.02505141148124824,3,0.8176214737798316,0.0367207002111178,3,0.8253011211998436,0.03283486112984717,3,0.8253011211998436,0.03283486112984717,3,0.9125311439583189,0.030740698451893256,3,0.8817680790237263,0.032791714690837304,3,0.42015766274288535,0.07673278000839091,3,3.3133,0.11766686024535539,3,,,0,,,0,3,3,0,1.0,True
spambase,44,label_spreading,500,0.8530582699963808,0.003490282577268534,3,0.83412818310179,0.006474442027696404,3,0.8417330869175874,0.0036892122143461223,3,0.8417330869175874,0.0036892122143461223,3,0.9315269014682506,0.017350646988803287,3,0.8962931216679468,0.03156185325511816,3,0.3814453899336612,0.032865195886323216,3,3.797166666666667,1.4279550739898412,3,,,0,,,0,3,3,0,1.0,True
spambase,44,lightgbm,50,0.7173362287368802,0.09656290203779828,3,0.6767133702617573,0.1283622441582722,3,0.6669434401276639,0.1527380213613315,3,0.6669434401276639,0.1527380213613315,3,0.7525211383960162,0.13589206723431654,3,0.6336749923067327,0.15231938204655884,3,0.5498725359395357,0.09369051464363898,3,0.5821,0.3012456140759563,3,,,0,,,0,3,3,0,1.0,True
spambase,44,lightgbm,100,0.8313427433948607,0.0041106828416940105,3,0.819095154872281,0.006881194515491966,3,0.8214929377279283,0.0008331220972761261,3,0.8214929377279283,0.0008331220972761261,3,0.9055272503464097,0.006901158795485257,3,0.8817959388171207,0.008352183345879415,3,0.6420853253364541,0.09568968553038741,3,0.9883666666666667,0.43905126504012415,3,,,0,,,0,3,3,0,1.0,True
spambase,44,lightgbm,250,0.8993847267462902,0.006634202960486199,3,0.8890468714515635,0.006823101890147663,3,0.8933698116178835,0.006731820148513806,3,0.8933698116178835,0.006731820148513806,3,0.9559467269633449,0.0076847303176851385,3,0.9438154783884212,0.010138001223045486,3,0.5029227309543369,0.12613659209939435,3,2.23,0.29611815209473397,3,,,0,,,0,3,3,0,1.0,True
spambase,44,lightgbm,500,0.9305103148751356,0.008618082446464469,3,0.9259654215665946,0.015499636530988818,3,0.9269269626497434,0.009954397009638424,3,0.9269269626497434,0.009954397009638424,3,0.9739131293383493,0.008225690196917395,3,0.9604013925094214,0.012076718518799203,3,0.3597765405768911,0.07925633550027911,3,4.231466666666667,0.21636733425666033,3,,,0,,,0,3,3,0,1.0,True
spambase,44,logistic_regression,50,0.840752804922186,0.062044620236264,3,0.8228497092133455,0.07709266295209967,3,0.827398430209137,0.07286264943860345,3,0.827398430209137,0.07286264943860345,3,0.9022877849857321,0.0466403767621003,3,0.8427614979102799,0.07522318460494416,3,0.4157060583432515,0.10556777392243223,3,0.26533333333333337,0.04213102578069198,3,,,0,,,0,3,3,0,1.0,True
spambase,44,logistic_regression,100,0.8805646036916395,0.04330873110788079,3,0.8699852878738509,0.05484106084754204,3,0.8727295841617898,0.04917752328360883,3,0.8727295841617898,0.04917752328360883,3,0.9329553271391003,0.023829582206678548,3,0.867502552247938,0.053153895666792884,3,0.39400654037793476,0.10758388310389932,3,0.27986666666666665,0.03514218737263424,3,,,0,,,0,3,3,0,1.0,True
spambase,44,logistic_regression,250,0.8986608758595729,0.029741816509665883,3,0.8929421290125102,0.028461689819081492,3,0.893792619892024,0.03052932570611004,3,0.893792619892024,0.03052932570611004,3,0.9448525660646873,0.016698414100879928,3,0.8904965142651284,0.03564513640180053,3,0.3410018583138783,0.07326440522693582,3,0.33723333333333333,0.06504354951363997,3,,,0,,,0,3,3,0,1.0,True
spambase,44,logistic_regression,500,0.9066232356134636,0.013342242917963642,3,0.901117726630923,0.01428708207275739,3,0.9020031844410585,0.013968350878029282,3,0.9020031844410585,0.013968350878029282,3,0.9545610882365526,0.004147007250985285,3,0.9135021843704799,0.009240023611762535,3,0.29780180255572,0.0070135574510727695,3,0.32426666666666665,0.08161380602161214,3,,,0,,,0,3,3,0,1.0,True
spambase,44,mlp,50,0.7433948606587043,0.06937365901757736,3,0.7147452037481363,0.05267466701006994,3,0.720294202724305,0.05933731540682761,3,0.720294202724305,0.05933731540682761,3,0.8055613153364863,0.09106938646357045,3,0.743150798465264,0.11426688588393129,3,0.5508286555608114,0.08346325170270626,3,0.24886666666666665,0.037392557191683655,3,,,0,,,0,3,3,0,1.0,True
spambase,44,mlp,100,0.8052841114730366,0.040876751077800956,3,0.7767311433000583,0.04569797449145407,3,0.7850035366373346,0.0475197509720153,3,0.7850035366373346,0.0475197509720153,3,0.868918905575797,0.056223847916826955,3,0.7854910773364,0.07676853588319692,3,0.519535074631373,0.07508345697018534,3,0.3550333333333333,0.055106291231885096,3,,,0,,,0,3,3,0,1.0,True
spambase,44,mlp,250,0.827723488961274,0.06049570523426227,3,0.7965332701403082,0.06146030577291118,3,0.8088659930451024,0.06585795226821324,3,0.8088659930451024,0.06585795226821324,3,0.9044913126047045,0.06538181238401607,3,0.8545147909306862,0.11428455495976789,3,0.47309742371241253,0.09082376059412728,3,0.40210000000000007,0.01975778327647107,3,,,0,,,0,3,3,0,1.0,True
spambase,44,mlp,500,0.8968512486427795,0.022749540542624215,3,0.883907501209554,0.02477799806307182,3,0.8900334371231695,0.024548490387029376,3,0.8900334371231695,0.024548490387029376,3,0.9499952276100858,0.012580602834958824,3,0.9123443849044884,0.024681567270757286,3,0.33213636279106135,0.022930354032500763,3,0.5907333333333333,0.009943004240838545,3,,,0,,,0,3,3,0,1.0,True
spambase,44,random_forest,50,0.8689829895041621,0.038790236335759516,3,0.8448635919310407,0.05074498503073777,3,0.8555077865376024,0.0476377028556966,3,0.8555077865376024,0.0476377028556966,3,0.9364860728497092,0.01141507371443301,3,0.9208186485038102,0.017296884634743662,3,0.37084032546452694,0.03352512599003477,3,2.6412666666666667,0.5777929156136593,3,,,0,,,0,3,3,0,1.0,True
spambase,44,random_forest,100,0.9022801302931596,0.022801302931596087,3,0.8858205713044423,0.03262009797823485,3,0.8942626353813664,0.027322293408554427,3,0.8942626353813664,0.027322293408554427,3,0.9555517705566583,0.00872930039084946,3,0.9490916302684774,0.009325723312688269,3,0.3196746000584474,0.022104301537584328,3,3.3622,2.08542376269189,3,,,0,,,0,3,3,0,1.0,True
spambase,44,random_forest,250,0.9211002533478103,0.010319636213813406,3,0.910818843370163,0.010141199451475734,3,0.9162259370792382,0.010790949508167008,3,0.9162259370792382,0.010790949508167008,3,0.9676785778936315,0.0063672493350737935,3,0.9602597174466995,0.0074344801821526535,3,0.26893837870261544,0.02854392462228948,3,2.6474333333333333,0.4830197960056435,3,,,0,,,0,3,3,0,1.0,True
spambase,44,random_forest,500,0.9348534201954396,0.007522479077389265,3,0.927463787434462,0.011303060549675344,3,0.9311163563821495,0.008501866763772762,3,0.9311163563821495,0.008501866763772762,3,0.9731824599859791,0.005460273996364523,3,0.9658655296027332,0.004965734097445784,3,0.24295204255906447,0.026007017726334524,3,2.188466666666667,0.24338131262143636,3,,,0,,,0,3,3,0,1.0,True
spambase,44,rpl_lite_xgboost,50,0.836409699601882,0.01374840384598088,3,0.8207095391846125,0.007424386026129556,3,0.8256756673320155,0.011615781042589413,3,0.8256756673320155,0.011615781042589413,3,0.9017233264545093,0.009001028202267806,3,0.8751123486675372,0.015440831759751127,3,0.6245378255844116,0.1002455430554395,3,4.046166666666667,1.85258615004359,3,1772.0,0.0,3,0.48815426997245187,0.0,3,3,3,0,1.0,True
spambase,44,rpl_lite_xgboost,100,0.8338762214983714,0.010470847731805602,3,0.8229509167925589,0.0060909987213279265,3,0.8243734742277938,0.004608229251823205,3,0.8243734742277938,0.004608229251823205,3,0.9199703124434307,0.011429957423854836,3,0.9010722879970096,0.013736529601414771,3,0.5779816706975301,0.044248782875092166,3,6.536733333333333,0.3591232982324221,3,1748.0,0.0,3,0.488268156424581,0.0,3,3,3,0,1.0,True
spambase,44,rpl_lite_xgboost,250,0.8939558450959102,0.009361214011131066,3,0.882962074311048,0.005307759994020982,3,0.8875655768573578,0.008764867490466122,3,0.8875655768573578,0.008764867490466122,3,0.9468742491714145,0.012840587952200881,3,0.9362089546069017,0.013960587526049473,3,0.3707694311936696,0.08207249564793258,3,7.336366666666667,0.2711048567129211,3,1674.0,0.0,3,0.4880466472303207,0.0,3,3,3,0,1.0,True
spambase,44,rpl_lite_xgboost,500,0.917119073470865,0.009852086564470626,3,0.9113841247272333,0.015274469699509048,3,0.9127819872798107,0.01107265723605428,3,0.9127819872798107,0.01107265723605428,3,0.9652907372848721,0.010375172618032509,3,0.9536050439074838,0.011773803130529937,3,0.2633190949757893,0.04569503872336255,3,7.865333333333333,0.462894764858421,3,1552.0,0.0,3,0.48805031446540886,0.0,3,3,3,0,1.0,True
spambase,44,rpl_lr,50,0.8487151646760767,0.06977186644140951,3,0.8241259121024517,0.0881757229400474,3,0.831616911533727,0.08562469493356376,3,0.831616911533727,0.08562469493356376,3,0.9168756644318715,0.051320068192408606,3,0.8692132540732982,0.07734068526978821,3,0.8973091145356497,0.5811846773377004,3,0.47783333333333333,0.30468215132057436,3,,,0,,,0,3,3,0,1.0,True
spambase,44,rpl_lr,100,0.8816503800217155,0.04610396035952686,3,0.8673514223367595,0.057427588424063924,3,0.8726971749391513,0.052716012300034386,3,0.8726971749391513,0.052716012300034386,3,0.9360565577574375,0.02612753766007961,3,0.8826728112885559,0.05990097258202042,3,0.6669131616751353,0.310768335141216,3,0.39419999999999994,0.12262740313649312,3,,,0,,,0,3,3,0,1.0,True
spambase,44,rpl_lr,250,0.9011943539630836,0.0281674739871288,3,0.8939097722088926,0.027986493758849658,3,0.896049538038672,0.029283064591214412,3,0.896049538038672,0.029283064591214412,3,0.9480805118635031,0.017290082093184878,3,0.9024684684386436,0.033412311654109995,3,0.47962486743927,0.1331301912618093,3,0.5605666666666667,0.2602992956835138,3,,,0,,,0,3,3,0,1.0,True
spambase,44,rpl_lr,500,0.9062613101701049,0.011404959288156885,3,0.9000167856472842,0.013143152004121268,3,0.9014586032666485,0.012103977863237135,3,0.9014586032666485,0.012103977863237135,3,0.9556932966023877,0.0041481727669949635,3,0.9239634932124776,0.006291332908653302,3,0.37183215220769245,0.006772401051498706,3,1.1235000000000002,0.4520680922162059,3,,,0,,,0,3,3,0,1.0,True
spambase,44,self_training_catboost,50,0.8403908794788274,0.013164338385431212,3,0.835868459768753,0.014323091374287486,3,0.8338203388151166,0.013815958378285734,3,0.8338203388151166,0.013815958378285734,3,0.9115379931606715,0.0075801339918259774,3,0.8915508241401041,0.011813644934612889,3,0.5041206905211505,0.08530365879494736,3,7.861766666666667,0.8136451888466697,3,1345.3333333333333,39.119475115769816,3,0.37061524334251605,0.010776714907925585,3,3,3,0,1.0,True
spambase,44,self_training_catboost,100,0.8682591386174447,0.020177140593219425,3,0.8625576389506008,0.01739707826265198,3,0.862259208724678,0.019977086162726355,3,0.862259208724678,0.019977086162726355,3,0.9269042658583225,0.013846315742209726,3,0.9174461373962662,0.013588422939563412,3,0.4514120311576917,0.1136940987460551,3,6.481966666666666,0.3981876986213077,3,1432.0,0.0,3,0.4000000000000001,0.0,3,3,3,0,1.0,True
spambase,44,self_training_catboost,250,0.8975750995294969,0.020781581208766702,3,0.8880347956594291,0.020944726762157584,3,0.8917072579749364,0.02173689908629371,3,0.8917072579749364,0.02173689908629371,3,0.9563581398869768,0.013829107900304746,3,0.9444183449186775,0.02054786896852265,3,0.2672428668998789,0.060382909946230835,3,8.0407,0.851598960779074,3,1372.0,0.0,3,0.4000000000000001,0.0,3,3,3,0,1.0,True
spambase,44,self_training_catboost,500,0.9261672095548317,0.00868621064060801,3,0.9191721713715847,0.011664008538594022,3,0.9220877629507213,0.009540205999524001,3,0.9220877629507213,0.009540205999524001,3,0.9718173919053684,0.004361475703120742,3,0.9609051598035402,0.010532924501701938,3,0.199576733510331,0.01358398368165474,3,9.429766666666668,0.46749400352660436,3,1272.0,0.0,3,0.4000000000000001,0.0,3,3,3,0,1.0,True
spambase,44,self_training_lightgbm,50,0.7173362287368802,0.09656290203779828,3,0.6767133702617573,0.1283622441582722,3,0.6669434401276639,0.1527380213613315,3,0.6669434401276639,0.1527380213613315,3,0.7525211383960162,0.13589206723431654,3,0.6336749923067327,0.15231938204655884,3,0.5498725359395357,0.09369051464363898,3,0.9531666666666666,0.677527536955756,3,0.0,0.0,3,0.0,0.0,3,3,3,0,1.0,True
spambase,44,self_training_lightgbm,100,0.8411147303655447,0.006634202960486199,3,0.8260365137197981,0.011443998990983362,3,0.8301406060960219,0.004153922661279239,3,0.8301406060960219,0.004153922661279239,3,0.9286980262053574,0.010619096309412641,3,0.9154431686391575,0.010355561326856236,3,1.0903385285950011,0.133750805260544,3,12.478200000000001,2.089050255498895,3,1748.0,0.0,3,0.488268156424581,0.0,3,3,3,0,1.0,True
spambase,44,self_training_lightgbm,250,0.9066232356134636,0.008887462293021122,3,0.895501940223348,0.008191382648557552,3,0.9008035888166516,0.008969740201282746,3,0.9008035888166516,0.008969740201282746,3,0.9599678768789229,0.011461114732329525,3,0.9501306082102277,0.012321721405841993,3,0.5837340144752132,0.11218182372559232,3,13.785866666666669,0.46564299987579866,3,1674.0,0.0,3,0.4880466472303207,0.0,3,3,3,0,1.0,True
spambase,44,self_training_lightgbm,500,0.9330437929786463,0.009234419704794121,3,0.9286980262053576,0.014390743702518012,3,0.929641195965397,0.010324076178399968,3,0.929641195965397,0.010324076178399968,3,0.9745467052407424,0.007380575026985515,3,0.9646156945299591,0.008882921382934521,3,0.3901424560448716,0.07292846200878338,3,17.100533333333335,1.7130009525196788,3,1552.0,0.0,3,0.48805031446540886,0.0,3,3,3,0,1.0,True
spambase,44,self_training_lr,50,0.8530582699963807,0.06429348542309689,3,0.8346095362224394,0.08413447758906738,3,0.8390229549281848,0.07819191458215212,3,0.8390229549281848,0.07819191458215212,3,0.9221466868094433,0.043699246533245036,3,0.8703181720514103,0.0739945774816045,3,0.5183432598908743,0.24803509455516148,3,0.29716666666666663,0.022989200363069038,3,1815.0,0.0,3,0.5,0.0,3,3,3,0,1.0,True
spambase,44,self_training_lr,100,0.8852696344553022,0.04452124303925229,3,0.8751518113688203,0.056413593706699024,3,0.8777260144344932,0.050477270253148604,3,0.8777260144344932,0.050477270253148604,3,0.9366654488844127,0.027585131089798633,3,0.8743436528392744,0.059505866865529604,3,0.4548959930737813,0.17864235964746483,3,0.37473333333333336,0.06645339218830992,3,1790.0,0.0,3,0.5,0.0,3,3,3,0,1.0,True
spambase,44,self_training_lr,250,0.9022801302931596,0.0281674739871288,3,0.8980148503608915,0.025326277874171323,3,0.8978827799529948,0.028517328771767273,3,0.8978827799529948,0.028517328771767273,3,0.9463608058427218,0.017645275296598702,3,0.894718507639642,0.03767169989197273,3,0.3682165543238322,0.09751142609775215,3,0.3169,0.010376897416858296,3,1715.0,0.0,3,0.5,0.0,3,3,3,0,1.0,True
spambase,44,self_training_lr,500,0.9077090119435396,0.014363470744107447,3,0.9026555881394591,0.015213298384555029,3,0.9032263423026472,0.015014084682662028,3,0.9032263423026472,0.015014084682662028,3,0.9551033304698994,0.004032857760983147,3,0.9171999899881845,0.008712035350035398,3,0.3082963526248932,0.00744799373761753,3,0.34073333333333333,0.02655133392757009,3,1590.0,0.0,3,0.5,0.0,3,3,3,0,1.0,True
spambase,44,self_training_xgboost,50,0.8356858487151647,0.009852086564470652,3,0.8194703634586332,0.003029437491765087,3,0.8246743487741627,0.007459579915451384,3,0.8246743487741627,0.007459579915451384,3,0.9009918342762918,0.008697739729353173,3,0.8726918617003122,0.01345518126107472,3,0.6262225906054179,0.10258630947027028,3,3.4989666666666666,0.909152887766042,3,1772.0,0.0,3,0.48815426997245187,0.0,3,3,3,0,1.0,True
spambase,44,self_training_xgboost,100,0.8335142960550127,0.00762624231114929,3,0.8220104268491365,0.011403010102703308,3,0.8235531162301689,0.0037348407252244835,3,0.8235531162301689,0.0037348407252244835,3,0.9201488656522869,0.009786846142556954,3,0.9010932100918883,0.0121584023568993,3,0.5808705488840739,0.03693806717577327,3,5.934733333333334,0.9632587208706361,3,1748.0,0.0,3,0.488268156424581,0.0,3,3,3,0,1.0,True
spambase,44,self_training_xgboost,250,0.8921462178791169,0.00814935233383837,3,0.8800245860363162,0.003926087727909073,3,0.8853584928920698,0.007407586328343237,3,0.8853584928920698,0.007407586328343237,3,0.9463155504211223,0.012418584469250146,3,0.9354460608004843,0.013561494462060014,3,0.3734871447086334,0.07783518926074136,3,6.973199999999999,0.6980509078856649,3,1674.0,0.0,3,0.4880466472303207,0.0,3,3,3,0,1.0,True
spambase,44,self_training_xgboost,500,0.9185667752442996,0.008887462293021096,3,0.9125788678574603,0.01326683203165131,3,0.9142779580990877,0.0098555532708876,3,0.9142779580990877,0.0098555532708876,3,0.9650990188624599,0.010993815651453416,3,0.9535139832616281,0.01226046135241022,3,0.2639654725790024,0.048770301666616014,3,7.934866666666667,0.7142270810696923,3,1552.0,0.0,3,0.48805031446540886,0.0,3,3,3,0,1.0,True
spambase,44,xgboost,50,0.8508867173362288,0.022313518120591184,3,0.8350637360901291,0.030578265524031107,3,0.8403346167690687,0.026894672324069065,3,0.8403346167690687,0.026894672324069065,3,0.9099178490674092,0.015054252489707601,3,0.8822532326034865,0.02396247771356273,3,0.37827340761820477,0.04489566132604627,3,1.2611999999999999,0.2707586563713153,3,,,0,,,0,3,3,0,1.0,True
spambase,44,xgboost,100,0.8534201954397395,0.0021715526601520097,3,0.8405240084125715,0.014652802636990894,3,0.8439602431308534,0.0061786305282907515,3,0.8439602431308534,0.0061786305282907515,3,0.9271190234044585,0.011448608654128943,3,0.9115867604646523,0.012235236573440821,3,0.3882185220718384,0.03982846266358674,3,1.6166,0.5680549005157864,3,,,0,,,0,3,3,0,1.0,True
spambase,44,xgboost,250,0.9055374592833876,0.010470847731805602,3,0.8942849807952449,0.008917694820268489,3,0.8996624999276356,0.010619362249501087,3,0.8996624999276356,0.010619362249501087,3,0.9557130444227218,0.011043524639522073,3,0.9458449394956734,0.012538934923009006,3,0.2765587071577708,0.053774553147303464,3,1.7209,0.4860622593865934,3,,,0,,,0,3,3,0,1.0,True
spambase,44,xgboost,500,0.924719507781397,0.008292753700607688,3,0.919902840723955,0.014320084802724717,3,0.9208711247980074,0.009593432893019347,3,0.9208711247980074,0.009593432893019347,3,0.9687252123713511,0.00818620635649718,3,0.9559832958992306,0.011109098168188941,3,0.22112272183100382,0.03177826729520627,3,2.7572999999999994,0.2166397008860564,3,,,0,,,0,3,3,0,1.0,True
