timestamp_utc,dataset,dataset_id,method,seed,n_labeled,n_unlabeled,train_labeled_size,val_size,test_size,n_classes,n_features_before_preprocessing,n_features_after_preprocessing,n_pseudo_added_total,n_pseudo_added_last_iter,self_training_iterations,pseudo_label_class_distribution,pseudo_label_fraction,mean_selected_confidence,min_selected_confidence,max_selected_confidence,mean_selected_density,stopped_reason,graph_n_neighbors_used,graph_retry_count,graph_n_rows,graph_n_unlabeled_used,validation_strategy,labeled_classes_present,all_classes_present_in_labeled,min_labeled_per_class,max_labeled_per_class,runtime_seconds,status,error_message,metric_accuracy,metric_balanced_accuracy,metric_macro_f1,metric_log_loss,metric_roc_auc,metric_average_precision
2026-06-29T09:22:46.958555+00:00,phoneme,1489,logistic_regression,0,50,4273,40,10,1081,2,5,5,,,,,,,,,,,,,,,stratified_labeled_val,2,True,15,35,0.1714,success,,0.7215541165587419,0.5649185756519729,0.5544660743211509,0.5325736999511719,0.756990437181033,0.5155103461173063
2026-06-29T09:22:47.141030+00:00,phoneme,1489,logistic_regression,0,100,4223,80,20,1081,2,5,5,,,,,,,,,,,,,,,stratified_labeled_val,2,True,30,70,0.1005,success,,0.7428307123034228,0.6593348968569871,0.6680796826126142,0.4985902607440948,0.7890935967099938,0.5436624605737574
2026-06-29T09:22:47.246875+00:00,phoneme,1489,logistic_regression,0,250,4073,200,50,1081,2,5,5,,,,,,,,,,,,,,,stratified_labeled_val,2,True,74,176,0.1384,success,,0.7335800185013877,0.6361793317587989,0.6454284542845428,0.4848199784755707,0.8027152460072341,0.580999261768317
2026-06-29T09:22:47.394644+00:00,phoneme,1489,logistic_regression,0,500,3823,400,100,1081,2,5,5,,,,,,,,,,,,,,,stratified_labeled_val,2,True,147,353,0.1109,success,,0.7400555041628122,0.652757362049317,0.6617967157335934,0.4846219718456268,0.7966538391662674,0.5576269903891635
2026-06-29T09:22:47.514950+00:00,phoneme,1489,random_forest,0,50,4273,40,10,1081,2,5,5,,,,,,,,,,,,,,,stratified_labeled_val,2,True,15,35,1.6085,success,,0.7483811285846439,0.6051228797463127,0.6092784929890397,0.5061276784279808,0.7865872793036813,0.5909214029560469
2026-06-29T09:22:49.128733+00:00,phoneme,1489,random_forest,0,100,4223,80,20,1081,2,5,5,,,,,,,,,,,,,,,stratified_labeled_val,2,True,30,70,1.4581,success,,0.7567067530064755,0.6534634251077676,0.6665916124575915,0.4698327016587243,0.818461278015426,0.5775974185412389
2026-06-29T09:22:50.595165+00:00,phoneme,1489,random_forest,0,250,4073,200,50,1081,2,5,5,,,,,,,,,,,,,,,stratified_labeled_val,2,True,74,176,2.2346,success,,0.7955596669750231,0.7261693395213635,0.7381978575929427,0.4003337490472626,0.8739347118767239,0.6870838004049444
2026-06-29T09:22:52.850929+00:00,phoneme,1489,random_forest,0,500,3823,400,100,1081,2,5,5,,,,,,,,,,,,,,,stratified_labeled_val,2,True,147,353,8.1913,success,,0.8390379278445883,0.7883049531768709,0.7984712900820283,0.3644454868644062,0.9004884635076882,0.756293110045112
2026-06-29T09:23:01.051941+00:00,phoneme,1489,xgboost,0,50,4273,40,10,1081,2,5,5,,,,,,,,,,,,,,,stratified_labeled_val,2,True,15,35,1.8317,success,,0.7178538390379279,0.5752204898673758,0.5727333634847427,0.6989253759384155,0.7174364543247395,0.4894596274630001
2026-06-29T09:23:02.899138+00:00,phoneme,1489,xgboost,0,100,4223,80,20,1081,2,5,5,,,,,,,,,,,,,,,stratified_labeled_val,2,True,30,70,2.1156,success,,0.7400555041628122,0.6490660148314533,0.6586099663174031,0.6025485396385193,0.7993831238541959,0.5520599712647642
2026-06-29T09:23:05.039837+00:00,phoneme,1489,xgboost,0,250,4073,200,50,1081,2,5,5,,,,,,,,,,,,,,,stratified_labeled_val,2,True,74,176,1.8857,success,,0.793709528214616,0.7433171750871224,0.7471185871714581,0.5339430570602417,0.8572018431961947,0.6652710939969073
2026-06-29T09:23:06.935129+00:00,phoneme,1489,xgboost,0,500,3823,400,100,1081,2,5,5,,,,,,,,,,,,,,,stratified_labeled_val,2,True,147,353,3.5316,success,,0.8279370952821462,0.7859885708623053,0.7896887159533074,0.4273487329483032,0.8899986787124052,0.7472636467802053
2026-06-29T09:23:10.482901+00:00,phoneme,1489,lightgbm,0,50,4273,40,10,1081,2,5,5,,,,,,,,,,,,,,,stratified_labeled_val,2,True,15,35,2.2878,success,,0.7067530064754857,0.5,0.4140921409214092,0.6051424941170336,0.5,0.2932469935245143
2026-06-29T09:23:12.777357+00:00,phoneme,1489,lightgbm,0,100,4223,80,20,1081,2,5,5,,,,,,,,,,,,,,,stratified_labeled_val,2,True,30,70,0.4715,success,,0.7659574468085106,0.6978442367086726,0.7054340462334983,0.6489962353223561,0.8015632483855517,0.5737991162100589
2026-06-29T09:23:13.257788+00:00,phoneme,1489,lightgbm,0,250,4073,200,50,1081,2,5,5,,,,,,,,,,,,,,,stratified_labeled_val,2,True,74,176,2.91,success,,0.7927844588344126,0.7500454192610699,0.7500454192610699,0.8270080807540554,0.8499388904487424,0.6616143027808177
2026-06-29T09:23:16.183568+00:00,phoneme,1489,lightgbm,0,500,3823,400,100,1081,2,5,5,,,,,,,,,,,,,,,stratified_labeled_val,2,True,147,353,6.1484,success,,0.8344125809435707,0.7905697226947661,0.7962175249621658,0.6693191303831689,0.8859563644771831,0.7481501094751634
2026-06-29T09:23:22.350015+00:00,phoneme,1489,catboost,0,50,4273,40,10,1081,2,5,5,,,,,,,,,,,,,,,stratified_labeled_val,2,True,15,35,10.6209,success,,0.7696577243293247,0.6515516871190976,0.6671011834604934,0.6975903983388685,0.793627264769518,0.607332611866867
2026-06-29T09:23:32.981433+00:00,phoneme,1489,catboost,0,100,4223,80,20,1081,2,5,5,,,,,,,,,,,,,,,stratified_labeled_val,2,True,30,70,1.3437,success,,0.755781683626272,0.6611145060861809,0.6733660519713589,0.7324582456642603,0.825495069945662,0.5882385878974816
2026-06-29T09:23:34.331459+00:00,phoneme,1489,catboost,0,250,4073,200,50,1081,2,5,5,,,,,,,,,,,,,,,stratified_labeled_val,2,True,74,176,3.2427,success,,0.7927844588344126,0.7408170512164104,0.7452381553586007,0.5343746150470556,0.869733430227757,0.6717264378115148
2026-06-29T09:23:37.599648+00:00,phoneme,1489,catboost,0,500,3823,400,100,1081,2,5,5,,,,,,,,,,,,,,,stratified_labeled_val,2,True,147,353,3.7327,success,,0.8251618871415356,0.7701826680099757,0.7804113639368154,0.4042372229105427,0.8949782813351611,0.7635521643965519
2026-06-29T09:23:41.338999+00:00,phoneme,1489,mlp,0,50,4273,40,10,1081,2,5,5,,,,,,,,,,,,,,,stratified_labeled_val,2,True,15,35,0.1706,success,,0.7067530064754857,0.5,0.4140921409214092,0.6253673434257507,0.7114803375889804,0.4781134256532181
2026-06-29T09:23:41.516436+00:00,phoneme,1489,mlp,0,100,4223,80,20,1081,2,5,5,,,,,,,,,,,,,,,stratified_labeled_val,2,True,30,70,0.2219,success,,0.7132284921369103,0.5590285232959519,0.5484617706345869,0.5224124789237976,0.798937189290964,0.561507673054279
2026-06-29T09:23:41.745564+00:00,phoneme,1489,mlp,0,250,4073,200,50,1081,2,5,5,,,,,,,,,,,,,,,stratified_labeled_val,2,True,74,176,0.2139,success,,0.7224791859389454,0.5572674946735594,0.5398694665153234,0.5253142714500427,0.8022280212066659,0.5870010079356894
2026-06-29T09:23:41.966966+00:00,phoneme,1489,mlp,0,500,3823,400,100,1081,2,5,5,,,,,,,,,,,,,,,stratified_labeled_val,2,True,147,353,0.5655,success,,0.7687326549491211,0.7044217715163427,0.7110466260082628,0.4652813374996185,0.8163637339587428,0.5863552115899504
2026-06-29T09:23:42.544157+00:00,phoneme,1489,label_spreading,0,50,4273,40,10,1081,2,5,5,,,,,,,,,,,30.0,2.0,4313.0,4273.0,stratified_labeled_val,2,True,15,35,4.108,success,,0.7206290471785384,0.6196343336581498,0.6272754258574234,1.0694937164879854,0.7321997786843278,0.4988781288373849
2026-06-29T09:23:46.685100+00:00,phoneme,1489,label_spreading,0,100,4223,80,20,1081,2,5,5,,,,,,,,,,,15.0,1.0,4303.0,4223.0,stratified_labeled_val,2,True,30,70,2.9087,success,,0.7261794634597595,0.6558603233851388,0.6599733059024561,1.2120790406453843,0.7824252233801839,0.5336475332282942
2026-06-29T09:23:49.607134+00:00,phoneme,1489,label_spreading,0,250,4073,200,50,1081,2,5,5,,,,,,,,,,,15.0,1.0,4273.0,4073.0,stratified_labeled_val,2,True,74,176,2.6294,success,,0.782608695652174,0.7225440566832377,0.7292202511082853,0.7404221464751042,0.8478702495581945,0.6347861768196392
2026-06-29T09:23:52.250132+00:00,phoneme,1489,label_spreading,0,500,3823,400,100,1081,2,5,5,,,,,,,,,,,15.0,1.0,4223.0,3823.0,stratified_labeled_val,2,True,147,353,2.1032,success,,0.7964847363552267,0.737897831436735,0.7457210308872713,0.509016085050379,0.8674707252217284,0.7115438501413902
2026-06-29T09:23:54.364500+00:00,phoneme,1489,label_propagation,0,50,4273,40,10,1081,2,5,5,,,,,,,,,,,15.0,1.0,4313.0,4273.0,stratified_labeled_val,2,True,15,35,4.2635,success,,0.7437557816836263,0.6018506284374122,0.6054645759136503,0.6564298097370243,0.7379308636266043,0.5348427862213693
2026-06-29T09:23:58.637345+00:00,phoneme,1489,label_propagation,0,100,4223,80,20,1081,2,5,5,,,,,,,,,,,15.0,1.0,4303.0,4223.0,stratified_labeled_val,2,True,30,70,3.2077,success,,0.7317298797409806,0.5951884486432029,0.5983122168235029,0.6063522169615828,0.7762358168034751,0.5420097225206013
2026-06-29T09:24:01.850153+00:00,phoneme,1489,label_propagation,0,250,4073,200,50,1081,2,5,5,,,,,,,,,,,15.0,1.0,4273.0,4073.0,stratified_labeled_val,2,True,74,176,3.7399,success,,0.7705827937095282,0.6965023039952434,0.706538111251226,0.5182568508310299,0.8327580226931145,0.6148117271962534
2026-06-29T09:24:05.603289+00:00,phoneme,1489,label_propagation,0,500,3823,400,100,1081,2,5,5,,,,,,,,,,,15.0,1.0,4223.0,3823.0,stratified_labeled_val,2,True,147,353,2.1703,success,,0.793709528214616,0.7211690917799396,0.7340484567257675,0.4305599892510285,0.8631847985862222,0.6943441195863734
2026-06-29T09:24:07.777850+00:00,phoneme,1489,self_training_lr,0,50,4273,40,10,1081,2,5,5,2116.0,506.0,5.0,"{0: 2136, 1: 20}",0.4952024338871987,0.9838168831482276,0.9501460790634156,0.9957894682884216,,max_iter,,,,,stratified_labeled_val,2,True,15,35,0.1979,success,,0.7187789084181314,0.5611095512577007,0.5492076730608841,0.9141955971717834,0.770157893867574,0.517856183146066
2026-06-29T09:24:07.981720+00:00,phoneme,1489,self_training_lr,0,100,4223,80,20,1081,2,5,5,2111.0,159.0,5.0,"{0: 2112, 1: 79}",0.4998816007577552,0.9740326806359356,0.9500470161437988,0.9969437718391418,,max_iter,,,,,stratified_labeled_val,2,True,30,70,0.1458,success,,0.7326549491211841,0.633679207888087,0.6428782906205668,0.7436176538467407,0.7960014534163542,0.5499290190983781
2026-06-29T09:24:08.132066+00:00,phoneme,1489,self_training_lr,0,250,4073,200,50,1081,2,5,5,1767.0,128.0,5.0,"{0: 1899, 1: 68}",0.4338325558556347,0.970067973283974,0.9500084519386292,0.9919138550758362,,max_iter,,,,,stratified_labeled_val,2,True,74,176,0.0783,success,,0.7317298797409806,0.6256420631905792,0.6347598542255031,0.5812085270881653,0.7992881563083225,0.5692267053061957
2026-06-29T09:24:08.214021+00:00,phoneme,1489,self_training_lr,0,500,3823,400,100,1081,2,5,5,1485.0,47.0,5.0,"{0: 1767, 1: 118}",0.388438399162961,0.9650666644276192,0.9500049948692322,0.9878822565078736,,max_iter,,,,,stratified_labeled_val,2,True,147,353,0.1207,success,,0.7243293246993524,0.6296348291409979,0.6375258799171842,0.5309350490570068,0.7869341172973063,0.5426038928546016
2026-06-29T09:24:08.340694+00:00,phoneme,1489,self_training_xgboost,0,50,4273,40,10,1081,2,5,5,1631.0,589.0,3.0,"{0: 1528, 1: 143}",0.3816990404867774,0.9941809342581388,0.9505071640014648,0.9998363256454468,,max_iter,,,,,stratified_labeled_val,2,True,15,35,16.4553,success,,0.7409805735430157,0.6349550762217782,0.645507355007964,1.070950627326965,0.741876145804086,0.5273529978982499
2026-06-29T09:24:24.803502+00:00,phoneme,1489,self_training_xgboost,0,100,4223,80,20,1081,2,5,5,1948.0,569.0,3.0,"{0: 1556, 1: 472}",0.4612834477859341,0.9949816970242612,0.9501196146011353,0.999845564365387,,max_iter,,,,,stratified_labeled_val,2,True,30,70,11.5329,success,,0.7650323774283071,0.7156465225362115,0.71604409696368,0.8420788645744324,0.819437792128429,0.5907771194176744
2026-06-29T09:24:36.346386+00:00,phoneme,1489,self_training_xgboost,0,250,4073,200,50,1081,2,5,5,1989.0,522.0,3.0,"{0: 1641, 1: 548}",0.4883378345200098,0.9965423173854074,0.9678768515586852,0.999868392944336,,max_iter,,,,,stratified_labeled_val,2,True,74,176,18.9602,success,,0.790009250693802,0.7619246205427188,0.753915350017299,0.7719103097915649,0.8481551521958148,0.6470559577836558
2026-06-29T09:24:55.317381+00:00,phoneme,1489,self_training_xgboost,0,500,3823,400,100,1081,2,5,5,1867.0,490.0,3.0,"{0: 1761, 1: 506}",0.4883599267590897,0.9959541591783226,0.9687668085098268,0.999881386756897,,max_iter,,,,,stratified_labeled_val,2,True,147,353,17.1955,success,,0.8233117483811286,0.7882533403802006,0.7874555421159637,0.537536084651947,0.8853948172494096,0.7364058933853442
2026-06-29T09:25:12.524102+00:00,phoneme,1489,self_training_lightgbm,0,50,4273,40,10,1081,2,5,5,0.0,0.0,0.0,"{0: 28, 1: 12}",0.0,,,,,no_candidates,,,,,stratified_labeled_val,2,True,15,35,0.6965,success,,0.7067530064754857,0.5,0.4140921409214092,0.6051424941170336,0.5,0.2932469935245143
2026-06-29T09:25:13.225623+00:00,phoneme,1489,self_training_lightgbm,0,100,4223,80,20,1081,2,5,5,2015.0,552.0,3.0,"{0: 1547, 1: 548}",0.477148946246744,0.9966139250106084,0.9502845908295814,0.999999996495946,,max_iter,,,,,stratified_labeled_val,2,True,30,70,22.0287,success,,0.7770582793709528,0.7370740912018763,0.7342178421860733,1.658255130847138,0.8414620047236032,0.615274293177774
2026-06-29T09:25:35.262647+00:00,phoneme,1489,self_training_lightgbm,0,250,4073,200,50,1081,2,5,5,1989.0,522.0,3.0,"{0: 1641, 1: 548}",0.4883378345200098,0.9998489247224462,0.9970146903846144,0.9999999995071382,,max_iter,,,,,stratified_labeled_val,2,True,74,176,24.5888,success,,0.8029602220166513,0.7683184137942425,0.7650970970358242,1.4108067571917762,0.867066080895833,0.6722101204542068
2026-06-29T09:25:59.860123+00:00,phoneme,1489,self_training_lightgbm,0,500,3823,400,100,1081,2,5,5,1867.0,490.0,3.0,"{0: 1731, 1: 536}",0.4883599267590897,0.9999136383048232,0.9980124797797998,0.999999999311683,,max_iter,,,,,stratified_labeled_val,2,True,147,353,31.4176,success,,0.8316373728029602,0.7941433927362214,0.7957735075029688,1.0495740840729506,0.893479445719854,0.7587001593654432
2026-06-29T09:26:31.286325+00:00,phoneme,1489,self_training_catboost,0,50,4273,40,10,1081,2,5,5,0.0,0.0,0.0,"{0: 28, 1: 12}",0.0,,,,,no_candidates,,,,,stratified_labeled_val,2,True,15,35,0.7611,success,,0.7382053654024052,0.5988467636711976,0.6022516144718041,0.4899920431601623,0.8078249128775992,0.6048392223626845
2026-06-29T09:26:32.053739+00:00,phoneme,1489,self_training_catboost,0,100,4223,80,20,1081,2,5,5,0.0,0.0,0.0,"{0: 56, 1: 24}",0.0,,,,,min_added_fraction,,,,,stratified_labeled_val,2,True,30,70,0.8791,success,,0.7493061979648473,0.643613638991197,0.6555402044763747,0.4566050370197372,0.8356049845574512,0.5918052754718709
2026-06-29T09:26:32.938724+00:00,phoneme,1489,self_training_catboost,0,250,4073,200,50,1081,2,5,5,750.0,250.0,3.0,"{0: 891, 1: 59}",0.1841394549472133,0.9848340570039013,0.974302525346391,0.9936579066854496,,max_iter,,,,,stratified_labeled_val,2,True,74,176,2.9857,success,,0.7844588344125809,0.7155474259666045,0.7257961093492975,0.4213471282112843,0.8594851933208912,0.645258756321203
2026-06-29T09:26:35.931639+00:00,phoneme,1489,self_training_catboost,0,500,3823,400,100,1081,2,5,5,750.0,250.0,3.0,"{0: 1032, 1: 118}",0.1961810096782631,0.9807408207268966,0.9745227426765932,0.9921338799567566,,max_iter,,,,,stratified_labeled_val,2,True,147,353,3.528,success,,0.8075855689176689,0.7411370505557666,0.7538706739526411,0.3884141561491449,0.8790691528894907,0.7303413443830136
2026-06-29T09:26:39.466835+00:00,phoneme,1489,rpl_lr,0,50,4273,40,10,1081,2,5,5,,,,,,,,,,,,,,,stratified_labeled_val,2,True,15,35,0.3402,success,,0.7058279370952821,0.5085739177828794,0.4424147461849891,1.8068393468856807,0.7249616000792773,0.4964536924138139
2026-06-29T09:26:39.817396+00:00,phoneme,1489,rpl_lr,0,100,4223,80,20,1081,2,5,5,,,,,,,,,,,,,,,stratified_labeled_val,2,True,30,70,0.3064,success,,0.7548566142460684,0.6743026078913902,0.6839589283960914,1.2010596990585327,0.7915008175466992,0.5518381916004673
2026-06-29T09:26:40.134453+00:00,phoneme,1489,rpl_lr,0,250,4073,200,50,1081,2,5,5,,,,,,,,,,,,,,,stratified_labeled_val,2,True,74,176,0.3023,success,,0.7400555041628122,0.6370691363733959,0.6474638627276894,0.8102508783340454,0.8030249227872562,0.591431136478525
2026-06-29T09:26:40.446512+00:00,phoneme,1489,rpl_lr,0,500,3823,400,100,1081,2,5,5,,,,,,,,,,,,,,,stratified_labeled_val,2,True,147,353,0.2969,success,,0.723404255319149,0.6169835004211603,0.6248814767102461,0.5748620629310608,0.7939906188580773,0.5576074079651097
2026-06-29T09:26:40.758995+00:00,phoneme,1489,rpl_lite_xgboost,0,50,4273,40,10,1081,2,5,5,1809.0,617.0,3.0,"{0: 1500, 1: 309}",0.4233559560028083,0.9905628685532122,,,0.2698694997238245,max_iter,,,,,stratified_labeled_val,2,True,15,35,29.9337,success,,0.7474560592044404,0.6801410474507408,0.6854345895853697,1.074411392211914,0.7610079772738534,0.5492796653158916
2026-06-29T09:27:10.700509+00:00,phoneme,1489,rpl_lite_xgboost,0,100,4223,80,20,1081,2,5,5,2013.0,553.0,3.0,"{0: 1500, 1: 513}",0.4766753492777646,0.9920082583808804,,,0.2495112629511656,max_iter,,,,,stratified_labeled_val,2,True,30,70,19.1307,success,,0.7668825161887142,0.729875138322295,0.7247340425531915,0.872585654258728,0.8213226914628305,0.5868428931701175
2026-06-29T09:27:29.839667+00:00,phoneme,1489,rpl_lite_xgboost,0,250,4073,200,50,1081,2,5,5,1989.0,522.0,3.0,"{0: 1500, 1: 489}",0.4883378345200098,0.9965629636671988,,,0.2464455896587036,max_iter,,,,,stratified_labeled_val,2,True,74,176,11.3423,success,,0.7853839037927844,0.7577295324293525,0.7491176823656516,0.75687575340271,0.8528395296216162,0.6526391391636259
2026-06-29T09:27:41.190495+00:00,phoneme,1489,rpl_lite_xgboost,0,500,3823,400,100,1081,2,5,5,1867.0,490.0,3.0,"{0: 1474, 1: 393}",0.4883599267590897,0.9958800811402352,,,0.2606988804117306,max_iter,,,,,stratified_labeled_val,2,True,147,353,13.7186,success,,0.8149861239592969,0.774057756783986,0.7755752829702953,0.5428240299224854,0.8846887541909589,0.735415553149272
2026-06-29T09:27:55.259701+00:00,spambase,44,logistic_regression,0,50,3630,40,10,921,2,57,57,,,,,,,,,,,,,,,stratified_labeled_val,2,True,20,30,0.1859,success,,0.8849077090119435,0.8828756775970852,0.8802840045126796,0.3428041338920593,0.9405294390631632,0.8899128468838724
2026-06-29T09:27:55.450146+00:00,spambase,44,logistic_regression,0,100,3580,80,20,921,2,57,57,,,,,,,,,,,,,,,stratified_labeled_val,2,True,40,60,0.1544,success,,0.9077090119435396,0.9089131787079,0.9043738708641104,0.3683435022830963,0.947194328426,0.8712324112516531
2026-06-29T09:27:55.611547+00:00,spambase,44,logistic_regression,0,250,3430,200,50,921,2,57,57,,,,,,,,,,,,,,,stratified_labeled_val,2,True,99,151,0.1969,success,,0.9250814332247556,0.9193992713054298,0.921216178521618,0.2944577038288116,0.9594552563760776,0.910275011915794
2026-06-29T09:27:55.821801+00:00,spambase,44,logistic_regression,0,500,3180,400,100,921,2,57,57,,,,,,,,,,,,,,,stratified_labeled_val,2,True,197,303,0.142,success,,0.9163952225841476,0.9141562250066648,0.9127601651869794,0.30573371052742,0.9592108770994402,0.9033491404687826
2026-06-29T09:27:55.972163+00:00,spambase,44,random_forest,0,50,3630,40,10,921,2,57,57,,,,,,,,,,,,,,,stratified_labeled_val,2,True,20,30,1.5059,success,,0.8827361563517915,0.8637548505583696,0.8733278997503948,0.3867249793095098,0.943550855574316,0.9322214570299708
2026-06-29T09:27:57.485570+00:00,spambase,44,random_forest,0,100,3580,80,20,921,2,57,57,,,,,,,,,,,,,,,stratified_labeled_val,2,True,40,60,1.5891,success,,0.9250814332247556,0.9126603276163392,0.920005488301484,0.3015742787940277,0.9593614542294896,0.9516275883387296
2026-06-29T09:27:59.086077+00:00,spambase,44,random_forest,0,250,3430,200,50,921,2,57,57,,,,,,,,,,,,,,,stratified_labeled_val,2,True,99,151,2.5279,success,,0.9315960912052116,0.9218874966675552,0.9273765671994862,0.2515497008170229,0.9715285800329788,0.9612921392019658
2026-06-29T09:28:01.625236+00:00,spambase,44,random_forest,0,500,3180,400,100,921,2,57,57,,,,,,,,,,,,,,,stratified_labeled_val,2,True,197,303,2.9008,success,,0.9391965255157436,0.9353801949109868,0.936218836565097,0.2218766954373099,0.979346248407832,0.9680046850925158
2026-06-29T09:28:04.533454+00:00,spambase,44,xgboost,0,50,3630,40,10,921,2,57,57,,,,,,,,,,,,,,,stratified_labeled_val,2,True,20,30,13.829,success,,0.8621064060803475,0.8553941171243225,0.8555650912234125,0.3465329110622406,0.921761604312924,0.8980456727714806
2026-06-29T09:28:18.371637+00:00,spambase,44,xgboost,0,100,3580,80,20,921,2,57,57,,,,,,,,,,,,,,,stratified_labeled_val,2,True,40,60,2.8812,success,,0.8555917480998915,0.8524245386415474,0.8498567735624956,0.3610012233257293,0.9262122693207736,0.9017515555790976
2026-06-29T09:28:21.261610+00:00,spambase,44,xgboost,0,250,3430,200,50,921,2,57,57,,,,,,,,,,,,,,,stratified_labeled_val,2,True,99,151,4.1609,success,,0.9098805646036916,0.89722740602506,0.9038865090571214,0.2644012570381164,0.9567325256474816,0.9470420568888972
2026-06-29T09:28:25.429955+00:00,spambase,44,xgboost,0,500,3180,400,100,921,2,57,57,,,,,,,,,,,,,,,stratified_labeled_val,2,True,197,303,3.4825,success,,0.9337676438653636,0.9352320862584792,0.9312573033226677,0.1894601136445999,0.9771764566485972,0.963046961722241
2026-06-29T09:28:28.920157+00:00,spambase,44,lightgbm,0,50,3630,40,10,921,2,57,57,,,,,,,,,,,,,,,stratified_labeled_val,2,True,20,30,3.6232,success,,0.7752442996742671,0.7413504546935632,0.7501274612471935,0.4978795844651654,0.8317559761841287,0.7186364140101472
2026-06-29T09:28:32.550760+00:00,spambase,44,lightgbm,0,100,3580,80,20,921,2,57,57,,,,,,,,,,,,,,,stratified_labeled_val,2,True,40,60,6.8352,success,,0.8295331161780674,0.8241802186083711,0.8224463859231199,0.5601435703833367,0.900031596512535,0.8740144750850133
2026-06-29T09:28:39.395716+00:00,spambase,44,lightgbm,0,250,3430,200,50,921,2,57,57,,,,,,,,,,,,,,,stratified_labeled_val,2,True,99,151,13.6517,success,,0.9066232356134636,0.8964646464646464,0.9010271405008248,0.4164245335024745,0.960642594073679,0.9498585299774462
2026-06-29T09:28:53.059536+00:00,spambase,44,lightgbm,0,500,3180,400,100,921,2,57,57,,,,,,,,,,,,,,,stratified_labeled_val,2,True,197,303,12.6618,success,,0.9402823018458196,0.9430151959477472,0.9381242693826596,0.2899125341918622,0.9825429268244518,0.9671005319692766
2026-06-29T09:29:05.729752+00:00,spambase,44,catboost,0,50,3630,40,10,921,2,57,57,,,,,,,,,,,,,,,stratified_labeled_val,2,True,20,30,2.2453,success,,0.8490770901194354,0.8412719571077343,0.8417637265044738,0.4109858478124776,0.9194585147664328,0.8989813587124722
2026-06-29T09:29:07.982706+00:00,spambase,44,catboost,0,100,3580,80,20,921,2,57,57,,,,,,,,,,,,,,,stratified_labeled_val,2,True,40,60,2.5757,success,,0.8794788273615635,0.8682869753250986,0.8723256781109929,0.3989695319292362,0.925521095609072,0.9170129694767984
2026-06-29T09:29:10.571046+00:00,spambase,44,catboost,0,250,3430,200,50,921,2,57,57,,,,,,,,,,,,,,,stratified_labeled_val,2,True,99,151,3.7675,success,,0.9239956568946796,0.9141710358719156,0.9193520140105078,0.237902962753154,0.9677913050347068,0.9575075513991008
2026-06-29T09:29:14.346267+00:00,spambase,44,catboost,0,500,3180,400,100,921,2,57,57,,,,,,,,,,,,,,,stratified_labeled_val,2,True,197,303,5.6492,success,,0.9478827361563518,0.9478435380194912,0.9456914851796524,0.16736374332239,0.9816789596848248,0.9700125633355556
2026-06-29T09:29:20.007540+00:00,spambase,44,mlp,0,50,3630,40,10,921,2,57,57,,,,,,,,,,,,,,,stratified_labeled_val,2,True,20,30,0.3434,success,,0.6634093376764386,0.6543514322106697,0.651966472928694,0.6430006623268127,0.7004848089892078,0.6148004346503019
2026-06-29T09:29:20.361257+00:00,spambase,44,mlp,0,100,3580,80,20,921,2,57,57,,,,,,,,,,,,,,,stratified_labeled_val,2,True,40,60,0.4098,success,,0.8523344191096635,0.825187357445422,0.8374143302180685,0.4342552721500397,0.932171174106658,0.8699643539315273
2026-06-29T09:29:20.781365+00:00,spambase,44,mlp,0,250,3430,200,50,921,2,57,57,,,,,,,,,,,,,,,stratified_labeled_val,2,True,99,151,0.4517,success,,0.8621064060803475,0.8313264610918569,0.846222514379622,0.4152718186378479,0.9452590420332354,0.9250462726717686
2026-06-29T09:29:21.242455+00:00,spambase,44,mlp,0,500,3180,400,100,921,2,57,57,,,,,,,,,,,,,,,stratified_labeled_val,2,True,197,303,0.5419,success,,0.9022801302931596,0.8914363577120176,0.8963097322992244,0.3154235482215881,0.9594675987637864,0.9159057197197272
2026-06-29T09:29:52.807894+00:00,spambase,44,label_spreading,0,250,3430,200,50,921,2,57,57,,,,,,,,,,,30.0,2.0,3630.0,3430.0,stratified_labeled_val,2,True,99,151,4.6822,success,,0.8501628664495114,0.8402426019728073,0.8421911317718577,0.4185836839186963,0.924504082861854,0.8876092722437491
2026-06-29T09:29:57.501249+00:00,spambase,44,label_spreading,0,500,3180,400,100,921,2,57,57,,,,,,,,,,,30.0,2.0,3580.0,3180.0,stratified_labeled_val,2,True,197,303,4.4735,success,,0.8555917480998915,0.8403907106253148,0.8459868157180379,0.385262541933306,0.9407516020419248,0.9007608458420252
2026-06-29T09:30:27.058672+00:00,spambase,44,label_propagation,0,250,3430,200,50,921,2,57,57,,,,,,,,,,,30.0,2.0,3630.0,3430.0,stratified_labeled_val,2,True,99,151,6.0967,success,,0.6373507057546145,0.5404262567019166,0.4608106402669882,0.7442285774008806,0.9093229459798376,0.858445754189822
2026-06-29T09:30:33.164888+00:00,spambase,44,label_propagation,0,500,3180,400,100,921,2,57,57,,,,,,,,,,,30.0,2.0,3580.0,3180.0,stratified_labeled_val,2,True,197,303,5.2931,success,,0.6677524429967426,0.5799564560561628,0.5327942229649081,0.595302857323756,0.9233833940578812,0.8730896127984238
2026-06-29T09:30:38.469165+00:00,spambase,44,self_training_lr,0,50,3630,40,10,921,2,57,57,1815.0,43.0,4.0,"{0: 922, 1: 933}",0.5,0.9905332951177908,0.9710956811904908,1.0,,max_total_pseudo_fraction,,,,,stratified_labeled_val,2,True,20,30,0.3353,success,,0.8990228013029316,0.8998193074439409,0.8953737645924972,0.3490332961082458,0.9547108425407546,0.9156465651009996
2026-06-29T09:30:38.810553+00:00,spambase,44,self_training_lr,0,100,3580,80,20,921,2,57,57,1790.0,42.0,4.0,"{0: 958, 1: 912}",0.5,0.9943139282684752,0.9777265191078186,1.0,,max_total_pseudo_fraction,,,,,stratified_labeled_val,2,True,40,60,0.265,success,,0.9120521172638436,0.9139414674605292,0.9089499976200386,0.3949728310108185,0.9518128499066916,0.8862820019335702
2026-06-29T09:30:39.081828+00:00,spambase,44,self_training_lr,0,250,3430,200,50,921,2,57,57,1715.0,41.0,4.0,"{0: 1100, 1: 815}",0.5,0.9962213898886744,0.9823293089866638,1.0,,max_total_pseudo_fraction,,,,,stratified_labeled_val,2,True,99,151,0.2476,success,,0.9250814332247556,0.919880624426079,0.9212954075674016,0.3069112300872803,0.9605981614779268,0.913381552536732
2026-06-29T09:30:39.336649+00:00,spambase,44,self_training_lr,0,500,3180,400,100,921,2,57,57,1590.0,38.0,4.0,"{0: 1147, 1: 843}",0.5,0.9958781500282528,0.9787943959236144,1.0,,max_total_pseudo_fraction,,,,,stratified_labeled_val,2,True,197,303,0.2348,success,,0.9185667752442996,0.9164296928226549,0.9150261349223824,0.3160195648670196,0.9597341943383,0.9076380390898195
2026-06-29T09:30:39.577426+00:00,spambase,44,self_training_xgboost,0,50,3630,40,10,921,2,57,57,1772.0,465.0,3.0,"{0: 1043, 1: 769}",0.4881542699724518,0.9946716956911992,0.9843616485595704,0.999704658985138,,max_iter,,,,,stratified_labeled_val,2,True,20,30,11.6158,success,,0.8251900108577633,0.8162638111318463,0.8167191364548223,0.7427996397018433,0.8913129338349278,0.8572613629370114
2026-06-29T09:30:51.205287+00:00,spambase,44,self_training_xgboost,0,100,3580,80,20,921,2,57,57,1748.0,459.0,3.0,"{0: 987, 1: 841}",0.488268156424581,0.99700940760104,0.9922924041748048,0.9997577667236328,,max_iter,,,,,stratified_labeled_val,2,True,40,60,12.3798,success,,0.8327904451682954,0.8326446280991735,0.8273836762114324,0.5800800919532776,0.9192091985347116,0.8896082019018713
2026-06-29T09:31:03.596779+00:00,spambase,44,self_training_xgboost,0,250,3430,200,50,921,2,57,57,1674.0,439.0,3.0,"{0: 1305, 1: 569}",0.4880466472303207,0.9987556660901687,0.9975433945655824,0.9998179078102112,,max_iter,,,,,stratified_labeled_val,2,True,99,151,15.9465,success,,0.8925081433224755,0.8790396634971416,0.8853586071886147,0.3812881410121918,0.9424844732762622,0.9287970700778622
2026-06-29T09:31:19.555764+00:00,spambase,44,self_training_xgboost,0,500,3180,400,100,921,2,57,57,1552.0,407.0,3.0,"{0: 1188, 1: 764}",0.4880503144654088,0.9986316138475212,0.996967315673828,0.99989116191864,,max_iter,,,,,stratified_labeled_val,2,True,197,303,14.1429,success,,0.9283387622149836,0.9278636807962322,0.9253932484977024,0.220949187874794,0.9749548268609852,0.9617251840301752
2026-06-29T09:31:33.710402+00:00,spambase,44,self_training_lightgbm,0,50,3630,40,10,921,2,57,57,0.0,0.0,0.0,"{0: 24, 1: 16}",0.0,,,,,no_candidates,,,,,stratified_labeled_val,2,True,20,30,0.6817,success,,0.7752442996742671,0.7413504546935632,0.7501274612471935,0.4978795844651654,0.8317559761841287,0.7186364140101472
2026-06-29T09:31:34.400005+00:00,spambase,44,self_training_lightgbm,0,100,3580,80,20,921,2,57,57,1748.0,459.0,3.0,"{0: 1228, 1: 600}",0.488268156424581,0.9998937249339496,0.9992501385738376,0.9999999491182456,,max_iter,,,,,stratified_labeled_val,2,True,40,60,20.6853,success,,0.8425624321389794,0.8344515536597648,0.8349333837636598,1.0287617230402049,0.9242473611975076,0.9082412009234464
2026-06-29T09:31:55.097487+00:00,spambase,44,self_training_lightgbm,0,250,3430,200,50,921,2,57,57,1674.0,439.0,3.0,"{0: 1288, 1: 586}",0.4880466472303207,0.9999994942222312,0.9999978244849232,0.9999999986836156,,max_iter,,,,,stratified_labeled_val,2,True,99,151,24.5456,success,,0.9142236699239956,0.9046624603809356,0.9091326898267428,0.5020825318770151,0.9632493063578108,0.953496383677107
2026-06-29T09:32:19.813652+00:00,spambase,44,self_training_lightgbm,0,500,3180,400,100,921,2,57,57,1552.0,407.0,3.0,"{0: 1222, 1: 730}",0.4880503144654088,0.9999994755453292,0.9999963680231028,0.99999999987749,,max_iter,,,,,stratified_labeled_val,2,True,197,303,30.7996,success,,0.9435396308360476,0.9447406617494594,0.94132320509679,0.3159636183034159,0.9816444009992396,0.9697633259562816
2026-06-29T09:32:50.625875+00:00,spambase,44,self_training_catboost,0,50,3630,40,10,921,2,57,57,1301.0,500.0,3.0,"{0: 774, 1: 567}",0.3584022038567493,0.99488221438074,0.9701761918930116,0.9996046872374552,,max_iter,,,,,stratified_labeled_val,2,True,20,30,5.0096,success,,0.8555917480998915,0.8519431855208981,0.8497234139393486,0.4330082439315068,0.9202731123552238,0.9051140858290808
2026-06-29T09:32:55.643256+00:00,spambase,44,self_training_catboost,0,100,3580,80,20,921,2,57,57,1432.0,432.0,3.0,"{0: 798, 1: 714}",0.4,0.9938121591515698,0.9787626731705096,0.9996412892668348,,max_total_pseudo_fraction,,,,,stratified_labeled_val,2,True,40,60,6.6622,success,,0.8849077090119435,0.8790248526318908,0.879389497820694,0.3560763301545483,0.937577139923181,0.928780064923899
2026-06-29T09:33:02.317714+00:00,spambase,44,self_training_catboost,0,250,3430,200,50,921,2,57,57,1372.0,372.0,3.0,"{0: 871, 1: 701}",0.4,0.994977854355254,0.9855607616691588,0.9989819959997736,,max_total_pseudo_fraction,,,,,stratified_labeled_val,2,True,99,151,7.8523,success,,0.8914223669923995,0.8791063123907699,0.8845309020882228,0.283593038962126,0.9530199354246276,0.9399128327163812
2026-06-29T09:33:10.181154+00:00,spambase,44,self_training_catboost,0,500,3180,400,100,921,2,57,57,1272.0,272.0,3.0,"{0: 956, 1: 716}",0.4,0.9931288902188828,0.9851116040516454,0.9986390756476686,,max_total_pseudo_fraction,,,,,stratified_labeled_val,2,True,197,303,8.6869,success,,0.9348534201954396,0.9317959655203056,0.9317959655203056,0.1914158322137394,0.9742735270594508,0.9633905081800336
2026-06-29T09:33:18.874846+00:00,spambase,44,rpl_lr,0,50,3630,40,10,921,2,57,57,,,,,,,,,,,,,,,stratified_labeled_val,2,True,20,30,0.3504,success,,0.9022801302931596,0.8948058295565626,0.8970811728946898,0.4439344108104706,0.9579198633450832,0.9219574822609444
2026-06-29T09:33:19.238013+00:00,spambase,44,rpl_lr,0,100,3580,80,20,921,2,57,57,,,,,,,,,,,,,,,stratified_labeled_val,2,True,40,60,0.2823,success,,0.9098805646036916,0.9078171746793448,0.9060487067455708,0.5270897746086121,0.9505687372256288,0.8986693244261929
2026-06-29T09:33:19.525786+00:00,spambase,44,rpl_lr,0,250,3430,200,50,921,2,57,57,,,,,,,,,,,,,,,stratified_labeled_val,2,True,99,151,0.2618,success,,0.9239956568946796,0.9165778014751622,0.9197854974369184,0.3875374794006347,0.9626618087028642,0.9202964356109204
2026-06-29T09:33:19.792640+00:00,spambase,44,rpl_lr,0,500,3180,400,100,921,2,57,57,,,,,,,,,,,,,,,stratified_labeled_val,2,True,197,303,0.307,success,,0.9174809989142236,0.914570929233686,0.9137725436089484,0.3782851696014404,0.9602476376669926,0.9178016028774756
2026-06-29T09:33:20.107467+00:00,spambase,44,rpl_lite_xgboost,0,50,3630,40,10,921,2,57,57,1772.0,465.0,3.0,"{0: 1020, 1: 752}",0.4881542699724518,0.9946700452278214,,,0.0335481558322207,max_iter,,,,,stratified_labeled_val,2,True,20,30,10.5015,success,,0.8208469055374593,0.812198228620516,0.8123483468650634,0.7401432991027832,0.8913623033857638,0.8573501432919051
2026-06-29T09:33:30.621413+00:00,spambase,44,rpl_lite_xgboost,0,100,3580,80,20,921,2,57,57,1748.0,459.0,3.0,"{1: 810, 0: 938}",0.488268156424581,0.9969988258329628,,,0.0266194928183924,max_iter,,,,,stratified_labeled_val,2,True,40,60,11.7846,success,,0.8295331161780674,0.828512396694215,0.8238093787506777,0.5778059959411621,0.91844890745184,0.8886342612292332
2026-06-29T09:33:42.417341+00:00,spambase,44,rpl_lite_xgboost,0,250,3430,200,50,921,2,57,57,1674.0,439.0,3.0,"{0: 1187, 1: 487}",0.4880466472303207,0.9987615336938857,,,0.0627242213789701,max_iter,,,,,stratified_labeled_val,2,True,99,151,13.0129,success,,0.8957654723127035,0.8841346011433988,0.8892740497325025,0.3724643588066101,0.9444790031300296,0.9295636372787236
2026-06-29T09:33:55.441533+00:00,spambase,44,rpl_lite_xgboost,0,500,3180,400,100,921,2,57,57,1552.0,407.0,3.0,"{0: 944, 1: 608}",0.4880503144654088,0.9986328684254404,,,0.0203531959112629,max_iter,,,,,stratified_labeled_val,2,True,197,303,13.178,success,,0.9283387622149836,0.9288263870375308,0.9255256064690028,0.2214252352714538,0.9751720528846628,0.9620881735899448
2026-06-29T09:34:08.737034+00:00,letter,6,logistic_regression,0,50,15950,50,0,4000,26,16,16,,,,,,,,,,,,,,,no_val_low_label_multiclass,26,True,1,5,0.4953,success,,0.33,0.3295163076412413,0.316275063777394,2.607950210571289,0.8258827092509725,
2026-06-29T09:34:09.240807+00:00,letter,6,logistic_regression,0,100,15900,100,0,4000,26,16,16,,,,,,,,,,,,,,,no_val_low_label_multiclass,26,True,3,4,0.4014,success,,0.51175,0.5107145554033182,0.5015266510652576,1.8491506576538088,0.90707297186664,
2026-06-29T09:34:09.650230+00:00,letter,6,logistic_regression,0,250,15750,200,50,4000,26,16,16,,,,,,,,,,,,,,,stratified_labeled_val,26,True,9,10,0.3883,success,,0.5955,0.5936541088564823,0.5934349534621235,1.499135971069336,0.9422443281543016,
2026-06-29T09:34:10.047421+00:00,letter,6,logistic_regression,0,500,15500,400,100,4000,26,16,16,,,,,,,,,,,,,,,stratified_labeled_val,26,True,18,20,0.5007,success,,0.68075,0.6793518264750271,0.6784490939234467,1.228945016860962,0.9608080277033488,
2026-06-29T09:34:10.556408+00:00,letter,6,random_forest,0,50,15950,50,0,4000,26,16,16,,,,,,,,,,,,,,,no_val_low_label_multiclass,26,True,1,5,3.8399,success,,0.317,0.316666506751437,0.293575404047043,3.069061563195891,0.8320906821832099,
2026-06-29T09:34:14.409574+00:00,letter,6,random_forest,0,100,15900,100,0,4000,26,16,16,,,,,,,,,,,,,,,no_val_low_label_multiclass,26,True,3,4,2.7431,success,,0.519,0.5179698072226298,0.5123872885067876,2.198091650063451,0.9083991076893564,
2026-06-29T09:34:17.166274+00:00,letter,6,random_forest,0,250,15750,200,50,4000,26,16,16,,,,,,,,,,,,,,,stratified_labeled_val,26,True,9,10,3.4058,success,,0.6275,0.6264504770707284,0.6228238824579304,1.7537505042231782,0.9422937099160704,
2026-06-29T09:34:20.591634+00:00,letter,6,random_forest,0,500,15500,400,100,4000,26,16,16,,,,,,,,,,,,,,,stratified_labeled_val,26,True,18,20,3.5322,success,,0.7405,0.7397563206519083,0.7407361656914339,1.3455502519205202,0.9657494609805202,
2026-06-29T09:34:24.148291+00:00,letter,6,xgboost,0,50,15950,50,0,4000,26,16,16,,,,,,,,,,,,,,,no_val_low_label_multiclass,26,True,1,5,25.9089,success,,0.2595,0.2590574657061826,0.2002224824802964,2.760589838027954,0.7350417974177756,
2026-06-29T09:34:50.080649+00:00,letter,6,xgboost,0,100,15900,100,0,4000,26,16,16,,,,,,,,,,,,,,,no_val_low_label_multiclass,26,True,3,4,25.2933,success,,0.48375,0.4835893542361945,0.4772335240336611,1.9306379556655884,0.892515533232859,
2026-06-29T09:35:15.399865+00:00,letter,6,xgboost,0,250,15750,200,50,4000,26,16,16,,,,,,,,,,,,,,,stratified_labeled_val,26,True,9,10,42.8533,success,,0.6085,0.6079875570343201,0.6056830436273454,1.4031938314437866,0.944430467440459,
2026-06-29T09:35:58.277834+00:00,letter,6,xgboost,0,500,15500,400,100,4000,26,16,16,,,,,,,,,,,,,,,stratified_labeled_val,26,True,18,20,32.8571,success,,0.71425,0.713745460105899,0.7136171785385979,1.061222791671753,0.9674246210517896,
2026-06-29T09:36:31.156363+00:00,letter,6,lightgbm,0,50,15950,50,0,4000,26,16,16,,,,,,,,,,,,,,,no_val_low_label_multiclass,26,True,1,5,9.1245,success,,0.17025,0.1706649688984234,0.1547673270003936,3.772157803870221,0.7257183688655936,
2026-06-29T09:36:40.292385+00:00,letter,6,lightgbm,0,100,15900,100,0,4000,26,16,16,,,,,,,,,,,,,,,no_val_low_label_multiclass,26,True,3,4,20.532,success,,0.4875,0.4872208406760294,0.4823761000232651,2.7660071065707545,0.8883288366227059,
2026-06-29T09:37:00.836277+00:00,letter,6,lightgbm,0,250,15750,200,50,4000,26,16,16,,,,,,,,,,,,,,,stratified_labeled_val,26,True,9,10,27.6511,success,,0.61825,0.6173146397354814,0.6156480127506991,1.961388396090792,0.9434201486380144,
2026-06-29T09:37:28.500315+00:00,letter,6,lightgbm,0,500,15500,400,100,4000,26,16,16,,,,,,,,,,,,,,,stratified_labeled_val,26,True,18,20,63.5203,success,,0.72625,0.7257008709215853,0.72544679980919,1.4339345917872433,0.9679046360041478,
2026-06-29T09:38:32.051339+00:00,letter,6,catboost,0,50,15950,50,0,4000,26,16,16,,,,,,,,,,,,,,,no_val_low_label_multiclass,26,True,1,5,5.7704,success,,0.3205,0.3199324526843887,0.2963440676561575,2.5408792213360925,0.843882938346773,
2026-06-29T09:38:37.831950+00:00,letter,6,catboost,0,100,15900,100,0,4000,26,16,16,,,,,,,,,,,,,,,no_val_low_label_multiclass,26,True,3,4,7.8829,success,,0.547,0.545488977363327,0.5396637864366618,1.894002787490516,0.921394147878284,
2026-06-29T09:38:45.731467+00:00,letter,6,catboost,0,250,15750,200,50,4000,26,16,16,,,,,,,,,,,,,,,stratified_labeled_val,26,True,9,10,8.9891,success,,0.64625,0.6448299818925113,0.6451074136149683,1.414517649104981,0.957652117208963,
2026-06-29T09:38:54.737925+00:00,letter,6,catboost,0,500,15500,400,100,4000,26,16,16,,,,,,,,,,,,,,,stratified_labeled_val,26,True,18,20,8.361,success,,0.74725,0.7466896823342147,0.7496508966893737,1.0533719208940109,0.9762017321584264,
2026-06-29T09:39:03.116918+00:00,letter,6,mlp,0,50,15950,50,0,4000,26,16,16,,,,,,,,,,,,,,,no_val_low_label_multiclass,26,True,1,5,0.3612,success,,0.0535,0.0542625620224254,0.0299641219140035,3.280001163482666,0.5301477533862775,
2026-06-29T09:39:03.492752+00:00,letter,6,mlp,0,100,15900,100,0,4000,26,16,16,,,,,,,,,,,,,,,no_val_low_label_multiclass,26,True,3,4,0.477,success,,0.1745,0.173932149681633,0.1393147774721282,3.092272996902466,0.7094020398967016,
2026-06-29T09:39:03.975375+00:00,letter,6,mlp,0,250,15750,200,50,4000,26,16,16,,,,,,,,,,,,,,,stratified_labeled_val,26,True,9,10,0.5325,success,,0.208,0.208432065013744,0.1610141017692256,2.9891719818115234,0.7695496111854623,
2026-06-29T09:39:04.516798+00:00,letter,6,mlp,0,500,15500,400,100,4000,26,16,16,,,,,,,,,,,,,,,stratified_labeled_val,26,True,18,20,0.8632,success,,0.53175,0.5306893497023721,0.514046143186241,1.787526249885559,0.9335732528727732,
2026-06-29T09:39:05.385884+00:00,letter,6,label_spreading,0,50,15950,50,0,4000,26,16,16,,,,,,,,,,,50.0,0.0,16000.0,15950.0,no_val_low_label_multiclass,26,True,1,5,11.4109,success,,0.368,0.3670500894892256,0.3547600154126089,5.8803680884826885,0.8198713732119967,
2026-06-29T09:39:16.809463+00:00,letter,6,label_spreading,0,100,15900,100,0,4000,26,16,16,,,,,,,,,,,50.0,0.0,16000.0,15900.0,no_val_low_label_multiclass,26,True,3,4,16.0028,success,,0.50375,0.5033413582064811,0.5005176994714098,2.823738460896684,0.8979557679395358,
2026-06-29T09:39:32.823299+00:00,letter,6,label_spreading,0,250,15750,200,50,4000,26,16,16,,,,,,,,,,,50.0,0.0,15950.0,15750.0,stratified_labeled_val,26,True,9,10,9.9249,success,,0.60025,0.5986283835703108,0.6020906690740843,1.5287436907269694,0.9495987746820904,
2026-06-29T09:39:42.759222+00:00,letter,6,label_spreading,0,500,15500,400,100,4000,26,16,16,,,,,,,,,,,50.0,0.0,15900.0,15500.0,stratified_labeled_val,26,True,18,20,9.4919,success,,0.6745,0.673244681730658,0.67414460561133,1.1808789119416747,0.9669287417325936,
2026-06-29T09:39:52.259512+00:00,letter,6,label_propagation,0,50,15950,50,0,4000,26,16,16,,,,,,,,,,,50.0,0.0,16000.0,15950.0,no_val_low_label_multiclass,26,True,1,5,61.8525,success,,0.19625,0.1960076785366194,0.1736406117493301,3.9082046773539054,0.8109974859963935,
2026-06-29T09:40:54.117644+00:00,letter,6,label_propagation,0,100,15900,100,0,4000,26,16,16,,,,,,,,,,,50.0,0.0,16000.0,15900.0,no_val_low_label_multiclass,26,True,3,4,56.3764,success,,0.2635,0.2622346894499459,0.2635024070479915,2.595755020836536,0.8741549108682091,
2026-06-29T09:41:50.499983+00:00,letter,6,label_propagation,0,250,15750,200,50,4000,26,16,16,,,,,,,,,,,50.0,0.0,15950.0,15750.0,stratified_labeled_val,26,True,9,10,48.4831,success,,0.39275,0.3910178901152603,0.4003121935060261,2.0144516894662474,0.9254059706998004,
2026-06-29T09:42:38.990931+00:00,letter,6,label_propagation,0,500,15500,400,100,4000,26,16,16,,,,,,,,,,,50.0,0.0,15900.0,15500.0,stratified_labeled_val,26,True,18,20,51.0419,success,,0.46825,0.4667214478674888,0.4859630741113466,1.6881107256151235,0.9496986866886792,
2026-06-29T09:43:30.039689+00:00,letter,6,self_training_lr,0,50,15950,50,0,4000,26,16,16,0.0,0.0,0.0,"{0: 2, 1: 3, 2: 2, 3: 1, 4: 3, 5: 1, 6: 4, 7: 2, 8: 1, 9: 1, 10: 1, 11: 2, 12: 2, 13: 1, 14: 5, 15: 1, 16: 2, 17: 1, 18: 1, 19: 3, 20: 2, 21: 3, 22: 1, 23: 2, 24: 2, 25: 1}",0.0,,,,,no_candidates,,,,,no_val_low_label_multiclass,26,True,1,5,0.3096,success,,0.33,0.3295163076412413,0.316275063777394,2.607950210571289,0.8258827092509725,
2026-06-29T09:43:30.359257+00:00,letter,6,self_training_lr,0,100,15900,100,0,4000,26,16,16,1527.0,495.0,5.0,"{0: 4, 1: 4, 2: 3, 3: 4, 4: 4, 5: 5, 6: 4, 7: 3, 8: 4, 9: 204, 10: 3, 11: 350, 12: 27, 13: 4, 14: 4, 15: 4, 16: 4, 17: 4, 18: 4, 19: 4, 20: 4, 21: 4, 22: 961, 23: 4, 24: 4, 25: 3}",0.0960377358490566,0.9713737877975044,0.9500076174736024,0.9971113204956056,,max_iter,,,,,no_val_low_label_multiclass,26,True,3,4,0.4341,success,,0.47125,0.4708906842554367,0.4668558373510401,2.1768271923065186,0.8869802194032388,
2026-06-29T09:43:30.797473+00:00,letter,6,self_training_lr,0,250,15750,200,50,4000,26,16,16,1626.0,351.0,5.0,"{0: 11, 1: 8, 2: 7, 3: 8, 4: 8, 5: 8, 6: 8, 7: 8, 8: 276, 9: 186, 10: 9, 11: 247, 12: 419, 13: 8, 14: 7, 15: 253, 16: 8, 17: 15, 18: 7, 19: 8, 20: 184, 21: 8, 22: 97, 23: 8, 24: 9, 25: 11}",0.1032380952380952,0.9699944622475576,0.9500264525413512,0.9982542395591736,,max_iter,,,,,stratified_labeled_val,26,True,9,10,0.5065,success,,0.56475,0.5628001796127,0.5577909254863577,1.6089304685592651,0.934902666260463,
2026-06-29T09:43:31.331065+00:00,letter,6,self_training_lr,0,500,15500,400,100,4000,26,16,16,2363.0,307.0,5.0,"{0: 478, 1: 15, 2: 18, 3: 21, 4: 30, 5: 16, 6: 15, 7: 15, 8: 15, 9: 237, 10: 15, 11: 370, 12: 364, 13: 16, 14: 15, 15: 257, 16: 16, 17: 61, 18: 15, 19: 138, 20: 182, 21: 15, 22: 238, 23: 16, 24: 39, 25: 146}",0.1524516129032258,0.9677979779909388,0.9500196576118468,0.9996139407157898,,max_iter,,,,,stratified_labeled_val,26,True,18,20,0.781,success,,0.67,0.6683295519898486,0.6645690398261034,1.267796277999878,0.9582740655061036,
2026-06-29T09:43:32.116919+00:00,letter,6,self_training_xgboost,0,50,15950,50,0,4000,26,16,16,0.0,0.0,0.0,"{0: 2, 1: 3, 2: 2, 3: 1, 4: 3, 5: 1, 6: 4, 7: 2, 8: 1, 9: 1, 10: 1, 11: 2, 12: 2, 13: 1, 14: 5, 15: 1, 16: 2, 17: 1, 18: 1, 19: 3, 20: 2, 21: 3, 22: 1, 23: 2, 24: 2, 25: 1}",0.0,,,,,min_added_fraction,,,,,no_val_low_label_multiclass,26,True,1,5,60.5946,success,,0.2595,0.2590574657061826,0.2002224824802964,2.760589838027954,0.7350417974177756,
2026-06-29T09:44:32.727253+00:00,letter,6,self_training_xgboost,0,100,15900,100,0,4000,26,16,16,1265.0,695.0,3.0,"{0: 4, 1: 41, 2: 3, 3: 4, 4: 4, 5: 4, 6: 9, 7: 3, 8: 156, 9: 271, 10: 3, 11: 179, 12: 87, 13: 4, 14: 4, 15: 103, 16: 4, 17: 4, 18: 4, 19: 13, 20: 4, 21: 4, 22: 408, 23: 4, 24: 38, 25: 3}",0.0795597484276729,0.9754151737265908,0.9500433206558228,0.9988266825675964,,max_iter,,,,,no_val_low_label_multiclass,26,True,3,4,145.6193,success,,0.4445,0.444857887796205,0.4377306926527173,2.115744113922119,0.8770775049771771,
2026-06-29T09:46:58.384891+00:00,letter,6,self_training_xgboost,0,250,15750,200,50,4000,26,16,16,5295.0,1926.0,3.0,"{0: 470, 1: 272, 2: 166, 3: 151, 4: 143, 5: 31, 6: 120, 7: 14, 8: 645, 9: 339, 10: 79, 11: 279, 12: 354, 13: 217, 14: 126, 15: 477, 16: 19, 17: 204, 18: 12, 19: 111, 20: 361, 21: 334, 22: 248, 23: 61, 24: 246, 25: 16}",0.3361904761904762,0.9778611379597296,0.950001895427704,0.9991384744644164,,max_iter,,,,,stratified_labeled_val,26,True,9,10,209.8916,success,,0.586,0.5844984405671741,0.5788326715217864,1.7474584579467771,0.921998183326462,
2026-06-29T09:50:28.302387+00:00,letter,6,self_training_xgboost,0,500,15500,400,100,4000,26,16,16,6000.0,2000.0,3.0,"{0: 478, 1: 193, 2: 329, 3: 268, 4: 42, 5: 117, 6: 79, 7: 30, 8: 291, 9: 366, 10: 164, 11: 398, 12: 424, 13: 201, 14: 202, 15: 394, 16: 88, 17: 239, 18: 45, 19: 223, 20: 425, 21: 282, 22: 443, 23: 167, 24: 232, 25: 280}",0.3870967741935484,0.9898126738667488,0.970869779586792,0.999472200870514,,max_iter,,,,,stratified_labeled_val,26,True,18,20,208.5153,success,,0.705,0.7043890764722391,0.702437665449242,1.2238432168960571,0.9600739905416544,
2026-06-29T09:53:56.850781+00:00,letter,6,self_training_lightgbm,0,50,15950,50,0,4000,26,16,16,4510.0,2000.0,3.0,"{0: 66, 1: 150, 2: 259, 3: 37, 4: 332, 5: 1, 6: 291, 7: 55, 8: 42, 9: 1, 10: 45, 11: 226, 12: 919, 13: 18, 14: 244, 15: 4, 16: 91, 17: 12, 18: 115, 19: 318, 20: 17, 21: 544, 22: 284, 23: 23, 24: 352, 25: 114}",0.2827586206896552,0.9981272091923126,0.9545263371517694,0.999999502505306,,max_iter,,,,,no_val_low_label_multiclass,26,True,1,5,229.1171,success,,0.28625,0.2874484548153224,0.269048624152382,6.272859085572256,0.7085294131106097,
2026-06-29T09:57:45.997475+00:00,letter,6,self_training_lightgbm,0,100,15900,100,0,4000,26,16,16,6000.0,2000.0,3.0,"{0: 502, 1: 262, 2: 128, 3: 233, 4: 144, 5: 27, 6: 130, 7: 29, 8: 230, 9: 390, 10: 87, 11: 360, 12: 375, 13: 537, 14: 142, 15: 247, 16: 142, 17: 359, 18: 263, 19: 467, 20: 36, 21: 46, 22: 473, 23: 94, 24: 198, 25: 199}",0.3773584905660377,0.9996822018298877,0.998099662270722,0.9999989587988136,,max_iter,,,,,no_val_low_label_multiclass,26,True,3,4,147.1275,success,,0.5025,0.5018297374862791,0.4855393448785318,3.723586543885615,0.8480100398358815,
2026-06-29T10:00:13.139040+00:00,letter,6,self_training_lightgbm,0,250,15750,200,50,4000,26,16,16,6000.0,2000.0,3.0,"{0: 484, 1: 379, 2: 96, 3: 207, 4: 148, 5: 119, 6: 199, 7: 53, 8: 504, 9: 298, 10: 189, 11: 347, 12: 342, 13: 225, 14: 98, 15: 465, 16: 215, 17: 257, 18: 20, 19: 132, 20: 340, 21: 174, 22: 280, 23: 178, 24: 323, 25: 128}",0.3809523809523809,0.9998700116512264,0.99890911639169,0.9999993223792742,,max_iter,,,,,stratified_labeled_val,26,True,9,10,174.1187,success,,0.63775,0.6367114913093221,0.6331176581969337,2.30541321017137,0.9235883934054004,
2026-06-29T10:03:07.275861+00:00,letter,6,self_training_lightgbm,0,500,15500,400,100,4000,26,16,16,6000.0,2000.0,3.0,"{0: 474, 1: 219, 2: 247, 3: 309, 4: 116, 5: 117, 6: 143, 7: 75, 8: 285, 9: 373, 10: 176, 11: 406, 12: 338, 13: 207, 14: 186, 15: 385, 16: 142, 17: 173, 18: 68, 19: 238, 20: 330, 21: 296, 22: 384, 23: 206, 24: 231, 25: 276}",0.3870967741935484,0.999969136601552,0.9998096290582276,0.999999582698203,,max_iter,,,,,stratified_labeled_val,26,True,18,20,315.0146,success,,0.70525,0.7046072567572812,0.7032815967135412,1.6680074438653618,0.9573259669101712,
2026-06-29T10:08:22.314641+00:00,letter,6,self_training_catboost,0,50,15950,50,0,4000,26,16,16,0.0,0.0,0.0,"{0: 2, 1: 3, 2: 2, 3: 1, 4: 3, 5: 1, 6: 4, 7: 2, 8: 1, 9: 1, 10: 1, 11: 2, 12: 2, 13: 1, 14: 5, 15: 1, 16: 2, 17: 1, 18: 1, 19: 3, 20: 2, 21: 3, 22: 1, 23: 2, 24: 2, 25: 1}",0.0,,,,,no_candidates,,,,,no_val_low_label_multiclass,26,True,1,5,5.4393,success,,0.266,0.2659311650421787,0.2336710416700179,2.858230956882964,0.8285418034611733,
2026-06-29T10:08:27.780214+00:00,letter,6,self_training_catboost,0,100,15900,100,0,4000,26,16,16,0.0,0.0,0.0,"{0: 4, 1: 4, 2: 3, 3: 4, 4: 4, 5: 4, 6: 4, 7: 3, 8: 4, 9: 4, 10: 3, 11: 4, 12: 4, 13: 4, 14: 4, 15: 4, 16: 4, 17: 4, 18: 4, 19: 4, 20: 4, 21: 4, 22: 4, 23: 4, 24: 4, 25: 3}",0.0,,,,,no_candidates,,,,,no_val_low_label_multiclass,26,True,3,4,6.7577,success,,0.50075,0.4988670332030436,0.4928851765956218,2.4451837334079483,0.9008684073434676,
2026-06-29T10:08:34.545825+00:00,letter,6,self_training_catboost,0,250,15750,200,50,4000,26,16,16,0.0,0.0,0.0,"{0: 8, 1: 8, 2: 7, 3: 8, 4: 8, 5: 8, 6: 8, 7: 8, 8: 7, 9: 7, 10: 8, 11: 8, 12: 8, 13: 8, 14: 7, 15: 8, 16: 8, 17: 7, 18: 7, 19: 8, 20: 8, 21: 8, 22: 7, 23: 8, 24: 8, 25: 7}",0.0,,,,,no_candidates,,,,,stratified_labeled_val,26,True,9,10,4.9465,success,,0.6085,0.6060080809148479,0.6030752861792229,1.9595830933985128,0.9443184865638348,
2026-06-29T10:08:39.501064+00:00,letter,6,self_training_catboost,0,500,15500,400,100,4000,26,16,16,0.0,0.0,0.0,"{0: 16, 1: 15, 2: 15, 3: 16, 4: 15, 5: 15, 6: 15, 7: 15, 8: 15, 9: 15, 10: 15, 11: 15, 12: 16, 13: 16, 14: 15, 15: 16, 16: 16, 17: 15, 18: 15, 19: 16, 20: 16, 21: 15, 22: 15, 23: 16, 24: 16, 25: 15}",0.0,,,,,no_candidates,,,,,stratified_labeled_val,26,True,18,20,6.8563,success,,0.706,0.7049386886032557,0.704797019184511,1.529913937770782,0.967426155764321,
2026-06-29T10:08:46.367092+00:00,letter,6,rpl_lr,0,50,15950,50,0,4000,26,16,16,,,,,,,,,,,,,,,no_val_low_label_multiclass,26,True,1,5,0.7685,success,,0.28,0.2798758906856731,0.2522490681197289,3.5142319202423096,0.7780216417678835,
2026-06-29T10:08:47.162087+00:00,letter,6,rpl_lr,0,100,15900,100,0,4000,26,16,16,,,,,,,,,,,,,,,no_val_low_label_multiclass,26,True,3,4,1.0684,success,,0.42925,0.4282285787490246,0.4187409217944718,2.7981247901916504,0.8645620441047542,
2026-06-29T10:08:48.237337+00:00,letter,6,rpl_lr,0,250,15750,200,50,4000,26,16,16,,,,,,,,,,,,,,,stratified_labeled_val,26,True,9,10,1.1701,success,,0.51675,0.5141115529371424,0.4954787092500327,1.944912791252136,0.9225325882775,
2026-06-29T10:08:49.414659+00:00,letter,6,rpl_lr,0,500,15500,400,100,4000,26,16,16,,,,,,,,,,,,,,,stratified_labeled_val,26,True,18,20,1.3518,success,,0.63275,0.6309432841086978,0.6208013471935119,1.3944674730300903,0.9552929068241478,
2026-06-29T10:08:50.773348+00:00,letter,6,rpl_lite_xgboost,0,50,15950,50,0,4000,26,16,16,868.0,458.0,3.0,"{6: 479, 21: 268, 1: 89, 19: 32}",0.0544200626959247,0.954379258754616,,,7.517487846085615e-09,max_iter,,,,,no_val_low_label_multiclass,26,True,1,5,41.7561,success,,0.23275,0.2325648845061029,0.1764927548403528,3.244602680206299,0.7091833668408163,
2026-06-29T10:09:32.546695+00:00,letter,6,rpl_lite_xgboost,0,100,15900,100,0,4000,26,16,16,4343.0,2000.0,3.0,"{8: 152, 16: 71, 12: 155, 11: 546, 17: 272, 9: 560, 4: 201, 14: 39, 15: 326, 3: 126, 19: 349, 1: 197, 10: 36, 22: 615, 24: 60, 0: 191, 13: 170, 6: 70, 23: 53, 5: 79, 2: 14, 20: 5, 25: 17, 18: 32, 21: 7}",0.2731446540880503,0.958315089458204,,,0.0193092268414992,max_iter,,,,,no_val_low_label_multiclass,26,True,3,4,63.0374,success,,0.45,0.4499526193077627,0.4388816130034011,2.659127950668335,0.8397672512897102,
2026-06-29T10:10:35.603839+00:00,letter,6,rpl_lite_xgboost,0,250,15750,200,50,4000,26,16,16,6000.0,2000.0,3.0,"{8: 679, 24: 253, 13: 216, 16: 131, 11: 286, 9: 337, 4: 179, 20: 345, 15: 481, 14: 131, 0: 453, 2: 169, 17: 210, 3: 157, 6: 106, 21: 340, 12: 495, 23: 65, 1: 312, 22: 266, 10: 155, 7: 13, 19: 114, 5: 63, 25: 35, 18: 9}",0.3809523809523809,0.9740774700244268,,,0.0240589747538931,max_iter,,,,,stratified_labeled_val,26,True,9,10,73.3461,success,,0.59675,0.5951499313705328,0.5897944363490333,1.8011497259140017,0.9214181520267316,
2026-06-29T10:11:48.982842+00:00,letter,6,rpl_lite_xgboost,0,500,15500,400,100,4000,26,16,16,6000.0,2000.0,3.0,"{8: 273, 24: 214, 13: 191, 25: 270, 12: 405, 9: 350, 11: 386, 22: 429, 20: 410, 15: 380, 5: 95, 14: 199, 3: 272, 2: 308, 4: 37, 6: 67, 0: 459, 18: 25, 19: 204, 10: 148, 17: 219, 23: 150, 21: 264, 1: 179, 16: 54, 7: 12}",0.3870967741935484,0.9897801693677902,,,0.0156904064853703,max_iter,,,,,stratified_labeled_val,26,True,18,20,71.8859,success,,0.704,0.7032429463494512,0.7008914508880981,1.2162574529647827,0.9609315442018171,
2026-06-29T11:03:40.537805+00:00,spambase,44,label_spreading,0,50,3630,40,10,921,2,57,57,,,,,,,,,,,,,,,stratified_labeled_val,2,True,20,30,10.7073,failed_graph_ssl_nan,"GraphSSLNanError: Graph SSL failed after retries. tried_neighbors=[7, 15, 30, 50, 5, 3], n_graph_rows=3670, n_labeled=40, n_unlabeled_used=3630, n_classes=2, min_labeled_per_class=16, last_error=invalid outputs for n_neighbors=3",,,,,,
2026-06-29T11:03:51.253246+00:00,spambase,44,label_spreading,0,100,3580,80,20,921,2,57,57,,,,,,,,,,,,,,,stratified_labeled_val,2,True,40,60,4.5899,failed_graph_ssl_nan,"GraphSSLNanError: Graph SSL failed after retries. tried_neighbors=[7, 15, 30, 50, 5, 3], n_graph_rows=3660, n_labeled=80, n_unlabeled_used=3580, n_classes=2, min_labeled_per_class=32, last_error=invalid outputs for n_neighbors=3",,,,,,
2026-06-29T11:03:55.851978+00:00,spambase,44,label_propagation,0,50,3630,40,10,921,2,57,57,,,,,,,,,,,,,,,stratified_labeled_val,2,True,20,30,9.0433,failed_graph_ssl_nan,"GraphSSLNanError: Graph SSL failed after retries. tried_neighbors=[7, 15, 30, 50, 5, 3], n_graph_rows=3670, n_labeled=40, n_unlabeled_used=3630, n_classes=2, min_labeled_per_class=16, last_error=invalid outputs for n_neighbors=3",,,,,,
2026-06-29T11:04:04.903366+00:00,spambase,44,label_propagation,0,100,3580,80,20,921,2,57,57,,,,,,,,,,,,,,,stratified_labeled_val,2,True,40,60,7.7444,failed_graph_ssl_nan,"GraphSSLNanError: Graph SSL failed after retries. tried_neighbors=[7, 15, 30, 50, 5, 3], n_graph_rows=3660, n_labeled=80, n_unlabeled_used=3580, n_classes=2, min_labeled_per_class=32, last_error=invalid outputs for n_neighbors=3",,,,,,
