dataset,dataset_id,method,n_labeled,metric_accuracy_mean,metric_accuracy_std,metric_accuracy_count,metric_balanced_accuracy_mean,metric_balanced_accuracy_std,metric_balanced_accuracy_count,metric_macro_f1_mean,metric_macro_f1_std,metric_macro_f1_count,metric_f1_macro_mean,metric_f1_macro_std,metric_f1_macro_count,metric_roc_auc_mean,metric_roc_auc_std,metric_roc_auc_count,metric_average_precision_mean,metric_average_precision_std,metric_average_precision_count,metric_log_loss_mean,metric_log_loss_std,metric_log_loss_count,runtime_seconds_mean,runtime_seconds_std,runtime_seconds_count,n_pseudo_added_total_mean,n_pseudo_added_total_std,n_pseudo_added_total_count
letter,6,catboost,250,0.62275,0.01165118019773102,3,0.6214498915213856,0.011281532134243193,3,0.6213780100696477,0.01036934907888586,3,0.6213780100696477,0.01036934907888586,3,0.946696902884366,0.006988180164405803,3,,,0,1.4991503098195285,0.04496586739777427,3,8.830633333333333,3.7065864907396047,3,,,0
letter,6,catboost,500,0.7204166666666666,0.014459714151162635,3,0.7197422639657661,0.014288370652501327,3,0.7227738151969966,0.012337525522367963,3,0.7227738151969966,0.012337525522367963,3,0.9703367953643709,0.003160514220080534,3,,,0,1.1331311851657817,0.038151246991496766,3,8.3386,0.950066171379657,3,,,0
letter,6,lightgbm,250,0.5953333333333334,0.010339044120871766,3,0.5948042689587485,0.010842117210042966,3,0.5938516528261241,0.012060190449129168,3,0.5938516528261241,0.012060190449129168,3,0.9331250543003945,0.005735578818169384,3,,,0,2.123317445127387,0.11994519364461748,3,13.0319,4.719781722707098,3,,,0
letter,6,lightgbm,500,0.71475,0.015524174696260037,3,0.7141579700895235,0.015473253255293805,3,0.7153976566135598,0.01623770490258012,3,0.7153976566135598,0.01623770490258012,3,0.9638958895949276,0.0035139844089986092,3,,,0,1.51672291470686,0.08323948025657875,3,20.5712,7.405450962635564,3,,,0
letter,6,logistic_regression,250,0.5861666666666666,0.009501096427956816,3,0.5841724120144117,0.00928844753544747,3,0.5826090649563099,0.007957930687701911,3,0.5826090649563099,0.007957930687701911,3,0.934343384927729,0.005399266066973778,3,,,0,1.5556618810750076,0.052490860407114294,3,0.4391333333333334,0.10490573546443173,3,,,0
letter,6,logistic_regression,500,0.6558333333333333,0.0028867513459480834,3,0.6542739706822835,0.003423453200854425,3,0.6538388277485765,0.006330370010977267,3,0.6538388277485765,0.006330370010977267,3,0.9549773883934627,0.0030478971395331705,3,,,0,1.2964890656768313,0.026082597162970112,3,0.3774666666666667,0.044638585700415456,3,,,0
letter,6,mlp,250,0.22125000000000003,0.06162335190493943,3,0.2213148114589629,0.06141676981244131,3,0.1874449944892025,0.04933405846840481,3,0.1874449944892025,0.04933405846840481,3,0.7806485240161818,0.028981586747276716,3,,,0,2.916300360263532,0.12043678544274514,3,0.3699333333333333,0.04959045607103582,3,,,0
letter,6,mlp,500,0.5428333333333334,0.048958102836336864,3,0.5418088230722776,0.04874414815518998,3,0.523417942256231,0.066878278913478,3,0.523417942256231,0.066878278913478,3,0.9322884524598445,0.021578905568956978,3,,,0,1.7056302303594908,0.28525727711702814,3,0.6123666666666666,0.0773021560716991,3,,,0
letter,6,random_forest,250,0.6214166666666666,0.025662878508330586,3,0.6202209321896026,0.026011313360220577,3,0.6189072460711348,0.027735913912916577,3,0.6189072460711348,0.027735913912916577,3,0.9321166088153889,0.008352735893102332,3,,,0,1.9166280723917948,0.16905489000309598,3,2.3766666666666665,0.3332118595328403,3,,,0
letter,6,random_forest,500,0.7216666666666667,0.01079737622449702,3,0.7210000314135282,0.010782493123129856,3,0.7221277887703792,0.010610488543691864,3,0.7221277887703792,0.010610488543691864,3,0.9620297752952015,0.002736918257758945,3,,,0,1.4224879215892001,0.05742436790680804,3,2.321,0.21204379264670772,3,,,0
letter,6,rpl_lite_xgboost,250,0.6046666666666667,0.013290817632235228,3,0.6041144169734938,0.01267189025963266,3,0.606741573854586,0.010845463091574636,3,0.606741573854586,0.010845463091574636,3,0.9147330144639377,0.004401691587390131,3,,,0,2.86686642964681,0.04909820789434704,3,243.09503333333336,4.036683981107922,3,13583.333333333334,172.38716116153603,3
letter,6,rpl_lite_xgboost,500,0.7150833333333333,0.023980895173728048,3,0.714596564815985,0.023765274299856358,3,0.7180728499630691,0.02318131699937007,3,0.7180728499630691,0.02318131699937007,3,0.954623069187765,0.006368854327855282,3,,,0,1.8569719394048054,0.18513378224728477,3,277.81513333333334,6.3920909953889975,3,13739.0,113.22102278287367,3
letter,6,rpl_lr,250,0.5463333333333332,0.02299094024465574,3,0.5448874390753738,0.02236021762396556,3,0.5251614995141834,0.026639935193818604,3,0.5251614995141834,0.026639935193818604,3,0.9257469767069869,0.0102524367147794,3,,,0,1.865749378069714,0.16299915045896632,3,0.8967333333333333,0.16688098553560057,3,,,0
letter,6,rpl_lr,500,0.6262500000000001,0.005379358697837521,3,0.6244455574789337,0.005792352244355404,3,0.6134696123760142,0.008632644886408636,3,0.6134696123760142,0.008632644886408636,3,0.9515745234007554,0.0032210356789094865,3,,,0,1.4446570106979575,0.060126454044841016,3,1.5650666666666666,0.18714049089743595,3,,,0
letter,6,self_training_catboost,250,0.49825,0.026024027359346225,3,0.4966786819309592,0.025989195476212167,3,0.4722652432201509,0.03561676431728758,3,0.4722652432201509,0.03561676431728758,3,0.9110308757053925,0.0038073274990886924,3,,,0,3.000374620718913,0.13892763827838778,3,277.9055,13.780892254132164,3,13451.666666666666,118.03530545278981,3
letter,6,self_training_catboost,500,0.6365,0.007941190087134248,3,0.6357333650736224,0.00833021339599534,3,0.6306613188328595,0.005408749271906337,3,0.6306613188328595,0.005408749271906337,3,0.9505568000322496,0.005379726425172375,3,,,0,1.6993847793624146,0.07999655653812819,3,291.1902,8.429015032018876,3,12011.333333333334,189.43160595141833,3
letter,6,self_training_lightgbm,250,0.6124999999999999,0.00902427282389002,3,0.6120988943782723,0.009641181807602888,3,0.612633618109656,0.010540803473084217,3,0.612633618109656,0.010540803473084217,3,0.9192426505437671,0.007360416023129329,3,,,0,5.878408254175702,0.21825210408605308,3,775.7363,23.685910839357646,3,15664.666666666666,7.637626158259535,3
letter,6,self_training_lightgbm,500,0.7274166666666666,0.009638248457750753,3,0.7267998402633845,0.009218629307720954,3,0.7295593773669404,0.008719793120711628,3,0.7295593773669404,0.008719793120711628,3,0.9538158942297201,0.004941308468325252,3,,,0,3.688989895327809,0.2129344740994406,3,770.1069000000001,42.966462763299496,3,15400.666666666666,7.5718777944001046,3
letter,6,self_training_lr,250,0.5194166666666667,0.0314745267372416,3,0.5172459642703998,0.031467548742240274,3,0.4740149434108288,0.04541356776524154,3,0.4740149434108288,0.04541356776524154,3,0.9182509502579185,0.005212021711058899,3,,,0,3.141784156140559,0.13229283638087405,3,5.822500000000001,1.339323340347655,3,11766.666666666666,292.59585324015353,3
letter,6,self_training_lr,500,0.5970833333333333,0.019315365213563345,3,0.5945714721235341,0.019882058233736736,3,0.5661490624904993,0.03300867486521216,3,0.5661490624904993,0.03300867486521216,3,0.9443984508344888,0.0023472432341887957,3,,,0,2.0457146937646464,0.04679108070822117,3,5.914333333333334,0.3060379115948438,3,10720.666666666666,57.882064003742656,3
letter,6,self_training_xgboost,250,0.6030833333333333,0.010666341140866141,3,0.6025434953618317,0.010117851413387198,3,0.6063918448147431,0.008615532185915861,3,0.6063918448147431,0.008615532185915861,3,0.9161470388094676,0.00542132223625694,3,,,0,3.0641156832377114,0.02468736573127614,3,401.03839999999997,42.89288284564237,3,14539.333333333334,142.75970486567064,3
letter,6,self_training_xgboost,500,0.715,0.026742989735629715,3,0.7144333911210258,0.026621099059553233,3,0.7184402504436348,0.025515490827395033,3,0.7184402504436348,0.025515490827395033,3,0.9541308718364179,0.005805298708981083,3,,,0,1.9441961844762166,0.19664843102824053,3,409.9412666666667,143.50561985198814,3,14308.333333333334,38.21430796617044,3
letter,6,xgboost,250,0.5936666666666667,0.006625393070100355,3,0.5931095871455098,0.005931977913188256,3,0.5930263429166543,0.005416311609070302,3,0.5930263429166543,0.005416311609070302,3,0.934092033348494,0.005789609003430949,3,,,0,1.5073805650075276,0.03118671181340417,3,8.800933333333333,0.9327361166660878,3,,,0
letter,6,xgboost,500,0.7031666666666667,0.016960124802999927,3,0.7025754189023522,0.016743588427040965,3,0.7029862838957018,0.01721782814288244,3,0.7029862838957018,0.01721782814288244,3,0.9653834198387542,0.0020388821164330742,3,,,0,1.0960020621617634,0.0335484649380257,3,11.003366666666667,0.6087027955688502,3,,,0
phoneme,1489,catboost,50,0.7681159420289855,0.017778026895343267,3,0.7245954933082288,0.029417181294131532,3,0.7223335156956942,0.025319578885840573,3,0.7223335156956942,0.025319578885840573,3,0.8327986247598284,0.027510559542559626,3,0.6047268859335647,0.041732806882897745,3,0.705019174186809,0.08532626805266144,3,1.8394666666666666,0.8503700037826672,3,,,0
phoneme,1489,catboost,100,0.7872340425531915,0.003700277520814005,3,0.7132042049977704,0.024533740974304476,3,0.7242368104680509,0.015757117366469175,3,0.7242368104680509,0.015757117366469175,3,0.8555474810202544,0.004282763728840194,3,0.6559704112042284,0.015567035968233904,3,0.6371996416656086,0.03297559097665024,3,1.5881,0.05850700812723196,3,,,0
phoneme,1489,catboost,250,0.8146777674992292,0.009716898708966203,3,0.7818375256687643,0.005958821574342548,3,0.7788484344732742,0.009134474845352441,3,0.7788484344732742,0.009134474845352441,3,0.8756750953804483,0.009233712982121967,3,0.7232099727629456,0.039753334956901185,3,0.5064304837985748,0.06351039811915643,3,2.1197666666666666,0.039010297785755654,3,,,0
phoneme,1489,catboost,500,0.8233117483811285,0.014887582737679069,3,0.7802554214081622,0.016815972815742434,3,0.783975736091783,0.0175804050558324,3,0.783975736091783,0.0175804050558324,3,0.8927967804625608,0.008859844277748956,3,0.7459757204219398,0.02377639104758635,3,0.44618435659060623,0.01699269181011465,3,2.3985,0.13959731372773615,3,,,0
phoneme,1489,lightgbm,50,0.7067530064754856,0.0,3,0.5,0.0,3,0.41409214092140917,0.0,3,0.41409214092140917,0.0,3,0.5266934502672854,0.04623441209225146,3,0.3083172082641419,0.026102377610008394,3,0.6017294461607956,0.005911572468873219,3,0.3612333333333333,0.18113956865724654,3,,,0
phoneme,1489,lightgbm,100,0.7813752698119026,0.011417519939299202,3,0.7216714563341977,0.028836280131886976,3,0.7267983617688021,0.020527391906473964,3,0.7267983617688021,0.020527391906473964,3,0.839455987359682,0.010445599788271457,3,0.6426167863677185,0.015430931178257817,3,0.6403595391182483,0.057150352332316794,3,0.8449666666666666,0.1664531866121323,3,,,0
phoneme,1489,lightgbm,250,0.8004933703361085,0.021917182416178713,3,0.755806783710726,0.027225455776746035,3,0.7575801732599984,0.026980645362480907,3,0.7575801732599984,0.026980645362480907,3,0.8628152509620626,0.016600109849138164,3,0.7148624051933812,0.04258558480651013,3,0.7555930642546344,0.13197052837880513,3,2.0777666666666668,0.32647009561877716,3,,,0
phoneme,1489,lightgbm,500,0.8242368177613321,0.01000615525105643,3,0.779679422597321,0.010200771936387711,3,0.7842863028052017,0.00992648401916648,3,0.7842863028052017,0.00992648401916648,3,0.884830517339147,0.009603687002758697,3,0.7437406344674949,0.015813722186746194,3,0.7481736974673106,0.044429625367806785,3,3.828,0.46714461358341675,3,,,0
phoneme,1489,logistic_regression,50,0.7567067530064756,0.021196002289342424,3,0.6934530199679587,0.06405048257428454,3,0.6937566858572138,0.05452083696111282,3,0.6937566858572138,0.05452083696111282,3,0.7928757824499976,0.023729600700643318,3,0.5497518303094123,0.047567098165087064,3,0.5338374845292405,0.01775377944989561,3,0.10643333333333332,0.03824674278070399,3,,,0
phoneme,1489,logistic_regression,100,0.7443724946037619,0.013917094167618547,3,0.666885504924549,0.03238304165875222,3,0.6735910071423016,0.028991427089971416,3,0.6735910071423016,0.028991427089971416,3,0.7900652936286411,0.011476645297932698,3,0.5359877925274045,0.002638557724737806,3,0.5041281366796039,0.008774155215144033,3,0.08386666666666666,0.004407191093353381,3,,,0
phoneme,1489,logistic_regression,250,0.7431390687634906,0.009804571751825262,3,0.6684738027207513,0.006884056646578497,3,0.6753768269453594,0.00866075384044003,3,0.6753768269453594,0.00866075384044003,3,0.7987142220093482,0.0156490778460881,3,0.5393299979410807,0.032290649550942796,3,0.48127042965932354,0.016733223073942514,3,0.08566666666666667,0.016616357402672022,3,,,0
phoneme,1489,logistic_regression,500,0.7357385137218625,0.009977606961062887,3,0.6500108730958319,0.013099910910302767,3,0.6582363714837525,0.013671450849549557,3,0.6582363714837525,0.013671450849549557,3,0.8020958924471898,0.013958780773651727,3,0.5624324744345975,0.007574729484464432,3,0.47769177005489233,0.013044867891903126,3,0.08723333333333333,0.0025967928938083135,3,,,0
phoneme,1489,mlp,50,0.70613629355535,0.0037386233897570196,3,0.5241726812779053,0.029704797687201318,3,0.4757628939020937,0.06720580036449089,3,0.4757628939020937,0.06720580036449089,3,0.6387131759900022,0.08056746568020806,3,0.41095075321024527,0.05488422225197189,3,0.6407972746057761,0.016023367438758904,3,0.07636666666666667,0.01723726583113845,3,,,0
phoneme,1489,mlp,100,0.7098365710761639,0.014341061923198907,3,0.5332503399562873,0.04866705686423433,3,0.48975084959240944,0.08834184774693064,3,0.48975084959240944,0.08834184774693064,3,0.6490687675139423,0.1352068029271063,3,0.40460103339811204,0.1135776171860173,3,0.6155059848172074,0.057909742304769085,3,0.1143,0.03565262963653593,3,,,0
phoneme,1489,mlp,250,0.7203206907184706,0.02434063628968965,3,0.558508954476137,0.06161097504486668,3,0.529909203653186,0.10719851440077532,3,0.529909203653186,0.10719851440077532,3,0.7182450548059084,0.16266202882306946,3,0.48755582314806717,0.1549093810245243,3,0.5604025885053073,0.07553765989378092,3,0.10759999999999999,0.03136989002212153,3,,,0
phoneme,1489,mlp,500,0.7591736046870182,0.025575003749298764,3,0.6619760957052648,0.09220187520843272,3,0.657306095001768,0.10883008627474487,3,0.657306095001768,0.10883008627474487,3,0.8008241531372322,0.052093604858254934,3,0.5996551890134162,0.047288312020619394,3,0.4943088193636014,0.0870603271453287,3,0.1818666666666667,0.07487204640807767,3,,,0
phoneme,1489,random_forest,50,0.7779833487511564,0.009658007871332553,3,0.7177337440335606,0.03463211586158913,3,0.7221227150253169,0.026204204892358807,3,0.7221227150253169,0.026204204892358807,3,0.8343525140249173,0.01750124182207899,3,0.6092234023495436,0.030256207365729124,3,0.4850414275445268,0.031236073119608788,3,1.2335666666666667,0.2929477996731386,3,,,0
phoneme,1489,random_forest,100,0.78600061671292,0.006159415465753379,3,0.7144848905258173,0.02754251975614671,3,0.7246649471311771,0.01930175069633435,3,0.7246649471311771,0.01930175069633435,3,0.8480856469629655,0.0014593051940960918,3,0.6536148281932638,0.025231210172907217,3,0.4677637953613667,0.03319332815638145,3,1.2300333333333333,0.17571244501552327,3,,,0
phoneme,1489,random_forest,250,0.807277212457601,0.018509094910217648,3,0.7679887800661745,0.029908224316239008,3,0.7673848000299307,0.025909120098515093,3,0.7673848000299307,0.025909120098515093,3,0.8768972864056023,0.009878290178828653,3,0.7279798868215183,0.02897716163978971,3,0.43238962197369174,0.02198253649872304,3,1.2818333333333334,0.2151692434650765,3,,,0
phoneme,1489,random_forest,500,0.8211532531606537,0.012073248196393377,3,0.7688847782163718,0.022973208871164316,3,0.7768167357906953,0.018940643171171223,3,0.7768167357906953,0.018940643171171223,3,0.8909077521044257,0.0064392884116954,3,0.7437623259544867,0.026342753918990023,3,0.4026394903177794,0.023494444933145873,3,1.1643666666666668,0.2798661346667964,3,,,0
phoneme,1489,rpl_lite_xgboost,50,0.7810669133518348,0.02570849749872921,3,0.7531373698669354,0.02763784639180702,3,0.7444268011677596,0.02816402067294735,3,0.7444268011677596,0.02816402067294735,3,0.8310369079668137,0.04973462483652819,3,0.6266623420415125,0.0787640783616381,3,1.7073170344034831,0.2898803593350647,3,10.979166666666666,0.6041247084280958,3,4253.666666666667,6.027713773341588,3
phoneme,1489,rpl_lite_xgboost,100,0.7813752698119026,0.01341616399494732,3,0.7432043151050699,0.05023925878031016,3,0.737090877909938,0.03499352973585158,3,0.737090877909938,0.03499352973585158,3,0.8428183890201001,0.016348370478982095,3,0.6463056277283216,0.047101286121291386,3,1.5710288286209106,0.18213919425349812,3,12.859833333333333,0.5593819923212877,3,4186.0,7.810249675906654,3
phoneme,1489,rpl_lite_xgboost,250,0.8048103607770583,0.008824599458066075,3,0.7917753976249856,0.0019063495097391405,3,0.7759550437983523,0.006755870010527126,3,0.7759550437983523,0.006755870010527126,3,0.8710450834338062,0.007967760241312818,3,0.7108967120587172,0.02731528006659318,3,1.1459300518035889,0.08449264843099519,3,15.852133333333333,1.6542523699040999,3,4000.6666666666665,19.55334583474989,3
phoneme,1489,rpl_lite_xgboost,500,0.8251618871415355,0.018221753564840133,3,0.7997134457528862,0.025855364794955704,3,0.7931739916344834,0.02186139131579027,3,0.7931739916344834,0.02186139131579027,3,0.8865165353637119,0.012956860905653147,3,0.7355820636416904,0.025054323820167698,3,0.8603230714797974,0.0766448091975384,3,16.7196,1.0362425777780022,3,3711.6666666666665,16.28905563049418,3
phoneme,1489,rpl_lr,50,0.7425223558433549,0.040790559930466486,3,0.6569634608926399,0.10155126904029986,3,0.6536009338975397,0.10369536317024447,3,0.6536009338975397,0.10369536317024447,3,0.7803524534659024,0.033507631554895105,3,0.5392572857713726,0.0565064901357343,3,1.5896175321443098,0.14742486245381423,3,0.1075,0.00795424415013771,3,,,0
phoneme,1489,rpl_lr,100,0.7338883749614554,0.017364055782054993,3,0.635474645041593,0.04460996230639443,3,0.6420748467829346,0.04729501103354337,3,0.6420748467829346,0.04729501103354337,3,0.7809222587411432,0.01872392895556448,3,0.5387915404842548,0.027813796474871387,3,1.2134246444904606,0.08203617688814317,3,0.09033333333333333,0.010428966072115357,3,,,0
phoneme,1489,rpl_lr,250,0.7375886524822696,0.01481074308790976,3,0.6497817122786155,0.04695978311970568,3,0.6546797647034092,0.046785351104440626,3,0.6546797647034092,0.046785351104440626,3,0.796137711199564,0.010277660127717934,3,0.537672848434211,0.031055088885019854,3,0.7670262406686473,0.07939932252532213,3,0.10583333333333333,0.008857388629462604,3,,,0
phoneme,1489,rpl_lr,500,0.7298797409805736,0.00734251057649754,3,0.6231027135943977,0.019163456056979517,3,0.6313898896032752,0.02029867059132235,3,0.6313898896032752,0.02029867059132235,3,0.7989137914898068,0.008082631544911654,3,0.5560052768379428,0.008698267304253434,3,0.6110784765674878,0.042351614926674365,3,0.11843333333333333,0.07917886923500066,3,,,0
phoneme,1489,self_training_catboost,50,0.7588652482269503,0.016787736773131265,3,0.7085150103776131,0.029675347386240728,3,0.7083695834672467,0.025494501800020688,3,0.7083695834672467,0.025494501800020688,3,0.8134541485677792,0.03054609523909223,3,0.5873508804035339,0.05612476896899841,3,1.7773077370389885,0.2538163004083808,3,36.5643,8.47320314639039,3,4266.333333333333,3.055050463303769,3
phoneme,1489,self_training_catboost,100,0.7770582793709528,0.00938842882987251,3,0.6983149454143063,0.0349638262041195,3,0.7086136276665113,0.026956078275469527,3,0.7086136276665113,0.026956078275469527,3,0.8441940420940206,0.016045215336397585,3,0.641749810172871,0.027025641864644866,3,1.432719444782112,0.14281438060542861,3,41.12226666666667,2.392003119423834,3,4202.0,9.848857801796104,3
phoneme,1489,self_training_catboost,250,0.8100524205982116,0.01156645040611229,3,0.7764119884827765,0.012151403683140907,3,0.773357558649796,0.012786396774480754,3,0.773357558649796,0.012786396774480754,3,0.8688277976888478,0.014365528295608677,3,0.7027465369923066,0.04885646985243197,3,0.9801429786241465,0.1270600762238639,3,40.510266666666666,4.823796165193273,3,4031.0,7.0,3
phoneme,1489,self_training_catboost,500,0.8162195497995683,0.013731387035591944,3,0.7684704995017645,0.011758894400337203,3,0.7738321442708106,0.014491646717290429,3,0.7738321442708106,0.014491646717290429,3,0.8831568863857829,0.008371449753642379,3,0.7274804447720103,0.004724545920806878,3,0.7459261751592594,0.029807635430526072,3,43.6856,7.206095952733351,3,3739.6666666666665,2.5166114784235907,3
phoneme,1489,self_training_lightgbm,50,0.7067530064754856,0.0,3,0.5,0.0,3,0.41409214092140917,0.0,3,0.41409214092140917,0.0,3,0.5266934502672854,0.04623441209225146,3,0.3083172082641419,0.026102377610008394,3,0.6017294461607956,0.005911572468873219,3,0.28286666666666666,0.08376815226166406,3,0.0,0.0,3
phoneme,1489,self_training_lightgbm,100,0.7773666358310206,0.012627564125466081,3,0.7148365457137981,0.042001461374197066,3,0.719486020024713,0.03329813711623281,3,0.719486020024713,0.03329813711623281,3,0.8254014787410332,0.017109154463818985,3,0.6195340850786714,0.019039228823333844,3,3.107564513874106,0.3471889122511293,3,29.187633333333334,0.45101858424385616,3,4221.333333333333,0.5773502691895601,3
phoneme,1489,self_training_lightgbm,250,0.8115942028985508,0.014839604582813375,3,0.7688895954107279,0.019717588591041887,3,0.7709036633329817,0.01891622047381837,3,0.7709036633329817,0.01891622047381837,3,0.8628531003462875,0.017943242300222463,3,0.7113099670649632,0.04273338552362905,3,1.6930215272006068,0.13676162583285298,3,43.763200000000005,3.0121336972319117,3,4066.6666666666665,3.511884584284187,3
phoneme,1489,self_training_lightgbm,500,0.8211532531606537,0.0132234237695908,3,0.7771903094565653,0.01848066998642484,3,0.7809660252363825,0.016175820187209915,3,0.7809660252363825,0.016175820187209915,3,0.8815658359070916,0.01102782727043314,3,0.7294255129735591,0.02846814082623935,3,1.2624769836516283,0.13078192070441602,3,44.8485,15.108137545375996,3,3809.0,3.4641016151377544,3
phoneme,1489,self_training_lr,50,0.748072772124576,0.04182636865973424,3,0.6747327145303098,0.1026364420381609,3,0.6700702149225758,0.10251512501572482,3,0.6700702149225758,0.10251512501572482,3,0.7850843146646408,0.03260807736060236,3,0.5446055733724773,0.05330956535905692,3,1.94759730255043,0.22614359608243442,3,0.1785,0.034696829826368875,3,4035.3333333333335,50.83633870897211,3
phoneme,1489,self_training_lr,100,0.7477644156645082,0.015924454312273042,3,0.6708232172251859,0.042584198662712035,3,0.6767289685094445,0.03757128410118343,3,0.6767289685094445,0.03757128410118343,3,0.7838924031468665,0.015237286629847427,3,0.5393208037656672,0.014096527756464269,3,1.6233714542023192,0.13559523115612396,3,0.18923333333333334,0.0541075164217813,3,3959.6666666666665,33.005050118630855,3
phoneme,1489,self_training_lr,250,0.759481961147086,0.0009250693802034526,3,0.6840347168315524,0.004683608971288854,3,0.6929772646994846,0.0036775441087771718,3,0.6929772646994846,0.0036775441087771718,3,0.8028157189180857,0.011966730240200407,3,0.5469037983054533,0.023812889463294382,3,1.0601036472817442,0.053393374002833074,3,0.13116666666666668,0.03768770798726468,3,3686.3333333333335,43.68447474027051,3
phoneme,1489,self_training_lr,500,0.7514646931853223,0.011113673321578898,3,0.6651354870321128,0.040634460078910396,3,0.6728469377385009,0.03844379743857243,3,0.6728469377385009,0.03844379743857243,3,0.8088344591804715,0.00890595483710328,3,0.5821673535583095,0.01626174998292156,3,0.792922224137535,0.030737009241531534,3,0.1309,0.03054324802636418,3,3284.0,71.02112361825881,3
phoneme,1489,self_training_xgboost,50,0.7656490903484428,0.022304213777397584,3,0.7093153528113146,0.025855148788017618,3,0.7125548557557062,0.026183389633434525,3,0.7125548557557062,0.026183389633434525,3,0.8184172350956006,0.049241034363903625,3,0.5962102321423672,0.0629267522580572,3,1.8003589709599812,0.26111814217362356,3,18.011200000000002,3.920516696814337,3,4265.333333333333,3.7859388972002623,3
phoneme,1489,self_training_xgboost,100,0.7681159420289855,0.007004512298242723,3,0.70152457319658,0.029645371384644504,3,0.7076656919938551,0.022639395608341616,3,0.7076656919938551,0.022639395608341616,3,0.8323526901965965,0.01232224628462553,3,0.6259494991296366,0.026974289556648982,3,1.6816153526306152,0.08261176183485593,3,26.622200000000003,1.1011494766833425,3,4202.666666666667,13.051181300301389,3
phoneme,1489,self_training_xgboost,250,0.8122109158186864,0.011591086111139412,3,0.7696335078534032,0.01822168079119992,3,0.7715818041738299,0.016034252587050355,3,0.7715818041738299,0.016034252587050355,3,0.8594679890553344,0.02215067075584281,3,0.6959884589534902,0.05211823674763646,3,1.1432253917058308,0.11082680158512652,3,29.183000000000003,1.910167953348605,3,4031.6666666666665,11.06044001535798,3
phoneme,1489,self_training_xgboost,500,0.8260869565217391,0.009746210687190318,3,0.7769893636348622,0.018791234303566964,3,0.784100731728078,0.014667761722358801,3,0.784100731728078,0.014667761722358801,3,0.8828568439944725,0.011010021719973102,3,0.7280447817167887,0.019671234670515684,3,0.8648079832394918,0.05681946708970723,3,29.2747,3.9497443372957695,3,3748.3333333333335,7.6376261582597955,3
phoneme,1489,xgboost,50,0.7681159420289855,0.03401858009077444,3,0.7144442884591035,0.03534314897744615,3,0.7172021659185427,0.03804491039489592,3,0.7172021659185427,0.03804491039489592,3,0.8150596506295384,0.05059890470529821,3,0.6136012991596541,0.06839637148464,3,0.5766030053297678,0.10780365009785618,3,0.8309666666666667,0.27966183746327156,3,,,0
phoneme,1489,xgboost,100,0.7776749922910885,0.009891467735026497,3,0.7156699203373688,0.032465779840628775,3,0.72124869958742,0.02607325129910929,3,0.72124869958742,0.02607325129910929,3,0.8397615351159704,0.014037721624973354,3,0.6443316996305679,0.012831403464289593,3,0.5605852007865906,0.05813834544757262,3,1.0966333333333333,0.3613477595521153,3,,,0
phoneme,1489,xgboost,250,0.8069688559975332,0.014518973008934418,3,0.764386895029206,0.013564861408780843,3,0.7658988542641608,0.01554542247509148,3,0.7658988542641608,0.01554542247509148,3,0.8659471154640196,0.01289359958037054,3,0.7146270214791874,0.035027261096115744,3,0.5009274482727051,0.031537041642430284,3,2.1656,0.367408369529057,3,,,0
phoneme,1489,xgboost,500,0.8313290163428922,0.010314972977907943,3,0.7862349359450785,0.01914662368461634,3,0.7919217109689999,0.014715762941616405,3,0.7919217109689999,0.014715762941616405,3,0.8886250901503514,0.009760540797018243,3,0.7454560269941765,0.01757474732526231,3,0.4585866928100586,0.024872878023987334,3,2.7444666666666664,0.45752165340378526,3,,,0
spambase,44,catboost,50,0.8505247918928701,0.002732477175269907,3,0.8288283618195642,0.014611701755634204,3,0.8374147026743043,0.00782008563810344,3,0.8374147026743043,0.00782008563810344,3,0.9237273352620372,0.010913036288749019,3,0.901174986091655,0.013755995937839568,3,0.4233136886642883,0.036156473122774736,3,2.5379666666666667,0.056953431269181044,3,,,0
spambase,44,catboost,100,0.847267462902642,0.05782544775227649,3,0.8479615312459887,0.03785384249176928,3,0.8423935319117812,0.05431482015954996,3,0.8423935319117812,0.05431482015954996,3,0.9280981861627023,0.006316455402451888,3,0.9166864006896853,0.009120581072672523,3,0.48538154063504013,0.13885147147364854,3,3.0791333333333335,0.19039751398937232,3,,,0
spambase,44,catboost,250,0.9232718060079623,0.011959979472933915,3,0.9159804299100487,0.011838045193197977,3,0.9190592313825884,0.012501332863447196,3,0.9190592313825884,0.012501332863447196,3,0.9636722388433044,0.010707499111240493,3,0.9539125719323441,0.014980905200152378,3,0.24627840842215373,0.06081222136158021,3,3.763,0.4852582714390345,3,,,0
spambase,44,catboost,500,0.9359391965255156,0.0028726941488214897,3,0.9304457083049459,0.002482149603596507,3,0.9325901399634291,0.002937058162373576,3,0.9325901399634291,0.002937058162373576,3,0.9740842771145802,0.0014012460852828794,3,0.9638153352262928,0.006337232736184042,3,0.19658989716143935,0.004534541093288765,3,4.848633333333333,0.1397143633751856,3,,,0
spambase,44,lightgbm,50,0.7752442996742671,0.034128628980459756,3,0.7495334577446015,0.033794765418224466,3,0.7560999438455194,0.03593378343133338,3,0.7560999438455194,0.03593378343133338,3,0.8168718794329743,0.007086316883936238,3,0.7260005110735087,0.006297886838843039,3,0.5066980927255299,0.01826605212643914,3,0.4039333333333333,0.062554323058709,3,,,0
spambase,44,lightgbm,100,0.8349619978284474,0.005428881650380024,3,0.8307463688695359,0.010133566332464967,3,0.828106873651378,0.005333560449064695,3,0.828106873651378,0.005333560449064695,3,0.9070840368494327,0.006354626432067592,3,0.8857778141272475,0.005451879668361993,3,0.5440733867736234,0.040495430343548224,3,1.0251,0.3650279030430412,3,,,0
spambase,44,lightgbm,250,0.9055374592833876,0.01334224291796364,3,0.8979753547202227,0.013290412147607443,3,0.9004725433005433,0.013892745722969242,3,0.9004725433005433,0.013892745722969242,3,0.9599234442831707,0.0089524085937463,3,0.9477702933572489,0.012476679575488939,3,0.4383763362189234,0.1297388682575466,3,2.0539,0.05975709162936237,3,,,0
spambase,44,lightgbm,500,0.9283387622149836,0.004343105320304019,3,0.9212851881473583,0.004789628263877114,3,0.924393908857768,0.004620823815154434,3,0.924393908857768,0.004620823815154434,3,0.9716520039100685,0.006054736139923803,3,0.9634320768499617,0.008044223716257935,3,0.37672958256861655,0.06573023801018936,3,3.7072333333333334,0.4298131260598417,3,,,0
spambase,44,logistic_regression,50,0.8226565327542527,0.04577462686576152,3,0.8040645951203137,0.06882035417293661,3,0.8061090647184472,0.060737375459932,3,0.8061090647184472,0.060737375459932,3,0.9059674621746958,0.0381732793919471,3,0.8420333438419023,0.052683547587831926,3,0.43945861119503954,0.07880657611421711,3,0.12103333333333333,0.022250468159868756,3,,,0
spambase,44,logistic_regression,100,0.8769453492580528,0.010656845359634678,3,0.8769463945417025,0.019144463255344902,3,0.8722720801038895,0.012597886355452066,3,0.8722720801038895,0.012597886355452066,3,0.9353069634105804,0.007811561177580224,3,0.8699603199990364,0.015450518993864406,3,0.40771863394105456,0.03071503840570473,3,0.09883333333333333,0.019636275953788522,3,,,0
spambase,44,logistic_regression,250,0.8841838581252262,0.010983706771982285,3,0.8782670300265608,0.018780288588989433,3,0.8784153667908038,0.01312005044963166,3,0.8784153667908038,0.01312005044963166,3,0.9366341815022166,0.008024730051653136,3,0.8790232441266529,0.024147418946853783,3,0.40441121376290745,0.062458405143020264,3,0.09133333333333334,0.009300179209742859,3,,,0
spambase,44,logistic_regression,500,0.8997466521896489,0.006362068704758217,3,0.8975285602851585,0.006288120830745135,3,0.89554945525522,0.006541287868174432,3,0.89554945525522,0.006541287868174432,3,0.9509669849357043,0.0031838655801573364,3,0.8987953642426768,0.015755888663671,3,0.3597106344355459,0.02164824743991935,3,0.09700000000000002,0.019374983870961027,3,,,0
spambase,44,mlp,50,0.6840390879478827,0.009650591115434955,3,0.6484320230654541,0.0550850393360392,3,0.6340206260508882,0.06612283568022168,3,0.6340206260508882,0.06612283568022168,3,0.7370396700797484,0.025254594216849793,3,0.652705088216032,0.04916855306451744,3,0.6222363266158413,0.02375415765855073,3,0.1611,0.011518246394308455,3,,,0
spambase,44,mlp,100,0.7184220050669562,0.14478872483431676,3,0.6878782941832795,0.19250033991187201,3,0.642344476329742,0.25221334472869056,3,0.642344476329742,0.25221334472869056,3,0.6787572696663605,0.2979787653047822,3,0.6067743823383355,0.29415476333475904,3,0.5859700695572212,0.17650746559252375,3,0.20373333333333332,0.0963616279093153,3,,,0
spambase,44,mlp,250,0.8436482084690554,0.030787072483730363,3,0.8239555871520681,0.03900123827879343,3,0.8310505797341986,0.03648580110201209,3,0.8310505797341986,0.03648580110201209,3,0.9030546586753821,0.044164007452026505,3,0.8614599951823885,0.050688765292348816,3,0.4901473432593184,0.08000165047320952,3,0.2448,0.03984971769034254,3,,,0
spambase,44,mlp,500,0.8805646036916395,0.035994754515202496,3,0.8650113056271413,0.040869738206866776,3,0.871914480431324,0.03955748928916772,3,0.871914480431324,0.03955748928916772,3,0.9393379872363256,0.022605616144879544,3,0.903927572772096,0.03731352463052728,3,0.3895741447293551,0.06229988571293065,3,0.3073333333333333,0.034835231208265774,3,,,0
spambase,44,random_forest,50,0.8711545421643141,0.009731689945529247,3,0.8540364544763372,0.018258236934546906,3,0.8613019400613259,0.012712749750791308,3,0.8613019400613259,0.012712749750791308,3,0.9388245439076327,0.012761529535818623,3,0.9208170344406844,0.014980565696971742,3,0.36380173465365134,0.018901755108835305,3,1.2680333333333333,0.05252754832783765,3,,,0
spambase,44,random_forest,100,0.8946796959826275,0.01035764605230126,3,0.8867684666804901,0.002037023503769318,3,0.8890074693119296,0.008600083693629482,3,0.8890074693119296,0.008600083693629482,3,0.9511554120547278,0.009351961416931577,3,0.9400244954059627,0.011433347475807662,3,0.31233497934899174,0.019003653522351036,3,1.2870333333333333,0.1113243160020907,3,,,0
spambase,44,random_forest,250,0.922547955121245,0.008708801603703171,3,0.9136180969025544,0.010881109203989662,3,0.9179666621020167,0.009526872579237138,3,0.9179666621020167,0.009526872579237138,3,0.9636121725564539,0.007773851894203634,3,0.9567487490094436,0.008323993703746842,3,0.26753948743801187,0.004661900489777527,3,1.4740666666666666,0.1725291376357435,3,,,0
spambase,44,random_forest,500,0.9315960912052116,0.007677598058485862,2,0.9250162919517758,0.008037922547478883,2,0.9278823207716019,0.008094428575529567,2,0.9278823207716019,0.008094428575529567,2,0.9686157765336652,0.009066008623584195,2,0.9617950816792671,0.008005235110552391,2,0.23830733908906016,0.010395660474526489,2,1.2466,0.15556349186104051,2,,,0
spambase,44,rpl_lite_xgboost,50,0.8154180238870793,0.016715314135006144,3,0.8000162919517759,0.005691483292639642,3,0.803742675596013,0.012298626416837037,3,0.803742675596013,0.012298626416837037,3,0.894637973083721,0.011971428192483018,3,0.8669121207909884,0.01540503572730804,3,1.2620832125345867,0.09913182247727849,3,8.412433333333333,0.4381552388518633,3,3590.3333333333335,21.939310229205844,3
spambase,44,rpl_lite_xgboost,100,0.8613825551936302,0.018690917602135815,3,0.8568826090820226,0.020151423178160485,3,0.8552192612163214,0.01937450171336139,3,0.8552192612163214,0.01937450171336139,3,0.9345738255806681,0.008984290249351927,3,0.9218494764246987,0.009665927173022336,3,0.8340762654940287,0.13922316124666495,3,8.317866666666667,0.305134172673815,3,3538.3333333333335,18.77054430040144,3
spambase,44,rpl_lite_xgboost,250,0.9113282663771263,0.01955402484146226,3,0.9037170334824293,0.019739436376288784,3,0.9065183783354755,0.020456093031379907,3,0.9065183783354755,0.020456093031379907,3,0.9610548298231582,0.012915869227720792,3,0.9511378286831548,0.016936530448181115,3,0.4381971557935079,0.1365512306175757,3,9.379333333333333,0.7653919867187873,3,3381.6666666666665,5.68624070307731,3
spambase,44,rpl_lite_xgboost,500,0.9323199420919289,0.0053560074509405526,3,0.9244102807152661,0.0036006271473028166,3,0.9284429257116026,0.005319387108450274,3,0.9284429257116026,0.005319387108450274,3,0.9705559998815131,0.005356766895057656,3,0.9623265740216415,0.009433513758902778,3,0.305892010529836,0.026706312881759512,3,10.2599,0.8686013412377388,3,3126.3333333333335,12.05542754668347,3
spambase,44,rpl_lr,50,0.8295331161780674,0.06689651162106122,3,0.8017170729780702,0.09395323309438558,3,0.8067557141687812,0.0877238880622909,3,0.8067557141687812,0.0877238880622909,3,0.9139496957190018,0.038471915219054686,3,0.8511560897701651,0.053916321211339345,3,1.0950440928024199,0.4767316576445668,3,0.27773333333333333,0.04327959488411756,3,,,0
spambase,44,rpl_lr,100,0.8910604415490408,0.01791805109589073,3,0.8877928848603336,0.021621883743922897,3,0.886223055017089,0.018946126335935544,3,0.886223055017089,0.018946126335935544,3,0.9397790218904588,0.008455244382357717,3,0.877877649518723,0.016978857805170697,3,0.7089630435921169,0.0498333508886432,3,0.23403333333333332,0.002797022226106423,3,,,0
spambase,44,rpl_lr,250,0.8867173362287368,0.009852086564470652,3,0.8773092607403458,0.01851256304158431,3,0.8801217526570504,0.01237037547020814,3,0.8801217526570504,0.01237037547020814,3,0.9375870138333481,0.008400539170123502,3,0.8871304694437533,0.017428512056982752,3,0.6296477573219478,0.07973561074654893,3,0.26343333333333335,0.02162644985505787,3,,,0
spambase,44,rpl_lr,500,0.8990228013029316,0.007829644463548297,3,0.89580803143853,0.007999171079530161,3,0.8946018220233172,0.008131980290352595,3,0.8946018220233172,0.008131980290352595,3,0.9484491378430772,0.006528420936297905,3,0.8917459753458546,0.019484879736790767,3,0.5188898992649912,0.06517600009409087,3,0.3279666666666667,0.05398262066011,3,,,0
spambase,44,self_training_catboost,50,0.8472674629026421,0.007390726694412648,3,0.8238938752135233,0.022766715240611482,3,0.8328113153996407,0.014774987449921508,3,0.8328113153996407,0.014774987449921508,3,0.9303905789731792,0.012202231889864289,3,0.910857596810803,0.016208914192516848,3,0.8655025948198013,0.08758413384127055,3,54.69766666666666,2.331444745931874,3,3584.3333333333335,11.67618659209134,3
spambase,44,self_training_catboost,100,0.8378574013753166,0.06250841144974764,3,0.8389120925777819,0.04361645439470303,3,0.8328482582375244,0.05921503634591625,3,0.8328482582375244,0.05921503634591625,3,0.9314355677992041,0.014964800167932725,3,0.9148423750286571,0.02241067600301721,3,0.9009142370417135,0.4336920992363383,3,51.782000000000004,3.5517208054688094,3,3560.0,10.816653826391969,3
spambase,44,self_training_catboost,250,0.9229098805646035,0.011019426237885072,3,0.9135958806046783,0.012435607510516929,3,0.9182856936254895,0.011857393925791227,3,0.9182856936254895,0.011857393925791227,3,0.9687293265005875,0.007289776544071998,3,0.9569628204801789,0.015729866921326892,3,0.3300801961299984,0.07848890859452484,3,53.75393333333333,7.221606131833368,3,3361.3333333333335,22.300971578236954,3
spambase,44,self_training_catboost,500,0.9344914947520809,0.007229455068924425,3,0.9273255526921216,0.005508015888733554,3,0.930842817153415,0.007284013809956928,3,0.930842817153415,0.007284013809956928,3,0.9736366598536687,0.0022829080335097047,3,0.9639241074064131,0.007575546418405381,3,0.2628578742734465,0.007968816456973971,3,52.3073,5.295081252445519,3,3113.0,8.54400374531753,3
spambase,44,self_training_lightgbm,50,0.8186753528773073,0.03016817370130252,3,0.7897079297372552,0.04984428972134715,3,0.7973012557818754,0.04714693090140276,3,0.7973012557818754,0.04714693090140276,3,0.9049759570287429,0.001810727131094062,3,0.8842242166436414,0.002171005887882104,3,2.4014956957073417,0.5201749174639742,3,31.061733333333336,8.416850014306622,3,3626.3333333333335,3.7859388972002477,3
spambase,44,self_training_lightgbm,100,0.8327904451682954,0.007600434310532034,3,0.8265474885709491,0.004923261343808518,3,0.8253207604605297,0.005490755474178679,3,0.8253207604605297,0.005490755474178679,3,0.9115881855373548,0.0032151428019812126,3,0.8883841929115462,0.007194985579034118,3,2.074997589970494,0.11301964017243053,3,28.9884,2.7097156326817737,3,3575.0,4.358898943540674,3
spambase,44,self_training_lightgbm,250,0.9113282663771263,0.012953695380508997,3,0.9024334251606979,0.012551212131489603,3,0.9062500305407264,0.013481308602924923,3,0.9062500305407264,0.013481308602924923,3,0.9600764898907617,0.007865319924553483,3,0.950706919005916,0.010568124749685147,3,0.9140348002912994,0.14605077703954436,3,29.831999999999997,4.5987079500659735,3,3424.3333333333335,3.511884584284187,3
spambase,44,self_training_lightgbm,500,0.9315960912052116,0.006604519576871034,3,0.923652458109936,0.006884624577441266,3,0.9276667088301901,0.006979126824544159,3,0.9276667088301901,0.006979126824544159,3,0.970047493507904,0.0025873742739828316,3,0.9599475460191013,0.008185868171177047,3,0.6722742223945035,0.07413646507646184,3,33.682833333333335,2.7425104819003585,3,3174.3333333333335,2.516611478423523,3
spambase,44,self_training_lr,50,0.8327904451682953,0.06328315796263968,3,0.8056888533428124,0.08768728711740865,3,0.8116452655541918,0.08246012046642803,3,0.8116452655541918,0.08246012046642803,3,0.9122242299172897,0.033671393235615944,3,0.8471486998215108,0.0530060680530107,3,1.2226616430130173,0.49793407558809144,3,0.4099,0.035867673467901436,3,3497.0,21.656407827707714,3
spambase,44,self_training_lr,100,0.8841838581252262,0.015746876523928345,3,0.8803528935493744,0.02037951692148031,3,0.8789658213942176,0.016957266159809265,3,0.8789658213942176,0.016957266159809265,3,0.9370661650720301,0.007965586553776242,3,0.8731688361778348,0.01976771711352026,3,0.8261263481049723,0.05060226669270403,3,0.42096666666666666,0.08498384160140872,3,3437.3333333333335,7.023769168568552,3
spambase,44,self_training_lr,250,0.8896127397756062,0.011301118346721682,3,0.8814637084431806,0.020323370770008318,3,0.8834389270595254,0.013834740325496883,3,0.8834389270595254,0.013834740325496883,3,0.9380379223976486,0.009420627632315895,3,0.8879627309628336,0.022458777705852296,3,0.6885987302845337,0.09638416318942732,3,0.451,0.17118656489339346,3,3266.6666666666665,28.536526301099386,3
spambase,44,self_training_lr,500,0.9001085776330076,0.005745388297642979,3,0.8965436377459838,0.007473458748725264,3,0.8956368721166256,0.006307617627538348,3,0.8956368721166256,0.006307617627538348,3,0.9478517662779637,0.006126058236034851,3,0.8907446152624284,0.024702363970276905,3,0.5676136269152883,0.0814898426425686,3,0.42616666666666664,0.14007941795043746,3,2971.3333333333335,34.03429642777019,3
spambase,44,self_training_xgboost,50,0.8237423090843287,0.0016585507401215497,3,0.8015911806234387,0.008487195501065374,3,0.8091197136862447,0.0042215995018969315,3,0.8091197136862447,0.0042215995018969315,3,0.8989660370403284,0.006190262675021344,3,0.8740834778255647,0.008447414504985073,3,1.2127945025761921,0.07048200118257938,3,26.654233333333334,6.819165111165248,3,3593.6666666666665,13.051181300301307,3
spambase,44,self_training_xgboost,100,0.8668114368440101,0.013833886973301714,3,0.8600792874986424,0.013325607031528047,3,0.860232735666429,0.013510324191223673,3,0.860232735666429,0.013510324191223673,3,0.9335132030635451,0.007033388808214988,3,0.9191278424652829,0.005752533620529583,3,0.8311960101127625,0.11574273028001428,3,25.994433333333333,1.4563273029553945,3,3550.6666666666665,10.692676621563676,3
spambase,44,self_training_xgboost,250,0.913861744480637,0.012584392798200223,3,0.9034010683570801,0.011333964029635596,3,0.9085971103693679,0.01299681630391273,3,0.9085971103693679,0.01299681630391273,3,0.9607117114448492,0.010992979433047712,3,0.9503847909232631,0.014929456626883646,3,0.44108694791793823,0.09187316760211345,3,28.351866666666666,0.9535253239077248,3,3401.0,7.0,3
spambase,44,self_training_xgboost,500,0.9294245385450596,0.005745388297642979,3,0.9212185392537299,0.003286763710821732,3,0.9253559259674691,0.005569881118686779,3,0.9253559259674691,0.005569881118686779,3,0.9694715154148194,0.005438564897814132,3,0.961282462472497,0.009327891357046932,3,0.31737921635309857,0.028274793182522656,3,29.53403333333333,3.7348798298383494,3,3136.3333333333335,19.857828011475355,3
spambase,44,xgboost,50,0.8219326818675353,0.008887462293021122,3,0.8060344401986631,0.009567292570968958,3,0.810230287849112,0.008048979867693052,3,0.810230287849112,0.008048979867693052,3,0.8940060428330222,0.010670845829402446,3,0.8652056305433288,0.010434090705281684,3,0.4185009300708771,0.024491267392969997,3,0.9369999999999999,0.1590857316040631,3,,,0
spambase,44,xgboost,100,0.8722403184943902,0.018722428022262094,3,0.8680894971217552,0.013027242830615004,3,0.8666722422809805,0.017632296282532624,3,0.8666722422809805,0.017632296282532624,3,0.9329150086725845,0.0011443525720015312,3,0.9180912346944298,0.004904001592937003,3,0.33526070912679035,0.02401554130949469,3,1.679,0.3892486737292756,3,,,0
spambase,44,xgboost,250,0.9022801302931596,0.014607626544053981,3,0.895608084757645,0.014032746408539118,3,0.8972769699705992,0.015077270617360241,3,0.8972769699705992,0.015077270617360241,3,0.956861709305502,0.011951279348475178,3,0.9449613592769089,0.016041697737700783,3,0.2591306318839391,0.0442977470728629,3,1.7475666666666667,0.3307129016735411,3,,,0
spambase,44,xgboost,500,0.9294245385450596,0.010693656679474547,3,0.9233044027765436,0.010919812837296003,3,0.9256819194694499,0.011206254149275178,3,0.9256819194694499,0.011206254149275178,3,0.9686429297866247,0.004415183133831155,3,0.9609752828707133,0.007874129165543349,3,0.21277441581090287,0.015010274750263479,3,2.3375,0.2448597353588375,3,,,0
