dataset,method,n_labeled,metric_accuracy_mean,metric_accuracy_std,metric_accuracy_count,metric_balanced_accuracy_mean,metric_balanced_accuracy_std,metric_balanced_accuracy_count,metric_macro_f1_mean,metric_macro_f1_std,metric_macro_f1_count,metric_f1_macro_mean,metric_f1_macro_std,metric_f1_macro_count,metric_roc_auc_mean,metric_roc_auc_std,metric_roc_auc_count,metric_average_precision_mean,metric_average_precision_std,metric_average_precision_count,metric_log_loss_mean,metric_log_loss_std,metric_log_loss_count,runtime_seconds_mean,runtime_seconds_std,runtime_seconds_count,n_expected_seeds,n_success_seeds,n_failed_seeds,success_rate,is_complete,rank_balanced_accuracy
MagicTelescope,tabiclv2,50,0.7747108307045215,0.02684865067909972,3,0.7466952648697927,0.02201930942928206,3,0.7498175354202831,0.025656784769018167,3,0.7498175354202831,0.025656784769018167,3,0.8439344593193895,0.018121638893810826,3,0.7665420958142705,0.02879662976299837,3,0.46755021840621797,0.026591683311209362,3,5.496099999999999,0.8318480870928299,3,3,3,0,1.0,True,1.0
MagicTelescope,tabpfn3,50,0.7725201542236242,0.01132018161099488,3,0.7374844976887464,0.0012571025100580114,3,0.7432369192913585,0.005489974538582993,3,0.7432369192913585,0.005489974538582993,3,0.8419920990240565,0.003170164779215129,3,0.7692015214494333,0.00728000739449791,3,0.4749903468655057,0.024040472548784404,3,8.283,1.8774897815966933,3,3,3,0,1.0,True,2.0
MagicTelescope,tabpfn3,100,0.8220294426919033,0.02439418349830762,3,0.7862114594054628,0.03678436663393904,3,0.7958308820199967,0.033338270999772004,3,0.7958308820199967,0.033338270999772004,3,0.8730088445509653,0.030499270724713284,3,0.8268324259989668,0.034927270323897544,3,0.42168281254795276,0.04036994244531222,3,7.5531999999999995,1.0377757561246066,3,3,3,0,1.0,True,1.0
MagicTelescope,tabiclv2,100,0.8157202944269191,0.013962430835845948,3,0.7831685814976052,0.026007260903707387,3,0.7907859355860268,0.02096173142641408,3,0.7907859355860268,0.02096173142641408,3,0.8730574376543413,0.021126500217378056,3,0.8211211958054395,0.019263286705624574,3,0.4233258488481679,0.02723639451328597,3,5.289466666666667,1.1444159223522425,3,3,3,0,1.0,True,2.0
MagicTelescope,tabpfn3,250,0.8571678934454959,0.010496609841836209,3,0.8273869922424798,0.008437956340786408,3,0.8377980803031219,0.010473878976615942,3,0.8377980803031219,0.010473878976615942,3,0.9117010778576683,0.00927334984642085,3,0.8774702802872115,0.014795822835741119,3,0.349357091778483,0.021306353347459686,3,7.442833333333333,0.7130227579350699,3,3,3,0,1.0,True,1.0
MagicTelescope,tabiclv2,250,0.8555906063792499,0.00856417225578025,3,0.8272530328764166,0.008012690766976043,3,0.8366231359354598,0.009169581529092885,3,0.8366231359354598,0.009169581529092885,3,0.9115667143909536,0.005147240057638326,3,0.873326571724276,0.013412523141167068,3,0.349986189312854,0.014411941526138288,3,5.3952,1.1974015157832396,3,3,3,0,1.0,True,2.0
MagicTelescope,tabpfn3,500,0.8699614440939362,0.009468589315976217,3,0.8430093213897344,0.013418698355845096,3,0.8527994645707472,0.011747749394711793,3,0.8527994645707472,0.011747749394711793,3,0.9262668353382786,0.004943619425185897,3,0.8959990956472893,0.005323676039996925,3,0.3191428757917667,0.011508274118582034,3,6.979733333333333,0.38406512902544737,3,3,3,0,1.0,True,1.0
MagicTelescope,tabiclv2,500,0.8667192429022083,0.010590555772073455,3,0.8402237545718938,0.012626290947642897,3,0.8494487329299648,0.012298593292412476,3,0.8494487329299648,0.012298593292412476,3,0.9249991210810823,0.006065363058339783,3,0.8915220239258231,0.006394679823919679,3,0.3231018089792906,0.012828787410846424,3,6.959566666666667,3.0257751822191508,3,3,3,0,1.0,True,2.0
adult,tabiclv2,50,0.7818609888422561,0.022982396653112677,3,0.6890820412350221,0.01606188717143987,3,0.6930805184970893,0.017778090410478793,3,0.6930805184970893,0.017778090410478793,3,0.8158013998724586,0.010843359680057816,3,0.5893542795970725,0.024474677149166128,3,0.4783099537254522,0.018776234544352406,3,5.123266666666667,0.488047716246407,3,3,3,0,1.0,True,1.0
adult,tabpfn3,50,0.7845907121165592,0.02245155907574855,3,0.6522300958188972,0.10823523128427488,3,0.6393758900625585,0.1293510301120482,3,0.6393758900625585,0.1293510301120482,3,0.837958289545829,0.016249035165283403,3,0.6258328229071901,0.038161817658707624,3,0.4448375890157901,0.031590664321516,3,8.298166666666667,1.9555383640658481,3,3,3,0,1.0,True,2.0
adult,tabiclv2,100,0.8214078547787218,0.0020015708705854985,3,0.7269491046551378,0.007998551869542373,3,0.7396451252455938,0.004706853597861344,3,0.7396451252455938,0.004706853597861344,3,0.8597554204316054,0.014086446716468554,3,0.6660557849997618,0.0122021657190901,3,0.3996833173197536,0.03916763357995549,3,5.3508,0.28726209286990867,3,3,3,0,1.0,True,1.0
adult,tabpfn3,100,0.8232845395298051,0.012564327930751898,3,0.7198769118816791,0.008915630858030805,3,0.7367499431812613,0.013370773578228813,3,0.7367499431812613,0.013370773578228813,3,0.8549554580977806,0.02745154620161613,3,0.6655676604669284,0.044794633691876876,3,0.4113909968411455,0.0564321250842042,3,7.7103,0.5361275594483093,3,3,3,0,1.0,True,2.0
adult,tabiclv2,250,0.8284710137509811,0.01516425159442594,3,0.7265595018702046,0.028471989755220577,3,0.7431991910857243,0.023373363457477803,3,0.7431991910857243,0.023373363457477803,3,0.8763867194192655,0.010597766199579962,3,0.6848519789153062,0.037726955519907596,3,0.3665983924025868,0.01571730907933845,3,5.236266666666666,0.5421920723630447,3,3,3,0,1.0,True,1.0
adult,tabpfn3,250,0.8294605384379158,0.012323357187140092,3,0.7252067754450152,0.03084801505922788,3,0.7427843463450386,0.025121778568788014,3,0.7427843463450386,0.025121778568788014,3,0.8774426846558723,0.008383215893765726,3,0.6878213200118509,0.03114091341767111,3,0.3634437933641122,0.012007453991504716,3,6.955933333333333,0.17125914087526325,3,3,3,0,1.0,True,2.0
adult,tabiclv2,500,0.8426996963182858,0.002001570870585571,3,0.7486640038645435,0.004693931240970981,3,0.7666901830481437,0.0013832219423395794,3,0.7666901830481437,0.0013832219423395794,3,0.8944729012858801,0.0039673454732393225,3,0.7348682069413673,0.008110510929604697,3,0.34026108564607704,0.007357789955516427,3,5.690133333333333,0.2808008606349584,3,3,3,0,1.0,True,1.0
adult,tabpfn3,500,0.8405500392397721,0.0016674230351617044,3,0.7465670001865274,0.005882405914848248,3,0.7639595639760555,0.002206657281662955,3,0.7639595639760555,0.002206657281662955,3,0.8918516083161357,0.0034292377550177782,3,0.7315124228671062,0.004176397051073469,3,0.34494298518777594,0.010598130409174221,3,7.6123666666666665,0.41275092166260874,3,3,3,0,1.0,True,2.0
bank-marketing,tabiclv2,50,0.8091709978252055,0.053971794238660095,3,0.5918434414874456,0.02996956535628963,3,0.5838671653490745,0.04244120929348774,3,0.5838671653490745,0.04244120929348774,3,0.7173263195523744,0.072254822027316,3,0.24906218939910477,0.10055237614886184,3,0.4439524142320632,0.09347440409459147,3,9.469533333333333,3.1063701281935696,3,3,3,0,1.0,True,1.0
bank-marketing,tabpfn3,50,0.8344575915072432,0.07466040655686997,3,0.5550520647764653,0.0485429667141227,3,0.5449893572879997,0.07116058134864027,3,0.5449893572879997,0.07116058134864027,3,0.7132203418586913,0.07474961812462307,3,0.24306554389013066,0.08905211802815764,3,0.40968077637613803,0.1314314348775563,3,12.001166666666668,3.687853254039989,3,3,3,0,1.0,True,2.0
bank-marketing,tabiclv2,100,0.8708393232334402,0.01786553567474223,3,0.6553244919289831,0.017054592096171276,3,0.6658362686672792,0.016496224200449737,3,0.6658362686672792,0.016496224200449737,3,0.8143078803632676,0.04149818676583864,3,0.39894987438140017,0.047459648286555335,3,0.3135691445786361,0.039902571207091904,3,7.696066666666667,0.0776764013927873,3,3,3,0,1.0,True,1.0
bank-marketing,tabpfn3,100,0.8779166205905119,0.005381189897421889,3,0.6179247951913619,0.02741459608727955,3,0.6385491464333327,0.022770752217472334,3,0.6385491464333327,0.022770752217472334,3,0.8072129769152069,0.03820594865819126,3,0.3774991809121002,0.028710994565099172,3,0.3052097068208221,0.021787078897959604,3,13.7402,4.540249953471724,3,3,3,0,1.0,True,2.0
bank-marketing,tabiclv2,250,0.8929927383980242,0.005518438538957491,3,0.6203120493332055,0.03238523640538018,3,0.6524441877441413,0.0363144596507611,3,0.6524441877441413,0.0363144596507611,3,0.8739640606856192,0.012822941356337398,3,0.49035063689203867,0.04521634068753639,3,0.25525721550366026,0.007609673534195419,3,7.1480999999999995,1.057910293928554,3,3,3,0,1.0,True,1.0
bank-marketing,tabpfn3,250,0.893471930406576,0.003933597721096721,3,0.6188068444338175,0.02324144298034174,3,0.6518431923921515,0.025180219608326514,3,0.6518431923921515,0.025180219608326514,3,0.8698882869147768,0.01940824675219695,3,0.4902136086704285,0.02236625874099622,3,0.2546157507175599,0.011255785130086814,3,12.948433333333332,5.57091221464971,3,3,3,0,1.0,True,2.0
bank-marketing,tabpfn3,500,0.8954624202882524,0.001618945870175646,3,0.6566948149077567,0.024296543653087147,3,0.6881708210638511,0.01925039868239416,3,0.6881708210638511,0.01925039868239416,3,0.8949695376373232,0.009610052901832571,3,0.5126953258973251,0.021147252577504553,3,0.23963225251574982,0.006154487729296482,3,12.730466666666667,4.400435953781549,3,3,3,0,1.0,True,1.0
bank-marketing,tabiclv2,500,0.8957204467543957,0.0016289859408001788,3,0.6530145132709843,0.007000928612112323,3,0.6861974517013719,0.004719783581586234,3,0.6861974517013719,0.004719783581586234,3,0.9019009926851661,0.003608038364477258,3,0.5238603870986783,0.011566408723112855,3,0.23435482872893554,0.004469123612483001,3,8.033766666666667,1.2343353852714967,3,3,3,0,1.0,True,2.0
electricity,tabpfn3,50,0.7197396005737614,0.014823630890351894,3,0.7110011451454404,0.012283641191456647,3,0.7114029976999858,0.012881142537468476,3,0.7114029976999858,0.012881142537468476,3,0.7866390396591738,0.02460062082902537,3,0.7636603194011999,0.01085719305148292,3,0.5744951989154922,0.04928795618483126,3,9.109166666666667,2.976588685615352,3,3,3,0,1.0,True,1.0
electricity,tabiclv2,50,0.6804222295781382,0.06328100690158532,3,0.6773137203506331,0.051594052257676166,3,0.6745311009611182,0.05737569587669653,3,0.6745311009611182,0.05737569587669653,3,0.7551847979700329,0.042549526024662644,3,0.7121843631534913,0.04389063165213798,3,0.6932530713581362,0.10676710585141486,3,5.1082,0.8229935783467573,3,3,3,0,1.0,True,2.0
electricity,tabpfn3,100,0.7471036080767958,0.011071875418665963,3,0.729839958699019,0.008608821034252636,3,0.7322975899847464,0.007855319355117402,3,0.7322975899847464,0.007855319355117402,3,0.8136734252506065,0.008487104083892713,3,0.7857325699154748,0.011540209253294867,3,0.5280119419120518,0.02589168362355981,3,8.426599999999999,1.4640780443678545,3,3,3,0,1.0,True,1.0
electricity,tabiclv2,100,0.7305527970870572,0.010656117690764732,3,0.717467927954505,0.01733686029876172,3,0.719246058824461,0.016253287877606014,3,0.719246058824461,0.016253287877606014,3,0.7987076002176674,0.004145879868631633,3,0.760335072531401,0.01238727838614312,3,0.562542638174932,0.03453656905217752,3,5.2316,0.5109589024569393,3,3,3,0,1.0,True,2.0
electricity,tabiclv2,250,0.7709735554819964,0.008752535492605846,3,0.7591419116586903,0.008646615215214912,3,0.7621153252985874,0.008887774392440581,3,0.7621153252985874,0.008887774392440581,3,0.8424165508897051,0.00925914541381071,3,0.8020569670830581,0.01877014121873722,3,0.4922945160218923,0.014008581727213294,3,4.862166666666667,0.5670822985540401,3,3,3,0,1.0,True,1.0
electricity,tabpfn3,250,0.7661922100849609,0.007947453649064956,3,0.7501506595466326,0.008030760348659535,3,0.7543325840652085,0.008257647602231454,3,0.7543325840652085,0.008257647602231454,3,0.8442397888706613,0.009354868934443284,3,0.8067798465854362,0.012663721969110399,3,0.4913465915075506,0.006821326087611232,3,7.689233333333333,0.20268084106134246,3,3,3,0,1.0,True,2.0
electricity,tabiclv2,500,0.7848762367133767,0.010603049616109287,3,0.7719831297851432,0.012339166896732878,3,0.7756409266623868,0.01191167589502026,3,0.7756409266623868,0.01191167589502026,3,0.8614465874532988,0.007691400044554882,3,0.8298246252233653,0.006188291488745747,3,0.4564199874321668,0.009696793816000086,3,5.665066666666667,0.4417995510786918,3,3,3,0,1.0,True,1.0
electricity,tabpfn3,500,0.7825959027547906,0.007051615267707652,3,0.7684235363765565,0.007979988356729185,3,0.7725609716171746,0.007849788309382828,3,0.7725609716171746,0.007849788309382828,3,0.8600659430357416,0.005934588279283377,3,0.8268798909093138,0.004012482089125409,3,0.4588420827674801,0.006247131053673406,3,7.3685,0.33126232807248096,3,3,3,0,1.0,True,2.0
jannis,tabiclv2,50,0.5192372763280986,0.011451099629630724,3,0.3851687085584765,0.014811476107945165,3,0.37900054922459714,0.016079103558722024,3,0.37900054922459714,0.016079103558722024,3,0.6702230893600433,0.043754686915514776,3,,,0,1.169517223141078,0.0498743351458152,3,9.131,0.4611997072852499,3,3,3,0,1.0,True,1.0
jannis,tabpfn3,50,0.5302442228458828,0.01142189726972737,3,0.35468651295085846,0.016714906027774527,3,0.34788879291319413,0.013686419549512252,3,0.34788879291319413,0.013686419549512252,3,0.6714585530198517,0.06038833578956101,3,,,0,1.0712534203334254,0.038819078564997486,3,9.432633333333333,0.311607595114967,3,3,3,0,1.0,True,2.0
jannis,tabiclv2,100,0.5368324675066182,0.015721021818559635,3,0.3899670044259922,0.0227346500654105,3,0.38390917717729206,0.01562904258424016,3,0.38390917717729206,0.01562904258424016,3,0.6943484048048091,0.028834037267794956,3,,,0,1.0565369612574553,0.08541892485223965,3,9.6342,0.6208827506059417,3,3,3,0,1.0,True,1.0
jannis,tabpfn3,100,0.5586274158555761,0.016502868543357817,3,0.38971938667043265,0.0437599543109204,3,0.37730215289751406,0.03418065840602089,3,0.37730215289751406,0.03418065840602089,3,0.7079054964795448,0.029522675490870665,3,,,0,0.9949001641426783,0.03889852557586261,3,10.177,0.1053145763890255,3,3,3,0,1.0,True,2.0
jannis,tabiclv2,250,0.609462391274059,0.021610065237352878,3,0.44108838132680156,0.013468832225997813,3,0.44207516774308253,0.01314618450250383,3,0.44207516774308253,0.01314618450250383,3,0.766553275517656,0.011712859563102652,3,,,0,0.8951634759041941,0.030666151279469846,3,9.722466666666667,0.6333367534995359,3,3,3,0,1.0,True,1.0
jannis,tabpfn3,250,0.6079496825302044,0.023284869314600776,3,0.43541450716004393,0.019731511415792744,3,0.4343748616696225,0.019512233811049277,3,0.4343748616696225,0.019512233811049277,3,0.764661920430305,0.008271221578176014,3,,,0,0.8864970901652488,0.02095295626497833,3,9.516166666666665,0.06777686429256834,3,3,3,0,1.0,True,2.0
jannis,tabiclv2,500,0.6420652455166099,0.009531593934863275,3,0.46334755673741324,0.0065458268744622095,3,0.4654031881607988,0.005498341148276621,3,0.4654031881607988,0.005498341148276621,3,0.8036297909623499,0.006027556887823741,3,,,0,0.8286343315839287,0.020195977442042413,3,9.766366666666666,0.3502700434426748,3,3,3,0,1.0,True,1.0
jannis,tabpfn3,500,0.6384028980314883,0.0045824321957241235,3,0.4549438631530769,0.006928330660088371,3,0.4588204514613797,0.003790703783780615,3,0.4588204514613797,0.003790703783780615,3,0.8011783816787221,0.004493233877605432,3,,,0,0.8300068576584674,0.0023637732628963744,3,10.3267,0.12204212387532533,3,3,3,0,1.0,True,2.0
phoneme,tabiclv2,50,0.7761332099907493,0.011215870169271162,3,0.7296521710406791,0.032283054598693066,3,0.727638911280743,0.01840085448566243,3,0.727638911280743,0.01840085448566243,3,0.8376550448411977,0.023991841899241823,3,0.6363807357669243,0.05294185863137217,3,0.49682880472145136,0.07538660697948457,3,3.9829000000000003,0.5040571495376293,3,3,3,0,1.0,True,1.0
phoneme,tabpfn3,50,0.7644156645081716,0.005874979612475332,3,0.7041361807081001,0.05920803869398195,3,0.7026325596258439,0.044556142200271986,3,0.7026325596258439,0.044556142200271986,3,0.8214830352178198,0.024856532314179915,3,0.6014991802326076,0.029982645349521164,3,0.5080663255173025,0.04237476653324656,3,10.092133333333333,7.169190582857547,3,3,3,0,1.0,True,2.0
phoneme,tabpfn3,100,0.797718162195498,0.02144352593365861,3,0.7729153935510155,0.008528892407518049,3,0.7632275342047655,0.010543689341579064,3,0.7632275342047655,0.010543689341579064,3,0.8656002774703948,0.01691775255798075,3,0.6957406144949645,0.03323432659250519,3,0.43646485715101385,0.03819779681008212,3,6.058266666666667,0.20284310028525301,3,3,3,0,1.0,True,1.0
phoneme,tabiclv2,100,0.7967930928152945,0.01619091654989223,3,0.7574955544177802,0.01720190465300132,3,0.7558305253070268,0.014107598289519128,3,0.7558305253070268,0.014107598289519128,3,0.8671816935603746,0.021708258147830176,3,0.701917641291799,0.044272901089797444,3,0.4302184806949647,0.04494483570874368,3,3.6072666666666664,0.025842278021361343,3,3,3,0,1.0,True,2.0
phoneme,tabiclv2,250,0.8211532531606537,0.010189769745210254,3,0.7885719633783123,0.005251220704459696,3,0.7861234308264913,0.008909324167908276,3,0.7861234308264913,0.008909324167908276,3,0.8895320990305052,0.009143248287307901,3,0.7407494509723381,0.003446027804370132,3,0.38375073969925966,0.025649101744549836,3,3.6897333333333333,0.05968084561509932,3,3,3,0,1.0,True,1.0
phoneme,tabpfn3,250,0.8162195497995683,0.012961979375259761,3,0.7856967865184622,0.004719489179364151,3,0.7815520746694706,0.010907912787044956,3,0.7815520746694706,0.010907912787044956,3,0.8917727825766208,0.007297297289579909,3,0.7401811832905955,0.025502665578527747,3,0.3802015080070429,0.01792092006598884,3,6.054966666666666,0.07632039919532188,3,3,3,0,1.0,True,2.0
phoneme,tabpfn3,500,0.8344125809435708,0.008325624421831684,3,0.7988752539349596,0.010332244989396106,3,0.7996449042769478,0.008971965863828375,3,0.7996449042769478,0.008971965863828375,3,0.9100244438205031,0.00021577852957976767,3,0.7788792718551854,0.029418340541197976,3,0.3483475388239276,0.006069927792957526,3,6.3581666666666665,0.35989344719421246,3,3,3,0,1.0,True,1.0
phoneme,tabiclv2,500,0.8304039469626888,0.010520334325767522,3,0.7926555678508707,0.00847524173292599,3,0.7943279967414822,0.010964281749197873,3,0.7943279967414822,0.010964281749197873,3,0.9059408393479447,0.00623454144820141,3,0.773346407179735,0.013792396550934297,3,0.34936344302202377,0.005237713914061616,3,3.8633,0.38000035526299153,3,3,3,0,1.0,True,2.0
satimage,tabpfn3,50,0.8216692586832556,0.014883231954334435,3,0.7747625414509377,0.022510396944450423,3,0.7722198159485035,0.03056021854271602,3,0.7722198159485035,0.03056021854271602,3,0.9617246219583847,0.007431498500651859,3,,,0,0.48046294043950294,0.0418444699838613,3,8.856333333333334,0.4647704523023529,3,3,3,0,1.0,True,1.0
satimage,tabiclv2,50,0.8123379989631934,0.018748720912415903,3,0.7666636575707181,0.03351579767089438,3,0.7628516624304371,0.034339484555563383,3,0.7628516624304371,0.034339484555563383,3,0.9605685546864926,0.007657504071205336,3,,,0,0.4949192213329643,0.055467650179207635,3,7.6228333333333325,1.3699749060962145,3,3,3,0,1.0,True,2.0
satimage,tabiclv2,100,0.836962156557802,0.007390657039597331,3,0.8083767649188306,0.009594472227588522,3,0.8037201308562167,0.008010853888342247,3,0.8037201308562167,0.008010853888342247,3,0.9726470564657029,0.001503898741692072,3,,,0,0.41229199964818286,0.008960160473934912,3,7.9285,0.19425660863919172,3,3,3,0,1.0,True,1.0
satimage,tabpfn3,100,0.8354069466044582,0.009374360456207922,3,0.8003039545204526,0.010931969874736814,3,0.7995999024400406,0.01201746710095562,3,0.7995999024400406,0.01201746710095562,3,0.9713195986055788,0.0004980367098520999,3,,,0,0.4229158575861048,0.02632449339121759,3,9.474233333333332,1.932580270864145,3,3,3,0,1.0,True,2.0
satimage,tabiclv2,250,0.857957490927942,0.013917463720745229,3,0.8217540504148384,0.016109306624235643,3,0.8245134926357789,0.013488332236455089,3,0.8245134926357789,0.013488332236455089,3,0.9742493715074603,0.003126940322623073,3,,,0,0.38177286744047517,0.02983781713549829,3,7.930466666666667,0.19392705673353888,3,3,3,0,1.0,True,1.0
satimage,tabpfn3,250,0.8483670295489891,0.005443234836702976,3,0.8060485447979393,0.0050740248946058615,3,0.8079557557921341,0.002305607229006298,3,0.8079557557921341,0.002305607229006298,3,0.9735869918679413,0.002733230644479956,3,,,0,0.39085420989145736,0.028377707517597474,3,9.499666666666666,1.919961411938618,3,3,3,0,1.0,True,2.0
satimage,tabiclv2,500,0.8841368584758943,0.012848142800822982,3,0.8554008585086915,0.018306646314734037,3,0.8581004982758603,0.019113649574000156,3,0.8581004982758603,0.019113649574000156,3,0.9829085812432448,0.0034781322621878635,3,,,0,0.3038039558681836,0.03352307141261083,3,8.039266666666666,0.9688376661408937,3,3,3,0,1.0,True,1.0
satimage,tabpfn3,500,0.8755832037325039,0.0144014457056393,3,0.8431226735778168,0.018170530050883784,3,0.8455521222685132,0.02099324497135863,3,0.8455521222685132,0.02099324497135863,3,0.9823181056010392,0.003687876441290573,3,,,0,0.31288349930818143,0.03046759919882541,3,9.2571,0.30433548922200987,3,3,3,0,1.0,True,2.0
segment,tabpfn3,50,0.9004329004329005,0.01874513861005271,3,0.9004329004329005,0.01874513861005271,3,0.898824270989904,0.01849923048938926,3,0.898824270989904,0.01849923048938926,3,0.9888641100762312,0.0011573979963593079,3,,,0,0.29908248772995616,0.02344450174693719,3,10.351066666666666,2.308386255229686,3,3,3,0,1.0,True,1.0
segment,tabiclv2,50,0.8917748917748917,0.010822510822510845,3,0.8917748917748917,0.010822510822510914,3,0.8885059618790864,0.01503775546105423,3,0.8885059618790864,0.01503775546105423,3,0.9869018467503317,0.005519318924948909,3,,,0,0.3457483347961631,0.04804139622244208,3,5.639566666666667,0.43032722820353,3,3,3,0,1.0,True,2.0
segment,tabiclv2,100,0.9184704184704184,0.009760280850265967,3,0.9184704184704185,0.009760280850265987,3,0.9167221804784133,0.008581057242173859,3,0.9167221804784133,0.008581057242173859,3,0.993493739705861,0.0007550154126927654,3,,,0,0.21788652844006703,0.01715031637238283,3,6.342966666666666,1.3279233461812978,3,3,3,0,1.0,True,1.0
segment,tabpfn3,100,0.9105339105339105,0.017361052547642093,3,0.9105339105339105,0.017361052547642093,3,0.9074376894510476,0.019911970348736877,3,0.9074376894510476,0.019911970348736877,3,0.9916863439590712,0.0017043752332425862,3,,,0,0.23777759754751515,0.00747676826845287,3,9.2674,0.21155169580979508,3,3,3,0,1.0,True,2.0
segment,tabpfn3,250,0.9581529581529581,0.006612663340484526,3,0.9581529581529583,0.006612663340484633,3,0.9583794606325915,0.006173204412865989,3,0.9583794606325915,0.006173204412865989,3,0.9968206596994476,0.001017927840345347,3,,,0,0.13712907978291816,0.021558757305798554,3,8.359466666666668,1.310327334421951,3,3,3,0,1.0,True,1.0
segment,tabiclv2,250,0.9567099567099566,0.01718020331860128,3,0.9567099567099567,0.01718020331860139,3,0.9573023795633371,0.016735274377142475,3,0.9573023795633371,0.016735274377142475,3,0.9970921334557699,0.0015263217742042669,3,,,0,0.13777233708086392,0.041633022531382485,3,5.903,1.711162210312044,3,3,3,0,1.0,True,2.0
segment,tabiclv2,500,0.9675324675324676,0.00780422353996535,3,0.9675324675324676,0.007804223539965581,3,0.9678459049395581,0.007390467430213039,3,0.9678459049395581,0.007390467430213039,3,0.9984914075823165,0.000509328219448739,3,,,0,0.1014047098209916,0.02628740366703672,3,5.760966666666666,0.5510369255624648,3,3,3,0,1.0,True,1.0
segment,tabpfn3,500,0.9668109668109667,0.007601481784165115,3,0.9668109668109669,0.007601481784164949,3,0.9669710852088395,0.0072950278261832546,3,0.9669710852088395,0.0072950278261832546,3,0.9979593918987858,0.0005105683060951991,3,,,0,0.11410413039821572,0.024310160845954363,3,9.370233333333333,1.2497416106273056,3,3,3,0,1.0,True,2.0
spambase,tabpfn3,50,0.8972131740861382,0.0027324771752699067,3,0.8909451306812012,0.005073674415506316,3,0.8920445731901562,0.0031484927208405822,3,0.8920445731901562,0.0031484927208405822,3,0.9562799714314867,0.00646831055238613,3,0.9412809929924002,0.00569498255370565,3,0.2708999940032732,0.012323470725322968,3,6.3998333333333335,0.3143980650915867,3,3,3,0,1.0,True,1.0
spambase,tabiclv2,50,0.8816503800217155,0.017064314490229802,3,0.871202247301954,0.030680185723076844,3,0.8740654340461922,0.02212548318976245,3,0.8740654340461922,0.02212548318976245,3,0.9464850525456586,0.012230208266545238,3,0.9269840351790118,0.014700166261470493,3,0.3020116997897229,0.03476015391675639,3,5.048466666666666,0.14349373970084298,3,3,3,0,1.0,True,2.0
spambase,tabpfn3,100,0.9073470865001809,0.009486313732957772,3,0.9068495314829627,0.009402803910385211,3,0.9036436400167008,0.009191169745829385,3,0.9036436400167008,0.009191169745829385,3,0.9671741856492589,0.005220915784155053,3,0.9565993449637178,0.0073464600747623985,3,0.23762267355037228,0.014911443067311932,3,6.0407,0.06865923098899375,3,3,3,0,1.0,True,1.0
spambase,tabiclv2,100,0.9077090119435396,0.010470847731805602,3,0.9063459620644373,0.013593046960763073,3,0.9038613603568803,0.011217838474695931,3,0.9038613603568803,0.011217838474695931,3,0.9653985274708637,0.008287999764271395,3,0.9549415549217374,0.01171051109142835,3,0.24027352321251202,0.03331940777102218,3,4.861133333333334,0.39016996723650266,3,3,3,0,1.0,True,2.0
spambase,tabpfn3,250,0.9319580166485703,0.007229455068924425,3,0.9292460282196352,0.008072683583205145,3,0.9288164984718131,0.007517944478151051,3,0.9288164984718131,0.007517944478151051,3,0.9749136855686219,0.004423771635330536,3,0.9658578356145346,0.00409468439887823,3,0.20082509285382855,0.020698854300717065,3,6.3251333333333335,0.15140863031324645,3,3,3,0,1.0,True,1.0
spambase,tabiclv2,250,0.9319580166485703,0.005571771378335382,3,0.9282833219783365,0.008603144288951854,3,0.928664945333157,0.006220241541935186,3,0.928664945333157,0.006220241541935186,3,0.9740645292942457,0.0061396080077049334,3,0.9652924649222255,0.005432060374224209,3,0.20514416531120194,0.031658823802943215,3,4.7816,0.9584803180034531,3,3,3,0,1.0,True,2.0
spambase,tabiclv2,500,0.9435396308360477,0.0032573289902280422,3,0.9394457774223172,0.0028144931005603157,3,0.9407181155191817,0.0033311056474853514,3,0.9407181155191817,0.0033311056474853514,3,0.9812593185027202,0.0029819699126807874,3,0.9734095987381131,0.003245677328744304,3,0.16804863292590774,0.011409323320544448,3,4.488866666666667,0.21748474275988477,3,3,3,0,1.0,True,1.0
spambase,tabpfn3,500,0.9402823018458196,0.0021715526601520097,3,0.9359553501782241,0.003085430053644829,3,0.9372815297137863,0.0023450696186968108,3,0.9372815297137863,0.0023450696186968108,3,0.9801090079682454,0.002498157812576203,3,0.9729016447511784,0.00342482072173884,3,0.17057797713942202,0.01065923661340894,3,6.834099999999999,1.2560540872112156,3,3,3,0,1.0,True,2.0
steel-plates-fault,tabiclv2,50,0.5724078834618681,0.03345196451746895,3,0.6161812073257353,0.03886603095962574,3,0.5811836712111156,0.05519960131657793,3,0.5811836712111156,0.05519960131657793,3,0.8671239907183872,0.020376340839316748,3,,,0,1.2201252678824865,0.19829693549637673,3,7.188133333333333,1.4528316293821988,3,3,3,0,1.0,True,1.0
steel-plates-fault,tabpfn3,50,0.5818337617823479,0.07272535524496568,3,0.5859924349220506,0.09157390105163454,3,0.5785818652847545,0.09304816460001276,3,0.5785818652847545,0.09304816460001276,3,0.8633728847523395,0.034312621421360295,3,,,0,1.168194803026017,0.18338328563471237,3,9.965,0.8693977283154125,3,3,3,0,1.0,True,2.0
steel-plates-fault,tabiclv2,100,0.6178234790059983,0.04777158479782812,3,0.6663597014004282,0.07418399187229366,3,0.6444350364530695,0.06698191289761363,3,0.6444350364530695,0.06698191289761363,3,0.8974245848882081,0.01204176592557272,3,,,0,1.001119940981621,0.13066849874655262,3,6.783133333333333,0.6279656227321155,3,3,3,0,1.0,True,1.0
steel-plates-fault,tabpfn3,100,0.6246786632390745,0.07437262797680949,3,0.6646522646418219,0.08105470156618455,3,0.6430417619412764,0.06401109483677608,3,0.6430417619412764,0.06401109483677608,3,0.8898322437175831,0.019283625571229743,3,,,0,0.9892702240949274,0.15682837538531336,3,9.842933333333333,1.1536597823159707,3,3,3,0,1.0,True,2.0
steel-plates-fault,tabiclv2,250,0.7223650385604113,0.01120539574174978,3,0.7621215770599647,0.018480063122543692,3,0.7522685377503585,0.010531777402700337,3,0.7522685377503585,0.010531777402700337,3,0.9420184935002647,0.007343133533121607,3,,,0,0.7123433595080811,0.06741220215184088,3,6.097133333333333,0.8686836842794585,3,3,3,0,1.0,True,1.0
steel-plates-fault,tabpfn3,250,0.7146529562982006,0.025318400518756088,3,0.745200418837637,0.03830043168442939,3,0.7413568376739272,0.023494047220379857,3,0.7413568376739272,0.023494047220379857,3,0.938986536620053,0.007648480610690404,3,,,0,0.7290118263053925,0.05719717898803683,3,8.963166666666668,2.5929996419848056,3,3,3,0,1.0,True,2.0
steel-plates-fault,tabpfn3,500,0.7592116538131962,0.0014841909233665896,3,0.7868216820232276,0.03312970201660194,3,0.7875763041892752,0.023021846611493976,3,0.7875763041892752,0.023021846611493976,3,0.9558257349509202,0.0008951027004967912,3,,,0,0.615704060883159,0.022410061615901897,3,9.642966666666666,0.6073089850589516,3,3,3,0,1.0,True,1.0
steel-plates-fault,tabiclv2,500,0.7660668380462724,0.01285347043701801,3,0.7791760882299729,0.02715573283919129,3,0.7887236039794012,0.023180972402870068,3,0.7887236039794012,0.023180972402870068,3,0.95693332122983,0.005204143198452291,3,,,0,0.6094776566729158,0.053349200151035295,3,6.886433333333334,1.7834830594466926,3,3,3,0,1.0,True,2.0
