dataset,method,n_labeled,metric_accuracy_mean,metric_accuracy_std,metric_accuracy_count,metric_balanced_accuracy_mean,metric_balanced_accuracy_std,metric_balanced_accuracy_count,metric_macro_f1_mean,metric_macro_f1_std,metric_macro_f1_count,metric_f1_macro_mean,metric_f1_macro_std,metric_f1_macro_count,metric_roc_auc_mean,metric_roc_auc_std,metric_roc_auc_count,metric_average_precision_mean,metric_average_precision_std,metric_average_precision_count,metric_log_loss_mean,metric_log_loss_std,metric_log_loss_count,runtime_seconds_mean,runtime_seconds_std,runtime_seconds_count,n_expected_seeds,n_success_seeds,n_failed_seeds,success_rate,is_complete,rank_balanced_accuracy,ranking_warning
MagicTelescope,unlabeled_attention_ssl,50,0.7498247458815283,0.018739082983711765,3,0.6916046271141031,0.03418970124143067,3,0.6987903721035159,0.03223570474921138,3,0.6987903721035159,0.03223570474921138,3,0.8038485333772994,0.03427725703226907,3,0.686143345150505,0.08218544559476727,3,0.5236170818325914,0.025275560615504445,3,3.4797999999999996,0.6982083070259186,3,3,3,0,1.0,True,1.0,
MagicTelescope,geometric_attention_ssl,50,0.6492288818787241,0.0014478366317786625,3,0.5015411388607028,0.0023531337794719955,3,0.396947188702137,0.005628102519178102,3,0.396947188702137,0.005628102519178102,3,0.6588870219438777,0.1196749954999496,3,0.5100850226221579,0.10633196542152192,3,0.6371662955810914,0.019363399693169026,3,5.599733333333333,0.06900828452681126,3,3,3,0,1.0,True,2.0,
MagicTelescope,embedding_alignment_ssl,50,0.49018576936558006,0.1980851684564125,3,0.488555869541762,0.10149918010089955,3,0.440176843863346,0.1626703479090395,3,0.440176843863346,0.1626703479090395,3,0.4882649170724847,0.11196963252776948,3,0.4257994622129839,0.11271476591521754,3,0.7159682098453554,0.060616247073771015,3,3.1448,0.43750012571426766,3,3,3,0,1.0,True,3.0,
MagicTelescope,unlabeled_attention_ssl,100,0.7827725201542236,0.00819722920973315,3,0.7504630993469329,0.017436787139267128,3,0.7553085495305948,0.012134143452994704,3,0.7553085495305948,0.012134143452994704,3,0.8377756117982843,0.02029869402149216,3,0.7628300665549256,0.04492818807167977,3,0.5198237619771778,0.07361884404055283,3,3.8809,0.12957237359869597,3,3,3,0,1.0,True,1.0,
MagicTelescope,geometric_attention_ssl,100,0.7301086575534526,0.06204014358928301,3,0.6436353541194627,0.11240756560649012,3,0.6206887668458999,0.17052256583693132,3,0.6206887668458999,0.17052256583693132,3,0.7456095474436389,0.07708827276224042,3,0.6679121579361053,0.07266497037812675,3,0.580625090695304,0.04445595224611517,3,6.8384,0.4087285529541582,3,3,3,0,1.0,True,2.0,
MagicTelescope,embedding_alignment_ssl,100,0.6134770417104801,0.11208740877862845,3,0.5320268961311807,0.049782677641545876,3,0.49598752185458994,0.0669384146452286,3,0.49598752185458994,0.0669384146452286,3,0.5956601206402086,0.08171665913872148,3,0.5195742915703844,0.05825256746856748,3,0.6691132150096276,0.03141382612749223,3,3.4987333333333335,0.28119648527912544,3,3,3,0,1.0,True,3.0,
MagicTelescope,unlabeled_attention_ssl,250,0.8194006309148265,0.008937960042061016,3,0.7789418907303755,0.023516805233231745,3,0.7903372450145798,0.01786807470125475,3,0.7903372450145798,0.01786807470125475,3,0.8696195513593744,0.014708380361706295,3,0.8215718685769922,0.009667189007956664,3,0.43103647511444804,0.015588692993398292,3,3.7840333333333334,0.14425007221257574,3,3,3,0,1.0,True,1.0,
MagicTelescope,geometric_attention_ssl,250,0.8054679284963197,0.016110992056829216,3,0.758623406883693,0.01928628277039928,3,0.7719750479347945,0.01995748177574507,3,0.7719750479347945,0.01995748177574507,3,0.8416855381671046,0.028216217445263946,3,0.7907200918837286,0.031972793251927104,3,0.45447891773414534,0.028451985135398723,3,8.0056,0.29775834161279147,3,3,3,0,1.0,True,2.0,
MagicTelescope,embedding_alignment_ssl,250,0.6850683491062041,0.1721125049819723,3,0.6541938979993381,0.1459049323813403,3,0.6568354171825931,0.15732334491593733,3,0.6568354171825931,0.15732334491593733,3,0.7004913055724268,0.16747436338555743,3,0.6560899751212818,0.17966966334685033,3,0.5905233051242755,0.0941568204039439,3,3.2992333333333335,0.5122902432540887,3,3,3,0,1.0,True,3.0,
MagicTelescope,unlabeled_attention_ssl,500,0.8349982474588153,0.004322244113262698,3,0.8018550038369358,0.012113518296555837,3,0.8118379680582346,0.008010085822857636,3,0.8118379680582346,0.008010085822857636,3,0.8869107151732925,0.007904942510601245,3,0.8388721633546341,0.009812976446956,3,0.41870648119217413,0.013409401853189958,3,5.055933333333333,0.1529086437495716,3,3,3,0,1.0,True,1.0,
MagicTelescope,geometric_attention_ssl,500,0.815019277953032,0.021397515931948465,3,0.7743660570000133,0.031309747687593356,3,0.7857868197382807,0.028964508995225905,3,0.7857868197382807,0.028964508995225905,3,0.8717865411045121,0.021222191918694466,3,0.8176064991016722,0.024731055054774218,3,0.4309173240632327,0.039724261981927904,3,10.3475,1.7932754417545562,3,3,3,0,1.0,True,2.0,
MagicTelescope,embedding_alignment_ssl,500,0.7676130389064143,0.020323622505478894,3,0.7499954538676675,0.008178163343033389,3,0.7475038351354893,0.015345569948920567,3,0.7475038351354893,0.015345569948920567,3,0.8252705150788137,0.018653648065588273,3,0.7668258507530794,0.012485256240152048,3,0.5420878668077972,0.027869312763512257,3,3.5782000000000003,0.17104756648371255,3,3,3,0,1.0,True,3.0,
bank-marketing,embedding_alignment_ssl,50,0.8809760772604962,0.003511474599737887,3,0.5317864624084462,0.05505576788430702,3,0.5184061805800221,0.0856891595293786,3,0.5184061805800221,0.0856891595293786,3,0.5853481973722784,0.20159518334405951,3,0.2019242323009108,0.12166576824727697,3,0.4399935750501687,0.06607596291661119,3,3.6652666666666662,0.1811786503242955,3,3,3,0,1.0,True,1.0,
bank-marketing,unlabeled_attention_ssl,50,0.8675955619447824,0.026687206958007685,3,0.5171035680874545,0.029624248918184822,3,0.49811434780592756,0.05054267418595552,3,0.49811434780592756,0.05054267418595552,3,0.650260629669919,0.22632059999047383,3,0.24361300595085866,0.1541770831671499,3,0.3533824496831181,0.06413151207296888,3,4.861,0.2069265811827958,3,3,3,0,1.0,True,2.0,
bank-marketing,geometric_attention_ssl,50,0.8830034280659073,0.0,3,0.5,0.0,3,0.4689335212591026,0.0,3,0.4689335212591026,0.0,3,0.540613524334182,0.015062858693596996,3,0.13172142097874553,0.0061944593403289085,3,0.38336899356088855,0.007383431245532456,3,8.0834,0.1466611400473904,3,3,3,0,1.0,True,3.0,
bank-marketing,unlabeled_attention_ssl,100,0.8653839065206975,0.024993011069559132,3,0.6049518848155352,0.09098047452403667,3,0.5943751249310388,0.1100803854976469,3,0.5943751249310388,0.1100803854976469,3,0.781485449048093,0.04407037109372977,3,0.3562225911516494,0.02301999650741957,3,0.40757482134308826,0.1655920518732427,3,4.997966666666667,0.20387178160141106,3,3,3,0,1.0,True,1.0,
bank-marketing,embedding_alignment_ssl,100,0.875557521471488,0.012896688529946342,3,0.5507200607313887,0.08784972214974428,3,0.53110451688751,0.1076833231855442,3,0.53110451688751,0.1076833231855442,3,0.7186033279948738,0.1031494494336351,3,0.2876639729813037,0.08055373791936458,3,0.4197392606353208,0.12441772115148443,3,3.8821333333333334,0.0696132410776378,3,3,3,0,1.0,True,2.0,
bank-marketing,geometric_attention_ssl,100,0.8830034280659073,0.0,3,0.5,0.0,3,0.4689335212591026,0.0,3,0.4689335212591026,0.0,3,0.6781138153256006,0.08467062423479729,3,0.22941347528525946,0.07046936361939968,3,0.34817486809005666,0.008934919354778924,3,9.4252,0.31628615208383704,3,3,3,0,1.0,True,3.0,
bank-marketing,unlabeled_attention_ssl,250,0.8753363559290795,0.0068179756543848,3,0.6358690818757129,0.12293673840538683,3,0.6203957645775375,0.13259355948332133,3,0.6203957645775375,0.13259355948332133,3,0.8028091621064859,0.02472319710504747,3,0.3987075661641639,0.06636827399377963,3,0.37695736745704655,0.06445779136442668,3,5.497233333333334,0.48485212522307614,3,3,3,0,1.0,True,1.0,
bank-marketing,embedding_alignment_ssl,250,0.883224593608316,0.00038306995633500727,3,0.5528750149441356,0.09158221233420648,3,0.5390481681865772,0.12144213083313896,3,0.5390481681865772,0.12144213083313896,3,0.7376458656136525,0.12209064863879307,3,0.30895554439344897,0.10510188295809404,3,0.42234940396217696,0.13368430806447448,3,3.919366666666667,0.15066188414238463,3,3,3,0,1.0,True,2.0,
bank-marketing,geometric_attention_ssl,250,0.8841829776254193,0.002043039767120167,3,0.519116676313772,0.03311105464730164,3,0.5038266026844153,0.06043658986127948,3,0.5038266026844153,0.06043658986127948,3,0.8346439586827695,0.032600809089647104,3,0.40873147155113965,0.03765816630232875,3,0.2940556153067198,0.020849906032859685,3,11.545,0.32294459277095844,3,3,3,0,1.0,True,3.0,
bank-marketing,unlabeled_attention_ssl,500,0.8793173356924324,0.0015690808104827135,3,0.670921099304422,0.008475781439009593,3,0.6841597761635141,0.0048009652303129475,3,0.6841597761635141,0.0048009652303129475,3,0.8027748547114371,0.02035047271470094,3,0.41938232751558235,0.013549248551312313,3,0.6531883648036979,0.08139287828949321,3,6.975933333333333,0.11172131995878537,3,3,3,0,1.0,True,1.0,
bank-marketing,geometric_attention_ssl,500,0.8890486195584062,0.002877986110205777,3,0.5873307662958154,0.03625333504134764,3,0.611813418038953,0.044643930120200834,3,0.611813418038953,0.044643930120200834,3,0.8694473806629396,0.01891629125735676,3,0.45491451287083157,0.01611229187833178,3,0.2611285224582888,0.008144491532911316,3,14.275233333333333,0.5820230780075075,3,3,3,0,1.0,True,2.0,
bank-marketing,embedding_alignment_ssl,500,0.883630063769398,0.0010853648762825768,3,0.5536512419513747,0.09292667694895168,3,0.540011284140912,0.12311029659962734,3,0.540011284140912,0.12311029659962734,3,0.7277668549134542,0.1379591928634664,3,0.31253685044941854,0.11296047646957669,3,0.42167413602326076,0.12776023447803206,3,3.8145000000000002,0.05804937553497007,3,3,3,0,1.0,True,3.0,
electricity,unlabeled_attention_ssl,50,0.664680569347898,0.020491243831488457,3,0.6597864089474829,0.014216486838207653,3,0.6562292025666786,0.012972085244757188,3,0.6562292025666786,0.012972085244757188,3,0.7333511566733043,0.016786232466429477,3,0.6824954392672508,0.03611935495395314,3,0.6377609701199662,0.03841905912301573,3,4.534199999999999,0.1917725997112205,3,3,3,0,1.0,True,1.0,
electricity,geometric_attention_ssl,50,0.607635440803266,0.03827084521371262,3,0.5531213518629626,0.07023364482801893,3,0.4744223049807417,0.1408097604196047,3,0.4744223049807417,0.1408097604196047,3,0.6992334136629438,0.008233096926382513,3,0.6416201038518498,0.0007398574038436768,3,0.6592786165687651,0.014998793797338488,3,9.4313,0.841208630483544,3,3,3,0,1.0,True,2.0,
electricity,embedding_alignment_ssl,50,0.5770348302622383,0.002822458353444395,3,0.5305732155564371,0.034697243538211776,3,0.46972880236219633,0.08829837409987056,3,0.46972880236219633,0.08829837409987056,3,0.6036926455550616,0.013319972737708428,3,0.5096280705461133,0.0036269303589485605,3,0.6836389898586294,0.00889344979952262,3,3.4489,0.24781361948044725,3,3,3,0,1.0,True,3.0,
electricity,unlabeled_attention_ssl,100,0.6779947772996433,0.08902403693590498,3,0.644822585510505,0.1255653115900035,3,0.6013193264356592,0.20453492613667243,3,0.6013193264356592,0.20453492613667243,3,0.7207599885452235,0.10793407695196269,3,0.6715854973593078,0.1341517215393338,3,0.7147553929095919,0.04638354436429268,3,4.6325,0.14112515721869037,3,3,3,0,1.0,True,1.0,
electricity,geometric_attention_ssl,100,0.6653058222075104,0.05921319337498439,3,0.6292666717163361,0.08848369218805566,3,0.5981301380618017,0.14656443117790466,3,0.5981301380618017,0.14656443117790466,3,0.7422342893819404,0.03740135366808093,3,0.6901184470251348,0.05267811071095838,3,0.6050979241182114,0.059344755604448095,3,10.240033333333335,0.17044548493091088,3,3,3,0,1.0,True,2.0,
electricity,embedding_alignment_ssl,100,0.5964912280701754,0.039332472151332835,3,0.5552453358661412,0.09708727285161621,3,0.4592274407369299,0.15672050550048053,3,0.4592274407369299,0.15672050550048053,3,0.5939277641458849,0.21152362315492654,3,0.5343779430314216,0.18738425410877244,3,0.6659427975554155,0.03797190890503134,3,3.257633333333333,0.20772819580724552,3,3,3,0,1.0,True,3.0,
electricity,unlabeled_attention_ssl,250,0.7440141233587113,0.00823410932662727,3,0.7205931002910869,0.01460305290958228,3,0.7242820338396978,0.0153736566930053,3,0.7242820338396978,0.0153736566930053,3,0.8025393442339751,0.015163148892903289,3,0.7669281228260187,0.013212021035176266,3,0.5755337880580202,0.024014323861456785,3,5.6875,0.15416303058775144,3,3,3,0,1.0,True,1.0,
electricity,geometric_attention_ssl,250,0.7145536797969768,0.030131770505177922,3,0.6941537119389469,0.02583593544913757,3,0.6966499532460319,0.026442848627566178,3,0.6966499532460319,0.026442848627566178,3,0.7801162619954566,0.033608830666887295,3,0.7424043255431623,0.041162275778189594,3,0.5639549504380211,0.025684127918569215,3,11.673233333333334,0.5875263767128529,3,3,3,0,1.0,True,2.0,
electricity,embedding_alignment_ssl,250,0.5976681746294458,0.0385409812269363,3,0.5554278714513613,0.09600388950915437,3,0.4571335103294312,0.15915169997635986,3,0.4571335103294312,0.15915169997635986,3,0.609515778223832,0.22034191161750422,3,0.5500568988478275,0.19296019135664128,3,0.6637065750178466,0.038381519289118815,3,3.319733333333333,0.1697257886513812,3,3,3,0,1.0,True,3.0,
electricity,geometric_attention_ssl,500,0.7538710507926,0.007936978820126202,3,0.7394216567035358,0.010771349602828918,3,0.7422186915445611,0.010056131552495356,3,0.7422186915445611,0.010056131552495356,3,0.8183107078241306,0.005117677021669235,3,0.7848736515468699,0.01023274644917359,3,0.5167066276093587,0.011258591224272073,3,14.691933333333333,0.8036321878405163,3,3,3,0,1.0,True,1.0,
electricity,unlabeled_attention_ssl,500,0.7335319430652102,0.009561346830360805,3,0.7264372538701398,0.005958890662886323,3,0.7265553368887159,0.0072971325849944,3,0.7265553368887159,0.0072971325849944,3,0.8066188625752383,0.008368778247792344,3,0.7688632418802399,0.011816330010745365,3,0.625828967980787,0.027786364721933406,3,6.623366666666667,0.04802294590436229,3,3,3,0,1.0,True,2.0,
electricity,embedding_alignment_ssl,500,0.5951671631909964,0.037499591107496566,3,0.5525166788589607,0.09355911461506852,3,0.4561661747326225,0.15714319775102947,3,0.4561661747326225,0.15714319775102947,3,0.5726972012206911,0.20312442599793723,3,0.5155798851541533,0.18523276142055686,3,0.6692967311854737,0.036790682951083266,3,3.311,0.2745744161425096,3,3,3,0,1.0,True,3.0,
phoneme,unlabeled_attention_ssl,50,0.7637989515880358,0.027353494953617098,3,0.6984704719749395,0.08396354265366442,3,0.6969828301689741,0.06882470971941587,3,0.6969828301689741,0.06882470971941587,3,0.814452684140695,0.014672908252127819,3,0.5790210525172187,0.015754623104270272,3,0.4809858452975324,0.01067790370633968,3,4.9492,2.8430111906216617,3,3,3,0,1.0,True,1.0,
phoneme,embedding_alignment_ssl,50,0.7360468701819304,0.0383913080517293,3,0.6723771064902747,0.05540538498738772,3,0.6705457329182618,0.05216054723589536,3,0.6705457329182618,0.05216054723589536,3,0.7940869627451952,0.01965969962531625,3,0.5671549275167801,0.03130058100157684,3,0.5206779617840215,0.05675682214649825,3,3.3359666666666663,0.019289980127862674,3,3,3,0,1.0,True,2.0,
phoneme,geometric_attention_ssl,50,0.7126117792167745,0.010958591208089324,3,0.5121427706299789,0.02079989899901215,3,0.44037528345742377,0.04319497151898685,3,0.44037528345742377,0.04319497151898685,3,0.7953972396099999,0.004946822602505328,3,0.5811113551171497,0.03773096796513062,3,0.5652194593163625,0.0736614621495272,3,4.627133333333333,0.1876395036588334,3,3,3,0,1.0,True,3.0,
phoneme,unlabeled_attention_ssl,100,0.7733580018501387,0.021871582641141352,3,0.7439922704675707,0.04885169992634405,3,0.7329544779087683,0.03358289022236448,3,0.7329544779087683,0.03358289022236448,3,0.8179430855368556,0.018219206220231397,3,0.6109740568977998,0.016001805216671775,3,0.5108739437903714,0.08035946597626398,3,4.951366666666666,2.9026711186996943,3,3,3,0,1.0,True,1.0,
phoneme,geometric_attention_ssl,100,0.7711995066296639,0.0291995821181871,3,0.6923244201474336,0.10096986089437635,3,0.687930846505097,0.09833622564437823,3,0.687930846505097,0.09833622564437823,3,0.8127831822110646,0.014628287506200092,3,0.5987273750738811,0.014207258508274425,3,0.4715677791205078,0.017013584074244893,3,5.6251,0.10283671523342232,3,3,3,0,1.0,True,2.0,
phoneme,embedding_alignment_ssl,100,0.7446808510638299,0.010425002469551034,3,0.6551067765537516,0.029066043348722096,3,0.6640108925972582,0.02702770259294025,3,0.6640108925972582,0.02702770259294025,3,0.8037158460920167,0.010711092129557745,3,0.5722452939946393,0.007079094707070893,3,0.4799644851014961,0.016023150275737735,3,3.2101666666666664,0.3089155601994394,3,3,3,0,1.0,True,3.0,
phoneme,unlabeled_attention_ssl,250,0.7897008942337341,0.005260167162883791,3,0.7657054299414779,0.006853183239914831,3,0.7552467595883768,0.001706441924034817,3,0.7552467595883768,0.001706441924034817,3,0.836070876068729,0.015454813019100974,3,0.6203116845704949,0.05250537112767396,3,0.4559589233804478,0.009390495904099582,3,4.058533333333333,0.8486781506161998,3,3,3,0,1.0,True,1.0,
phoneme,geometric_attention_ssl,250,0.7789084181313598,0.0115910861111394,3,0.7310002972897088,0.017677597778496444,3,0.7319445229632309,0.01567072062399119,3,0.7319445229632309,0.01567072062399119,3,0.8213977020606581,0.024012188806364004,3,0.6004144715520502,0.039147556454212265,3,0.4557985469488473,0.021991766842830898,3,7.858933333333334,0.9095393577703683,3,3,3,0,1.0,True,2.0,
phoneme,embedding_alignment_ssl,250,0.7434474252235584,0.0026704452783978946,3,0.6317784806293734,0.004620523922553917,3,0.6424585811976845,0.004833529333688641,3,0.6424585811976845,0.004833529333688641,3,0.8045320164500306,0.01347598035193442,3,0.57941990872895,0.02704360810406305,3,0.4831685829431227,0.015442486293941791,3,3.404533333333333,0.0014011899704655776,3,3,3,0,1.0,True,3.0,
phoneme,unlabeled_attention_ssl,500,0.799568300955905,0.016164467988999245,3,0.7748395186108863,0.021798133204732353,3,0.7653412249091147,0.01637892527286804,3,0.7653412249091147,0.01637892527286804,3,0.8666710709586493,0.015748761942092418,3,0.6892300658755524,0.024268863854469896,3,0.431536972930775,0.01883741005026688,3,4.677966666666666,0.676953893063134,3,3,3,0,1.0,True,1.0,
phoneme,geometric_attention_ssl,500,0.786308973172988,0.018056633946293386,3,0.7254694699985135,0.03229659527133475,3,0.7323357977652822,0.02910137829312319,3,0.7323357977652822,0.02910137829312319,3,0.8522332513033953,0.01073379435228017,3,0.6614139859990943,0.046876494343250585,3,0.431184529576966,0.016643999980942827,3,10.727233333333333,0.5893393278352745,3,3,3,0,1.0,True,2.0,
phoneme,embedding_alignment_ssl,500,0.7446808510638298,0.005550416281221104,3,0.6304977951013262,0.017080531909958417,3,0.639974227954188,0.01855740549920522,3,0.639974227954188,0.01855740549920522,3,0.8069846565478058,0.012084209269322091,3,0.588317440623892,0.01764491579174192,3,0.4829578089933791,0.018099622277878816,3,3.3894333333333333,0.06270999388720526,3,3,3,0,1.0,True,3.0,
satimage,embedding_alignment_ssl,50,0.7594608605495076,0.03811322204808975,3,0.6664463295561038,0.04728889548116434,3,0.6244793034895316,0.06700019585386577,3,0.6244793034895316,0.06700019585386577,3,0.9492728300134058,0.009584879367161117,3,,,0,0.759991158632099,0.05228678240110773,3,3.562,0.27497207130906953,3,3,3,0,1.0,True,1.0,
satimage,unlabeled_attention_ssl,50,0.71850699844479,0.05724250185934598,3,0.5777354091279882,0.08721712945342759,3,0.5099663665340056,0.1007264348619618,3,0.5099663665340056,0.1007264348619618,3,0.9283521026469623,0.01581799468544311,3,,,0,1.3471250237319055,0.02608273741783136,3,3.3267333333333333,0.13119681144499434,3,3,3,0,1.0,True,2.0,
satimage,geometric_attention_ssl,50,0.6324520476931053,0.08734249804809043,3,0.5406836898313698,0.06802396486640641,3,0.47480552940426857,0.08027130367914946,3,0.47480552940426857,0.08027130367914946,3,0.9057205147658935,0.024037140822490106,3,,,0,1.4112196234799061,0.04849686682547366,3,5.624466666666667,0.7869001037827694,3,3,3,0,1.0,True,3.0,
satimage,unlabeled_attention_ssl,100,0.7858994297563505,0.021526225709688505,3,0.6845346567572622,0.038753398604122476,3,0.6502584603579872,0.04573244540317187,3,0.6502584603579872,0.04573244540317187,3,0.939974556758944,0.00997285248231637,3,,,0,0.8126196334779715,0.07454094217178453,3,3.3982666666666668,0.3672076569644665,3,3,3,0,1.0,True,1.0,
satimage,embedding_alignment_ssl,100,0.7558320373250389,0.017578000863852764,3,0.6640714050096513,0.025410857857190276,3,0.626789099109653,0.030389074547998392,3,0.626789099109653,0.030389074547998392,3,0.9543070231857045,0.0031184858849417256,3,,,0,0.7330505896860685,0.03736638135444297,3,3.5013666666666663,0.2895959656717155,3,3,3,0,1.0,True,2.0,
satimage,geometric_attention_ssl,100,0.6868843960601348,0.05616727104523313,3,0.5859187856407164,0.04596940387867049,3,0.5302674135562603,0.05129674587314843,3,0.5302674135562603,0.05129674587314843,3,0.9148450268545222,0.029087380761435837,3,,,0,0.9475355037627589,0.05878442961917445,3,6.077466666666666,0.715160823405011,3,3,3,0,1.0,True,3.0,
satimage,unlabeled_attention_ssl,250,0.8128564022809747,0.02557047683802703,3,0.750124335316666,0.024451311598515435,3,0.7398623800425607,0.03114159045135002,3,0.7398623800425607,0.03114159045135002,3,0.9491465136753369,0.010773997984154479,3,,,0,0.5879659011163817,0.0841142073466627,3,3.950066666666667,0.07321648266157937,3,3,3,0,1.0,True,1.0,
satimage,geometric_attention_ssl,250,0.8089683773976154,0.01508500210155669,3,0.7201577573139839,0.02927303695403525,3,0.7020646501806308,0.0370092140700221,3,0.7020646501806308,0.0370092140700221,3,0.9563471877573808,0.0029609314024631886,3,,,0,0.5368108753610871,0.031225183244018347,3,7.9876000000000005,0.08811293889094872,3,3,3,0,1.0,True,2.0,
satimage,embedding_alignment_ssl,250,0.7669777086573354,0.00448950442604687,3,0.6808362949130058,0.004028604377954967,3,0.6453987975984364,0.0024250316849824824,3,0.6453987975984364,0.0024250316849824824,3,0.955027638611968,0.002832049134082682,3,,,0,0.729427872351188,0.036855860082977615,3,3.5899666666666668,0.2880896793245695,3,3,3,0,1.0,True,3.0,
satimage,unlabeled_attention_ssl,500,0.8434421980300675,0.003506415048851391,3,0.8089412016725411,0.011028578156094395,3,0.8112414855297981,0.007570887253235836,3,0.8112414855297981,0.007570887253235836,3,0.9613479116814085,0.0034368523099138283,3,,,0,0.5645335190358507,0.03344451430562059,3,4.438933333333334,0.38468014418908225,3,3,3,0,1.0,True,1.0,
satimage,geometric_attention_ssl,500,0.8240020736132712,0.00921169292064113,3,0.7584784866943547,0.016543370635904026,3,0.7532911308736424,0.016722217977988528,3,0.7532911308736424,0.016722217977988528,3,0.9659909862658114,0.00353401415699097,3,,,0,0.46375554535336283,0.04191195061964678,3,10.228666666666667,0.9886694155951905,3,3,3,0,1.0,True,2.0,
satimage,embedding_alignment_ssl,500,0.7573872472783826,0.012729942102445452,3,0.6679852005240005,0.016302193320276916,3,0.631283514730621,0.016264980581163116,3,0.631283514730621,0.016264980581163116,3,0.9549703829261565,0.003087726130093997,3,,,0,0.7283639141796816,0.03169097841492621,3,3.6048333333333336,0.21776736057851592,3,3,3,0,1.0,True,3.0,
segment,unlabeled_attention_ssl,50,0.6435786435786436,0.019400187099204554,3,0.6435786435786436,0.019400187099204633,3,0.5837449342928213,0.03145216325648355,3,0.5837449342928213,0.03145216325648355,3,0.9215969215969216,0.0313032029521212,3,,,0,1.598109217578987,0.033403839383656694,3,3.587066666666667,0.12534661277167913,3,3,3,0,1.0,True,1.0,
segment,embedding_alignment_ssl,50,0.6240981240981242,0.04022326079297644,3,0.6240981240981242,0.04022326079297644,3,0.558114801750575,0.05800128010465574,3,0.558114801750575,0.05800128010465574,3,0.9284110950777618,0.012806984621957758,3,,,0,1.2431405670064255,0.07741105984656879,3,3.333,0.0437125840004913,3,3,3,0,1.0,True,2.0,
segment,geometric_attention_ssl,50,0.5086580086580086,0.12912847392445595,3,0.5086580086580086,0.12912847392445584,3,0.43143486108038753,0.11980413439087195,3,0.43143486108038753,0.11980413439087195,3,0.8561517046365531,0.034754504976318566,3,,,0,1.7420847121324627,0.0071648261712688194,3,4.669766666666667,0.5182309362951361,3,3,3,0,1.0,True,3.0,
segment,unlabeled_attention_ssl,100,0.7041847041847041,0.08914841426307916,3,0.7041847041847041,0.08914841426307915,3,0.6672774646120881,0.11026043908427517,3,0.6672774646120881,0.11026043908427517,3,0.9623853979914586,0.007780378184622308,3,,,0,1.0928739392100149,0.09489284821710023,3,3.6206,0.17302401567412534,3,3,3,0,1.0,True,1.0,
segment,embedding_alignment_ssl,100,0.6551226551226551,0.057931610869107746,3,0.6551226551226551,0.057931610869107746,3,0.5891125096463488,0.06250782783866894,3,0.5891125096463488,0.06250782783866894,3,0.9435115950267464,0.01655040779085735,3,,,0,1.1917913748891362,0.08378969461256361,3,3.4118,0.025646637206464307,3,3,3,0,1.0,True,2.0,
segment,geometric_attention_ssl,100,0.5165945165945166,0.07127536150802213,3,0.5165945165945166,0.07127536150802212,3,0.4012611611366268,0.06916800741922231,3,0.4012611611366268,0.06916800741922231,3,0.8987129593190198,0.02077459903499965,3,,,0,1.3078124772891162,0.04738870309063591,3,6.138533333333334,0.48016220523207903,3,3,3,0,1.0,True,3.0,
segment,unlabeled_attention_ssl,250,0.8759018759018758,0.0033063316702423027,3,0.8759018759018758,0.0033063316702423456,3,0.8752033837529929,0.002880446270722782,3,0.8752033837529929,0.002880446270722782,3,0.9786920430859825,0.0007842079515057809,3,,,0,0.4159846780648692,0.03333781367990221,3,3.395,0.07294134629961237,3,3,3,0,1.0,True,1.0,
segment,geometric_attention_ssl,250,0.7792207792207791,0.03576344511224749,3,0.7792207792207791,0.03576344511224741,3,0.7394999537171875,0.049409122435880005,3,0.7394999537171875,0.049409122435880005,3,0.9593773230136865,0.0063542355773808686,3,,,0,0.6848448957056558,0.05653088348461185,3,7.7209,0.8670452583343041,3,3,3,0,1.0,True,2.0,
segment,embedding_alignment_ssl,250,0.6825396825396824,0.05343003919646068,3,0.6825396825396827,0.053430039196460666,3,0.6246810730471049,0.04745582501633009,3,0.6246810730471049,0.04745582501633009,3,0.9548825192764587,0.01323298064720947,3,,,0,1.1344051252228493,0.07951491664780545,3,3.1412333333333335,0.3673560443674956,3,3,3,0,1.0,True,3.0,
segment,unlabeled_attention_ssl,500,0.924963924963925,0.01762884808495035,3,0.924963924963925,0.01762884808495035,3,0.9248827271475314,0.017363963085781677,3,0.9248827271475314,0.017363963085781677,3,0.986797994373752,0.00773463863383073,3,,,0,0.30373549399674576,0.08448382054004909,3,4.4261,0.11167470617825712,3,3,3,0,1.0,True,1.0,
segment,geometric_attention_ssl,500,0.8809523809523809,0.011453468879067508,3,0.880952380952381,0.011453468879067476,3,0.8747045774904946,0.01714855123112957,3,0.8747045774904946,0.01714855123112957,3,0.9851673298642996,0.0037003447624490296,3,,,0,0.3435647905127633,0.03264843529533849,3,11.394366666666665,1.0926665197274659,3,3,3,0,1.0,True,2.0,
segment,embedding_alignment_ssl,500,0.7034632034632035,0.007804223539965331,3,0.7034632034632035,0.0078042235399652885,3,0.6488641772743737,0.03353413016056294,3,0.6488641772743737,0.03353413016056294,3,0.9576245864124653,0.007485993204485624,3,,,0,1.1296465345347926,0.07732841518860306,3,3.3986666666666667,0.03957705564254777,3,3,3,0,1.0,True,3.0,
spambase,unlabeled_attention_ssl,50,0.8534201954397395,0.024544309566682562,3,0.8461397948201467,0.035091495850954633,3,0.8458037985515423,0.02910665881154201,3,0.8458037985515423,0.02910665881154201,3,0.9166938199196264,0.02169632917140869,3,0.876055284551429,0.0430674982571196,3,0.36974277185988447,0.045763568749491015,3,3.249633333333333,0.40707744144490915,3,3,3,0,1.0,True,1.0,
spambase,embedding_alignment_ssl,50,0.8461816865725661,0.03324201955325371,3,0.8169006783376286,0.04101204473524982,3,0.8290801679949839,0.03960528393967565,3,0.8290801679949839,0.03960528393967565,3,0.9189253236174059,0.020024688447388223,3,0.8825524563858308,0.018354604542154106,3,0.4155643143182191,0.022953906238989113,3,3.453466666666667,0.03473216568734699,3,3,3,0,1.0,True,2.0,
spambase,geometric_attention_ssl,50,0.7267462902642056,0.0759215722197744,3,0.6607324466562003,0.10223114160314195,3,0.6413346594482766,0.1497208307615704,3,0.6413346594482766,0.1497208307615704,3,0.892338997666466,0.018417549370878278,3,0.8450861451130921,0.0096910321123604,3,0.553095707193695,0.022842897312615486,3,5.012066666666667,0.15331067586222874,3,3,3,0,1.0,True,3.0,
spambase,unlabeled_attention_ssl,100,0.8646398841838581,0.010983706771982174,3,0.8650261164923921,0.013922828471969063,3,0.8598393800833241,0.011461693468449514,3,0.8598393800833241,0.011461693468449514,3,0.9305798289180497,0.015211118611257636,3,0.8868482283924942,0.016681828109747766,3,0.5449621486437267,0.05457789894207314,3,3.5768,0.12021634664220997,3,3,3,0,1.0,True,1.0,
spambase,geometric_attention_ssl,100,0.8606587043069128,0.01906560577787319,3,0.8646286916081638,0.015448848911180776,3,0.8568329885369117,0.01861013759753647,3,0.8568329885369117,0.01861013759753647,3,0.926552919221541,0.00672990100505349,3,0.8739592155895655,0.0108994915278355,3,0.36629683443056504,0.028162684759909237,3,5.8765,0.4722624588086587,3,3,3,0,1.0,True,2.0,
spambase,embedding_alignment_ssl,100,0.8689829895041621,0.018308562967704223,3,0.8540093012233774,0.03359906969562616,3,0.8590322399587089,0.02532320436873783,3,0.8590322399587089,0.02532320436873783,3,0.9335140258893925,0.0030447807449194304,3,0.8916053457224321,0.013051740909804146,3,0.38336578062044263,0.025997497268536583,3,3.4704,0.03677594322379802,3,3,3,0,1.0,True,3.0,
spambase,unlabeled_attention_ssl,250,0.8939558450959102,0.008003381971587403,3,0.8951563533674971,0.006935591257106567,3,0.8902345642697886,0.0078079698599804,3,0.8902345642697886,0.0078079698599804,3,0.9422738298593627,0.008214592328794987,3,0.9178220894756667,0.015022688581013806,3,0.5319797812839387,0.055046596864840404,3,3.9317333333333333,0.05335881682846192,3,3,3,0,1.0,True,1.0,
spambase,geometric_attention_ssl,250,0.8946796959826275,0.005428881650380024,3,0.8944701166108792,0.0028805927204354972,3,0.890723032177812,0.005071015215451487,3,0.890723032177812,0.005071015215451487,3,0.9437713729013826,0.007002562773462165,3,0.9000133427117033,0.016243139897039575,3,0.3143381811205544,0.035232465638690647,3,7.397366666666667,0.5850578205043782,3,3,3,0,1.0,True,2.0,
spambase,embedding_alignment_ssl,250,0.8874411871154542,0.020089307399750803,3,0.8764625729435114,0.034229411637048165,3,0.8797302437261078,0.025500629965969135,3,0.8797302437261078,0.025500629965969135,3,0.9432414730557448,0.011131915613612276,3,0.9032614572255072,0.01799241274510734,3,0.3560390074472135,0.04807091815261753,3,3.3343000000000003,0.0675629336248805,3,3,3,0,1.0,True,3.0,
spambase,geometric_attention_ssl,500,0.9153094462540716,0.003914822231774149,3,0.9140624228600768,0.004740728310276845,3,0.9117920588667956,0.004069008162499686,3,0.9117920588667956,0.004069008162499686,3,0.9581362665429136,0.006332580409045954,3,0.9140369346291735,0.022280833959136784,3,0.26373816288850466,0.012195892078768096,3,10.203233333333333,1.0322375372622978,3,3,3,0,1.0,True,1.0,
spambase,unlabeled_attention_ssl,500,0.9004705030763662,0.010712014901881105,3,0.898125931850272,0.012237087716406444,3,0.8962490461935976,0.011321470488537395,3,0.8962490461935976,0.011321470488537395,3,0.9533819787974237,0.01011109654550262,3,0.9312133898619507,0.021022469899601746,3,0.4918672151735064,0.11319287923439784,3,4.183233333333334,0.3436092887762687,3,3,3,0,1.0,True,2.0,
spambase,embedding_alignment_ssl,500,0.8827361563517915,0.015771812211003128,3,0.8674452244833476,0.02422220036610442,3,0.8740636341909026,0.019428345500196155,3,0.8740636341909026,0.019428345500196155,3,0.9443967205453031,0.011197839464580854,3,0.9030037192752488,0.022861914481338463,3,0.3490919309473484,0.0446762137252031,3,3.3461,0.0034394767043840185,3,3,3,0,1.0,True,3.0,
steel-plates-fault,embedding_alignment_ssl,50,0.5038560411311054,0.0378686885929466,3,0.34550463247727237,0.048404066389350894,3,0.3339128103035507,0.057115634302127335,3,0.3339128103035507,0.057115634302127335,3,0.8369578756399307,0.025692139928316496,3,,,0,1.3964648236244326,0.14156515942844716,3,3.384066666666667,0.11557726131611412,3,3,3,0,1.0,True,1.0,
steel-plates-fault,unlabeled_attention_ssl,50,0.5347043701799485,0.02104203797396515,3,0.30044032207774896,0.03871092079460422,3,0.2746992518457121,0.06244573991830922,3,0.2746992518457121,0.06244573991830922,3,0.8532105786069121,0.011309128126901382,3,,,0,1.4986895922985728,0.07510194683448942,3,3.3099666666666665,0.1609747288655376,3,3,3,0,1.0,True,2.0,
steel-plates-fault,geometric_attention_ssl,50,0.49271636675235647,0.02186349755299583,3,0.2525256636367747,0.012032577217539659,3,0.20209422698033286,0.016984555973674178,3,0.20209422698033286,0.016984555973674178,3,0.7601082869198145,0.018724819773361098,3,,,0,1.6200367789878733,0.034034184774051957,3,5.1742,0.46211447715906956,3,3,3,0,1.0,True,3.0,
steel-plates-fault,embedding_alignment_ssl,100,0.5329905741216795,0.037459285337436796,3,0.3663249070308385,0.06069184549531759,3,0.34843956777930823,0.06972763483947655,3,0.34843956777930823,0.06972763483947655,3,0.8645091862784963,0.019813507439232242,3,,,0,1.3291139777652996,0.05609302777737232,3,3.325466666666667,0.11565903913371142,3,3,3,0,1.0,True,1.0,
steel-plates-fault,unlabeled_attention_ssl,100,0.5149957155098543,0.03214224393061018,3,0.288206032650477,0.024117514326727263,3,0.25528141831817375,0.020436802549156242,3,0.25528141831817375,0.020436802549156242,3,0.8537409228349676,0.015656453633194244,3,,,0,1.2892475625005946,0.03717812619134275,3,3.655466666666667,0.8562795824573496,3,3,3,0,1.0,True,2.0,
steel-plates-fault,geometric_attention_ssl,100,0.4815766923736075,0.010389336463566518,3,0.2564392938661944,0.011082601648666165,3,0.2009094328439569,0.010578373291446303,3,0.2009094328439569,0.010578373291446303,3,0.8159759463604158,0.023074877354650192,3,,,0,1.398184315161882,0.0530255753320119,3,5.913866666666666,0.7067129143671663,3,3,3,0,1.0,True,3.0,
steel-plates-fault,unlabeled_attention_ssl,250,0.5775492716366752,0.03490216256112481,3,0.4433977058246064,0.08161819320033946,3,0.4463573087674395,0.09295442271937739,3,0.4463573087674395,0.09295442271937739,3,0.8702160639574461,0.015830358694036584,3,,,0,1.106793256492204,0.11091758846012703,3,3.8329,0.22913018133803334,3,3,3,0,1.0,True,1.0,
steel-plates-fault,geometric_attention_ssl,250,0.5364181662382177,0.03763528921336372,3,0.3079726857504635,0.05243211130998994,3,0.282777937491302,0.06552010028954694,3,0.282777937491302,0.06552010028954694,3,0.8501896668203986,0.034133827424900516,3,,,0,1.2066691645679917,0.08448266388121504,3,7.333266666666667,0.08391640681853153,3,3,3,0,1.0,True,2.0,
steel-plates-fault,embedding_alignment_ssl,250,0.5115681233933161,0.03707507738266317,3,0.27802650024872244,0.03044520935306738,3,0.23958655839252566,0.03374734086977453,3,0.23958655839252566,0.03374734086977453,3,0.854671294085681,0.019517168696003135,3,,,0,1.28524701531613,0.05079301919963198,3,3.4774999999999996,0.10106943158047348,3,3,3,0,1.0,True,3.0,
steel-plates-fault,unlabeled_attention_ssl,500,0.6829477292202228,0.028199627543966318,3,0.6865391081504281,0.03666209028037246,3,0.6901030439481758,0.035407437212605426,3,0.6901030439481758,0.035407437212605426,3,0.9174326347164324,0.014510592529767047,3,,,0,0.9762780513355223,0.16986976894139605,3,4.0202333333333335,0.19289267309396008,3,3,3,0,1.0,True,1.0,
steel-plates-fault,geometric_attention_ssl,500,0.6503856041131105,0.020077762662999134,3,0.515684627302213,0.06050217177082181,3,0.5073008031159753,0.07987062476474373,3,0.5073008031159753,0.07987062476474373,3,0.8996188591070556,0.006208626672506127,3,,,0,0.9315589016231915,0.03656828828948983,3,9.8019,0.5204765796844267,3,3,3,0,1.0,True,2.0,
steel-plates-fault,embedding_alignment_ssl,500,0.491859468723222,0.018055961872926726,3,0.261895717451273,0.015598362994066075,3,0.21866018292437425,0.01711167406049548,3,0.21866018292437425,0.01711167406049548,3,0.8540428518133149,0.011785019438887814,3,,,0,1.2480014375120971,0.0509378113110413,3,3.458133333333333,0.07225305068530558,3,3,3,0,1.0,True,3.0,
